id,name,gender,age,age_group,country_id,created_at
019dd4d5-4d42-0000-0000-3d4bdce41ba2,damilare,male,41,adult,NG,2026-04-28T16:04:01.987508Z
019ddb5b-d67c-0000-0000-dcda1185b041,hassan girma,male,37,adult,UG,2026-04-29T22:28:42.236175Z
019ddb5b-d7ae-0000-0000-b5c1738886b3,nabil saidi,male,80,senior,SD,2026-04-29T22:28:42.542303Z
019ddb5b-dce2-0000-0000-a27f81ab3549,john adams,male,37,adult,GB,2026-04-29T22:28:43.874259Z
019ddb5b-e347-0000-0000-bb10e18de13d,odhiambo kamau,male,64,senior,MZ,2026-04-29T22:28:45.511184Z
019ddb5b-e5ae-0000-0000-a41b1bdb2c2e,paul sidibé,male,40,adult,ML,2026-04-29T22:28:46.126790Z
019ddb5b-e8e1-0000-0000-48c63671314b,tafadzwa cele,male,37,adult,ZA,2026-04-29T22:28:46.945733Z
019ddb5b-ea16-0000-0000-086697f459e7,tanaka khumalo,male,24,adult,ZA,2026-04-29T22:28:47.254219Z
019ddb5b-ec14-0000-0000-00ecdee0ec7f,tendai mwangi,male,6,child,TZ,2026-04-29T22:28:47.765090Z
019ddb5b-efae-0000-0000-7fef42d155b0,kevin king,male,35,adult,FR,2026-04-29T22:28:48.686859Z
019ddb5b-f1ae-0000-0000-62c00f139dd6,tadesse achieng,male,34,adult,UG,2026-04-29T22:28:49.199040Z
019ddb5b-f5ae-0000-0000-bc3d10eeb450,kagiso mohamed,male,7,child,ER,2026-04-29T22:28:50.222955Z
019ddb5b-f8be-0000-0000-0323e8cc9668,fortuné mboumba,male,17,teenager,GA,2026-04-29T22:28:51.006159Z
019ddb5c-0100-0000-0000-803b1086471e,bayo ouédraogo,male,27,adult,NG,2026-04-29T22:28:53.120181Z
019ddb5c-0215-0000-0000-b7b16f3725ac,joseph scott,male,83,senior,GB,2026-04-29T22:28:53.397346Z
019ddb5c-0415-0000-0000-ac4976503392,sipho mnguni,male,60,senior,KE,2026-04-29T22:28:53.909180Z
019ddb5c-067b-0000-0000-02566e9e6cbb,kunle gbessi,male,61,senior,CI,2026-04-29T22:28:54.523704Z
019ddb5c-08ba-0000-0000-5cae2ab8d080,tesfaye ahmed,male,58,adult,MZ,2026-04-29T22:28:55.098392Z
019ddb5c-0c15-0000-0000-169e81d40f0e,walid hajji,male,29,adult,MA,2026-04-29T22:28:55.957280Z
019ddb5c-0e7a-0000-0000-f1a174f902cd,andrew thomas,male,28,adult,BR,2026-04-29T22:28:56.570295Z
019ddb5c-0f89-0000-0000-41599a1e208e,kunle zinsou,male,10,child,ML,2026-04-29T22:28:56.841311Z
019ddb5c-12e7-0000-0000-31a7ca55acd6,james allen,male,14,teenager,FR,2026-04-29T22:28:57.703385Z
019ddb5c-13fc-0000-0000-ba988c24dd9c,abdi getachew,male,74,senior,KE,2026-04-29T22:28:57.980386Z
019ddb5c-1ac7-0000-0000-23e79ca35742,michael campbell,male,58,adult,US,2026-04-29T22:28:59.720001Z
019ddb5c-1bab-0000-0000-f6b0d3f55a90,hamza amrani,male,47,adult,TN,2026-04-29T22:28:59.947858Z
019ddb5c-1d7c-0000-0000-9d399391748a,richard torres,male,56,adult,US,2026-04-29T22:29:00.412946Z
019ddb5c-2079-0000-0000-547a78498c9a,cheikh bah,male,27,adult,GH,2026-04-29T22:29:01.178016Z
019ddb5c-22e0-0000-0000-696d814bf756,jacques obiang,male,88,senior,CD,2026-04-29T22:29:01.792369Z
019ddb5c-2746-0000-0000-4ca7ef632592,patient bongo,male,57,adult,CD,2026-04-29T22:29:02.918516Z
019ddb5c-287a-0000-0000-02bf5e988086,younes amrani,male,37,adult,MA,2026-04-29T22:29:03.226364Z
019ddb5c-29ad-0000-0000-33f6e1a07812,kenneth jackson,male,48,adult,GB,2026-04-29T22:29:03.533400Z
019ddb5c-2ee0-0000-0000-c85fcff8a764,munashe mthembu,male,45,adult,ZM,2026-04-29T22:29:04.864527Z
019ddb5c-3015-0000-0000-6321c71195fe,david flores,male,25,adult,US,2026-04-29T22:29:05.173334Z
019ddb5c-3147-0000-0000-cb7513ad823a,rené kalonji,male,81,senior,CD,2026-04-29T22:29:05.479601Z
019ddb5c-3234-0000-0000-d9635e9819f8,mengistu mengistu,male,43,adult,UG,2026-04-29T22:29:05.716319Z
019ddb5c-3348-0000-0000-2421d0c2995f,andrew anderson,male,5,child,AU,2026-04-29T22:29:05.992191Z
019ddb5c-343e-0000-0000-5d94b42f5f64,george garcia,male,78,senior,CN,2026-04-29T22:29:06.238661Z
019ddb5c-38e1-0000-0000-9d6143d2db71,hassan lamrani,male,51,adult,EG,2026-04-29T22:29:07.425499Z
019ddb5c-3dae-0000-0000-0adae9db941b,ismail eze,male,62,senior,BJ,2026-04-29T22:29:08.654790Z
019ddb5c-3ee0-0000-0000-0f95b3ae108f,théodore keïta,male,9,child,GH,2026-04-29T22:29:08.960503Z
019ddb5c-449d-0000-0000-294140ad44ac,christopher nguyen,male,16,teenager,US,2026-04-29T22:29:10.429222Z
019ddb5c-478b-0000-0000-320b54a6ee3a,didier lokossou,male,23,adult,BJ,2026-04-29T22:29:11.179837Z
019ddb5c-48e1-0000-0000-14551d8cb1d6,gary hill,male,48,adult,GB,2026-04-29T22:29:11.521801Z
019ddb5c-4a14-0000-0000-8d05ed0226a1,paul bongo,male,57,adult,CM,2026-04-29T22:29:11.828608Z
019ddb5c-4c0e-0000-0000-8c0e736b900f,waweru alemu,male,66,senior,ER,2026-04-29T22:29:12.334402Z
019ddb5c-5014-0000-0000-7a213b818936,nabil amrani,male,47,adult,MA,2026-04-29T22:29:13.364503Z
019ddb5c-527a-0000-0000-6e4c63279099,tesfaye nkosi,male,8,child,ET,2026-04-29T22:29:13.978701Z
019ddb5c-54e1-0000-0000-027e9b37cd61,jason jackson,male,5,child,IN,2026-04-29T22:29:14.593657Z
019ddb5c-57bf-0000-0000-11715bb0aca6,cheikh agyei,male,49,adult,NG,2026-04-29T22:29:15.327437Z
019ddb5c-58e1-0000-0000-b2748b1937dc,kunle zongo,male,6,child,ML,2026-04-29T22:29:15.617161Z
019ddb5c-5a14-0000-0000-10e36701ba48,simba ndebele,male,56,adult,AO,2026-04-29T22:29:15.924244Z
019ddb5c-5b48-0000-0000-bafed7eb878b,omar abdi,male,25,adult,ET,2026-04-29T22:29:16.232592Z
019ddb5c-5c7a-0000-0000-115c5fd162eb,farah desta,male,18,teenager,KE,2026-04-29T22:29:16.538379Z
019ddb5c-62e0-0000-0000-00d2e1d1bd90,richard segla,male,55,adult,SN,2026-04-29T22:29:18.176406Z
019ddb5c-6414-0000-0000-f1f2f146741f,jason phillips,male,30,adult,CN,2026-04-29T22:29:18.484794Z
019ddb5c-67ae-0000-0000-99be45f083f3,françois bongo,male,19,teenager,CF,2026-04-29T22:29:19.406644Z
019ddb5c-6a13-0000-0000-ae0597c21e6c,njoroge nkosi,male,81,senior,TZ,2026-04-29T22:29:20.019423Z
019ddb5c-6c79-0000-0000-e7de82bec85f,youssef amrani,male,52,adult,DZ,2026-04-29T22:29:20.633547Z
019ddb5c-73d5-0000-0000-30b5b2bbcd84,thomas white,male,20,adult,IN,2026-04-29T22:29:22.517256Z
019ddb5c-7747-0000-0000-078b2b5f4aee,otieno mnguni,male,29,adult,KE,2026-04-29T22:29:23.399734Z
019ddb5c-786f-0000-0000-30bd55feade9,tafadzwa khumalo,male,45,adult,ZW,2026-04-29T22:29:23.695237Z
019ddb5c-7b47-0000-0000-1f7312bc2b04,andré nguema,male,28,adult,CG,2026-04-29T22:29:24.423812Z
019ddb5c-8347-0000-0000-da6dd65c819e,simba mpofu,male,57,adult,BW,2026-04-29T22:29:26.471524Z
019ddb5c-87ac-0000-0000-6caac9229f51,ibrahima olawale,male,53,adult,NG,2026-04-29T22:29:27.597007Z
019ddb5c-88e0-0000-0000-830533406a29,louis bomboko,male,44,adult,CM,2026-04-29T22:29:27.904477Z
019ddb5c-8a13-0000-0000-19d21f29a66b,sipho haile,male,54,adult,MG,2026-04-29T22:29:28.211280Z
019ddb5c-8b05-0000-0000-11712763b8e5,simba moyo,male,84,senior,ZA,2026-04-29T22:29:28.453264Z
019ddb5c-8bf5-0000-0000-be5f181bde2d,kunle nwosu,male,52,adult,GH,2026-04-29T22:29:28.693068Z
019ddb5c-8d46-0000-0000-ca21b01485e5,moussa sawadogo,male,16,teenager,BJ,2026-04-29T22:29:29.030523Z
019ddb5c-8e4b-0000-0000-85a4e29a8039,timothy white,male,24,adult,FR,2026-04-29T22:29:29.291059Z
019ddb5c-8f34-0000-0000-e71e6fa22525,kunle segla,male,7,child,MR,2026-04-29T22:29:29.525020Z
019ddb5c-9029-0000-0000-4934abf5d07f,ekow barro,male,27,adult,SN,2026-04-29T22:29:29.769248Z
019ddb5c-9326-0000-0000-3c6c1ada5f3a,steven anderson,male,37,adult,JP,2026-04-29T22:29:30.534298Z
019ddb5c-94f8-0000-0000-bb2b20b1da19,jacques mukendi,male,79,senior,CM,2026-04-29T22:29:31.000502Z
019ddb5c-9813-0000-0000-3b52b03a4506,alexis camara,male,20,adult,NG,2026-04-29T22:29:31.795585Z
019ddb5c-9b46-0000-0000-47ecd11a1cbf,thabo ndlovu,male,25,adult,UG,2026-04-29T22:29:32.614288Z
019ddb5c-9d36-0000-0000-a501d7666851,parfait obiang,male,29,adult,CM,2026-04-29T22:29:33.110089Z
019ddb5c-a079-0000-0000-e65af6068cb6,girma ahmed,male,6,child,ET,2026-04-29T22:29:33.946011Z
019ddb5c-a27a-0000-0000-7bb1c2a525aa,ouma abebe,male,19,teenager,MZ,2026-04-29T22:29:34.458174Z
019ddb5c-a47a-0000-0000-790b97b8a856,fiifi boateng,male,44,adult,ML,2026-04-29T22:29:34.970236Z
019ddb5c-ac7a-0000-0000-0271fc100942,kofi compaoré,male,39,adult,GW,2026-04-29T22:29:37.018105Z
019ddb5c-b279-0000-0000-f3e1e05b1a62,getachew dlamini,male,35,adult,ET,2026-04-29T22:29:38.553667Z
019ddb5c-b479-0000-0000-6cc6b06a95b4,cheikh zongo,male,81,senior,NG,2026-04-29T22:29:39.065867Z
019ddb5c-b5ad-0000-0000-03f07b807768,joseph dao,male,88,senior,SN,2026-04-29T22:29:39.374006Z
019ddb5c-ba4a-0000-0000-6bfa93246e96,kevin johnson,male,28,adult,US,2026-04-29T22:29:40.554426Z
019ddb5c-c1ad-0000-0000-f66b6c98367d,amara desta,male,36,adult,RW,2026-04-29T22:29:42.445258Z
019ddb5c-c2e0-0000-0000-19ee5368647b,calixte kaboré,male,39,adult,ML,2026-04-29T22:29:42.752609Z
019ddb5c-c414-0000-0000-8a61a4dd3312,louis ping,male,33,adult,CD,2026-04-29T22:29:43.060194Z
019ddb5c-c546-0000-0000-9ec731a7517e,théophile mobutu,male,32,adult,CF,2026-04-29T22:29:43.366932Z
019ddb5c-c679-0000-0000-b72ae0949b31,ebo chukwu,male,66,senior,ML,2026-04-29T22:29:43.673332Z
019ddb5c-c879-0000-0000-5382807c89a2,haile bekele,male,31,adult,MG,2026-04-29T22:29:44.185577Z
019ddb5c-cada-0000-0000-9bb559c7c264,tebogo mpofu,male,65,senior,AO,2026-04-29T22:29:44.794318Z
019ddb5c-cf46-0000-0000-025ed51176fb,otieno ahmed,male,54,adult,TZ,2026-04-29T22:29:45.927048Z
019ddb5c-d279-0000-0000-65f6d41af753,kimani mthembu,male,68,senior,MG,2026-04-29T22:29:46.745951Z
019ddb5c-d3ad-0000-0000-d734fccc4267,kariuki haile,male,23,adult,SC,2026-04-29T22:29:47.053215Z
019ddb5c-d814-0000-0000-0a65225df20e,kariuki omar,male,62,senior,MW,2026-04-29T22:29:48.180408Z
019ddb5c-da7a-0000-0000-be3d0a5f8696,mpho achieng,male,76,senior,SS,2026-04-29T22:29:48.794675Z
019ddb5c-dbad-0000-0000-cbdcb2aa4b43,john thompson,male,55,adult,IN,2026-04-29T22:29:49.101395Z
019ddb5c-e0e0-0000-0000-7584c1edea17,tendai bekele,male,47,adult,MG,2026-04-29T22:29:50.432319Z
019ddb5c-e213-0000-0000-f667153abbdc,khaled alaoui,male,80,senior,DZ,2026-04-29T22:29:50.740007Z
019ddb5c-e8e0-0000-0000-ed900e794a51,ahmed rachidi,male,84,senior,EG,2026-04-29T22:29:52.480809Z
019ddb5c-ea13-0000-0000-3963aec0cd1c,nabil bouazza,male,57,adult,SD,2026-04-29T22:29:52.787248Z
019ddb5c-ede4-0000-0000-7c8e9e7d4d68,arsène mensah,male,81,senior,BJ,2026-04-29T22:29:53.764961Z
019ddb5c-eee0-0000-0000-19282301a3b6,tendai mohamed,male,55,adult,KE,2026-04-29T22:29:54.016670Z
019ddb5c-f279-0000-0000-ac848b1b9290,john white,male,17,teenager,GB,2026-04-29T22:29:54.938020Z
019ddb5c-fb45-0000-0000-7b7aa6fd542d,matthew smith,male,28,adult,GB,2026-04-29T22:29:57.189903Z
019ddb5d-042d-0000-0000-6f923bf89fa0,sipho farah,male,34,adult,DJ,2026-04-29T22:29:59.469848Z
019ddb5d-0546-0000-0000-bce176f77e75,bongani ouma,male,17,teenager,MU,2026-04-29T22:29:59.750580Z
019ddb5d-0679-0000-0000-0b61596e2627,femi boateng,male,27,adult,NG,2026-04-29T22:30:00.057533Z
019ddb5d-07ac-0000-0000-f1d325ff38c3,ouma khumalo,male,49,adult,SS,2026-04-29T22:30:00.364846Z
019ddb5d-08e0-0000-0000-02e9c1eeef44,kagiso farah,male,13,teenager,SS,2026-04-29T22:30:00.672484Z
019ddb5d-09f1-0000-0000-60c8458cdee9,girma awino,male,27,adult,TZ,2026-04-29T22:30:00.945202Z
019ddb5d-0adc-0000-0000-ac576c17fceb,george allen,male,36,adult,JP,2026-04-29T22:30:01.180897Z
019ddb5d-0d4d-0000-0000-2dc0f42009ad,rodrigue lokossou,male,44,adult,NE,2026-04-29T22:30:01.805705Z
019ddb5d-0e8c-0000-0000-4ca80312ecac,hicham khatib,male,31,adult,EG,2026-04-29T22:30:02.124776Z
019ddb5d-0fad-0000-0000-9b7c729f0d6d,femi adeyemi,male,78,senior,GH,2026-04-29T22:30:02.413688Z
019ddb5d-109e-0000-0000-024d67dd22df,ali tadesse,male,21,adult,TZ,2026-04-29T22:30:02.654523Z
019ddb5d-11ae-0000-0000-0b550b056ef5,kevin parker,male,18,teenager,CN,2026-04-29T22:30:02.926378Z
019ddb5d-1413-0000-0000-6585051766d6,gary torres,male,10,child,US,2026-04-29T22:30:03.540075Z
019ddb5d-1546-0000-0000-b402bcdb826c,jama hassan,male,15,teenager,RW,2026-04-29T22:30:03.846313Z
019ddb5d-1679-0000-0000-bfcb5cfbd86a,arsène okonkwo,male,81,senior,NG,2026-04-29T22:30:04.153351Z
019ddb5d-1945-0000-0000-b956649da40d,bongani girma,male,16,teenager,KE,2026-04-29T22:30:04.869898Z
019ddb5d-1a79-0000-0000-a7abc8b23127,segun nikiéma,male,43,adult,GW,2026-04-29T22:30:05.177972Z
019ddb5d-1fac-0000-0000-0c307b482894,edward jones,male,46,adult,FR,2026-04-29T22:30:06.508612Z
019ddb5d-2479-0000-0000-cf127fcf277c,waweru jama,male,58,adult,MU,2026-04-29T22:30:07.737506Z
019ddb5d-25ae-0000-0000-de8f103cdcc9,jason evans,male,43,adult,JP,2026-04-29T22:30:08.046698Z
019ddb5d-2813-0000-0000-21fb6f63a017,ouma girma,male,71,senior,SO,2026-04-29T22:30:08.659822Z
019ddb5d-2f79-0000-0000-eaf6e9a3414c,kola eze,male,18,teenager,GH,2026-04-29T22:30:10.553515Z
019ddb5d-3172-0000-0000-6b2bfdffaacf,hervé segla,male,19,teenager,NE,2026-04-29T22:30:11.058478Z
019ddb5d-3251-0000-0000-9e1cff02fa59,njoroge abebe,male,83,senior,ET,2026-04-29T22:30:11.281461Z
019ddb5d-3479-0000-0000-85e6a79b6b60,zakaria khalil,male,60,senior,TN,2026-04-29T22:30:11.833390Z
019ddb5d-365d-0000-0000-44251fce576e,nabil el fassi,male,25,adult,TN,2026-04-29T22:30:12.317779Z
019ddb5d-374e-0000-0000-ba0d27d45728,bongani dube,male,62,senior,ZA,2026-04-29T22:30:12.558496Z
019ddb5d-3e7a-0000-0000-f9906fce0b47,ali abdi,male,78,senior,MZ,2026-04-29T22:30:14.394347Z
019ddb5d-4147-0000-0000-32dcb2ac155b,sizwe mhlanga,male,20,adult,ZW,2026-04-29T22:30:15.111249Z
019ddb5d-4279-0000-0000-0ffd46a35335,matthew torres,male,7,child,CA,2026-04-29T22:30:15.417808Z
019ddb5d-4464-0000-0000-b849bb6cb419,daniel jackson,male,8,child,US,2026-04-29T22:30:15.908859Z
019ddb5d-47ac-0000-0000-fcf89ab363de,haile warsame,male,53,adult,UG,2026-04-29T22:30:16.748959Z
019ddb5d-4a12-0000-0000-7b07e45e051a,emeka olawale,male,22,adult,GH,2026-04-29T22:30:17.362860Z
019ddb5d-4dae-0000-0000-e46634eca27c,thomas jackson,male,36,adult,AU,2026-04-29T22:30:18.286263Z
019ddb5d-524c-0000-0000-c465b729dce9,michael thomas,male,47,adult,AU,2026-04-29T22:30:19.468387Z
019ddb5d-556c-0000-0000-68b7dfb8270a,bayo hounsou,male,48,adult,BF,2026-04-29T22:30:20.268752Z
019ddb5d-5e13-0000-0000-18868c404f35,célestin nguema,male,30,adult,CD,2026-04-29T22:30:22.483074Z
019ddb5d-66e7-0000-0000-5ede7a8ed565,walid berrada,male,7,child,EG,2026-04-29T22:30:24.743964Z
019ddb5d-6c0b-0000-0000-494dd6782a35,oumar dossou,male,33,adult,NG,2026-04-29T22:30:26.059452Z
019ddb5d-6d46-0000-0000-c27321cd4a69,ouma bekele,male,33,adult,ET,2026-04-29T22:30:26.374273Z
019ddb5d-6e2d-0000-0000-564feb6e97ca,michael okafor,male,66,senior,SN,2026-04-29T22:30:26.605078Z
019ddb5d-7079-0000-0000-2e0eaa640213,cheikh hounsou,male,28,adult,CI,2026-04-29T22:30:27.193181Z
019ddb5d-7165-0000-0000-01a97dcf24cb,njoroge adhiambo,male,50,adult,MZ,2026-04-29T22:30:27.429228Z
019ddb5d-736d-0000-0000-a184bb3cbdae,kamau ahmed,male,17,teenager,TZ,2026-04-29T22:30:27.949667Z
019ddb5d-77ac-0000-0000-df12e9896119,rudo mthembu,male,28,adult,ZA,2026-04-29T22:30:29.036630Z
019ddb5d-7a12-0000-0000-3d307bd71d9d,hyacinthe mboumba,male,35,adult,CM,2026-04-29T22:30:29.650811Z
019ddb5d-7aff-0000-0000-57f67a01f3c3,serge adomou,male,43,adult,SL,2026-04-29T22:30:29.887249Z
019ddb5d-7beb-0000-0000-916702c2d592,jama abdi,male,54,adult,ET,2026-04-29T22:30:30.123488Z
019ddb5d-7cd3-0000-0000-2e4b784104ec,nana zinsou,male,46,adult,ML,2026-04-29T22:30:30.355525Z
019ddb5d-825f-0000-0000-9c7fb16d9c89,simba nxumalo,male,86,senior,ZW,2026-04-29T22:30:31.775112Z
019ddb5d-88df-0000-0000-25e389fb234d,mwangi masondo,male,21,adult,ET,2026-04-29T22:30:33.440002Z
019ddb5d-8b46-0000-0000-bf3829175f9a,haile mohamed,male,41,adult,TZ,2026-04-29T22:30:34.055082Z
019ddb5d-8c79-0000-0000-f7888a318990,bongani cele,male,66,senior,KE,2026-04-29T22:30:34.361822Z
019ddb5d-923e-0000-0000-f48195505b81,kojo zongo,male,80,senior,BJ,2026-04-29T22:30:35.838611Z
019ddb5d-97ad-0000-0000-1fe5c69e08cd,bongani awino,male,79,senior,MW,2026-04-29T22:30:37.229577Z
019ddb5d-98df-0000-0000-d2e9db632e2e,hervé okafor,male,33,adult,GH,2026-04-29T22:30:37.535946Z
019ddb5d-9a12-0000-0000-904f21dfd6e1,farah mwangi,male,38,adult,ET,2026-04-29T22:30:37.842909Z
019ddb5d-9b46-0000-0000-c9e42c6a2434,alexis nwosu,male,53,adult,CI,2026-04-29T22:30:38.150143Z
019ddb5d-9d74-0000-0000-480c733e0138,daniel kponton,male,15,teenager,GH,2026-04-29T22:30:38.708554Z
019ddb5d-9fad-0000-0000-a9ef80c0cd1f,kunle konaté,male,86,senior,GH,2026-04-29T22:30:39.277355Z
019ddb5d-a0df-0000-0000-094917c4bdc5,mamadou nwosu,male,52,adult,BJ,2026-04-29T22:30:39.583784Z
019ddb5d-a412-0000-0000-6a05cba14e3f,patient nkoghe,male,32,adult,CD,2026-04-29T22:30:40.402411Z
019ddb5d-a4f9-0000-0000-b439689461e6,mengistu hassan,male,15,teenager,KE,2026-04-29T22:30:40.633951Z
019ddb5d-a612-0000-0000-3cbca81cb084,sizwe nyoni,male,51,adult,AO,2026-04-29T22:30:40.914653Z
019ddb5d-a946-0000-0000-25adfdecb626,robert edwards,male,34,adult,JP,2026-04-29T22:30:41.734428Z
019ddb5d-abac-0000-0000-4e3e0925e53f,munashe mhlanga,male,42,adult,ZM,2026-04-29T22:30:42.348481Z
019ddb5d-b812-0000-0000-63a808991d25,marcel ondimba,male,44,adult,CD,2026-04-29T22:30:45.522671Z
019ddb5d-b926-0000-0000-30aad8328a4f,david amoah,male,40,adult,NG,2026-04-29T22:30:45.798901Z
019ddb5d-bb46-0000-0000-1246ed091e6b,getachew tadesse,male,8,child,ET,2026-04-29T22:30:46.342361Z
019ddb5d-bc79-0000-0000-0ae32dd5be46,yaw kaboré,male,42,adult,BJ,2026-04-29T22:30:46.649418Z
019ddb5d-befa-0000-0000-7027115ead6d,richard asante,male,45,adult,SN,2026-04-29T22:30:47.290396Z
019ddb5d-c006-0000-0000-b4d3de601aa8,mark baker,male,23,adult,BR,2026-04-29T22:30:47.558788Z
019ddb5d-c612-0000-0000-0ce76d790604,abdou sow,male,90,senior,GW,2026-04-29T22:30:49.106541Z
019ddb5d-c879-0000-0000-1651445c5719,john baker,male,54,adult,JP,2026-04-29T22:30:49.721203Z
019ddb5d-ce08-0000-0000-e5ded5669b3c,omar girma,male,38,adult,KM,2026-04-29T22:30:51.144812Z
019ddb5d-cef0-0000-0000-de7c518e44aa,alemu kamau,male,41,adult,KE,2026-04-29T22:30:51.376763Z
019ddb5d-d1d7-0000-0000-698881662cd6,didier agbodji,male,15,teenager,BJ,2026-04-29T22:30:52.119279Z
019ddb5d-d412-0000-0000-efb3fd0d7d52,george miller,male,66,senior,IN,2026-04-29T22:30:52.690477Z
019ddb5d-d536-0000-0000-129638eba4f9,françois kabila,male,76,senior,TD,2026-04-29T22:30:52.982817Z
019ddb5d-d61a-0000-0000-26fa1dc34c1d,jason williams,male,39,adult,BR,2026-04-29T22:30:53.210489Z
019ddb5d-da78-0000-0000-e57aae69b98d,jeffrey carter,male,47,adult,US,2026-04-29T22:30:54.329042Z
019ddb5d-e0d6-0000-0000-e057ddcaa075,kwame compaoré,male,7,child,BJ,2026-04-29T22:30:55.958775Z
019ddb5d-e2f3-0000-0000-510b5df4d369,munashe dlamini,male,81,senior,BW,2026-04-29T22:30:56.499782Z
019ddb5d-e878-0000-0000-9043c4a5b3e4,david lokossou,male,31,adult,BJ,2026-04-29T22:30:57.912900Z
019ddb5d-ec12-0000-0000-e29907888f43,girma mthembu,male,39,adult,RW,2026-04-29T22:30:58.834472Z
019ddb5d-ed45-0000-0000-5dd6c550489e,ebo tchalla,male,89,senior,SN,2026-04-29T22:30:59.141775Z
019ddb5d-ee79-0000-0000-4de4ef6167db,abdi hassan,male,44,adult,MG,2026-04-29T22:30:59.449390Z
019ddb5d-f212-0000-0000-074530598086,girma abdi,male,14,teenager,TZ,2026-04-29T22:31:00.370287Z
019ddb5d-f636-0000-0000-f5340fab46b4,takoda girma,male,53,adult,DJ,2026-04-29T22:31:01.430378Z
019ddb5d-f879-0000-0000-cdda93b2bbf3,tariq khatib,male,14,teenager,DZ,2026-04-29T22:31:02.010140Z
019ddb5d-fe79-0000-0000-0113201e77ad,jacques mobutu,male,12,child,CM,2026-04-29T22:31:03.545109Z
019ddb5e-0212-0000-0000-15edcf0c4d17,samuel boateng,male,14,teenager,SN,2026-04-29T22:31:04.466433Z
019ddb5e-031a-0000-0000-1356258ebd09,kariuki adhiambo,male,58,adult,UG,2026-04-29T22:31:04.731080Z
019ddb5e-0612-0000-0000-3d4c901807eb,lamine sow,male,27,adult,SN,2026-04-29T22:31:05.490390Z
019ddb5e-0745-0000-0000-f355b470b900,bekele tesfaye,male,78,senior,MZ,2026-04-29T22:31:05.797506Z
019ddb5e-0ae0-0000-0000-6484fe9c2b33,themba ncube,male,40,adult,ZA,2026-04-29T22:31:06.720636Z
019ddb5e-0c13-0000-0000-0495b5bb2b4a,takudzwa ncube,male,17,teenager,ST,2026-04-29T22:31:07.027412Z
019ddb5e-0d46-0000-0000-4c8f1410e796,farah masondo,male,88,senior,MZ,2026-04-29T22:31:07.334224Z
019ddb5e-0e79-0000-0000-e9c7eaf63a3b,john johnson,male,80,senior,FR,2026-04-29T22:31:07.641404Z
019ddb5e-0f72-0000-0000-96bdb5299b1a,amadou antwi,male,27,adult,EH,2026-04-29T22:31:07.890364Z
019ddb5e-11ad-0000-0000-c8e35502531c,bekele achieng,male,43,adult,KE,2026-04-29T22:31:08.461155Z
019ddb5e-14da-0000-0000-27639bd9178e,ibrahim mohamed,male,32,adult,MU,2026-04-29T22:31:09.274453Z
019ddb5e-1613-0000-0000-009a738b7d0f,hassan kamau,male,32,adult,DJ,2026-04-29T22:31:09.588083Z
019ddb5e-1746-0000-0000-05ba5fa88e52,mwangi otieno,male,20,adult,ET,2026-04-29T22:31:09.894520Z
019ddb5e-19ae-0000-0000-df7065086984,younes mansouri,male,42,adult,MA,2026-04-29T22:31:10.510798Z
019ddb5e-1bac-0000-0000-8f53b283ef4f,ebo adeyemi,male,29,adult,NG,2026-04-29T22:31:11.020558Z
019ddb5e-1f46-0000-0000-7eb77315cc79,david sow,male,58,adult,BJ,2026-04-29T22:31:11.942973Z
019ddb5e-224b-0000-0000-3b7e1f2aa7bd,kojo chukwu,male,5,child,NG,2026-04-29T22:31:12.715321Z
019ddb5e-2478-0000-0000-0dad682aa450,jeffrey taylor,male,18,teenager,FR,2026-04-29T22:31:13.272956Z
019ddb5e-25ac-0000-0000-37bc40cffbd8,kwame tchalla,male,39,adult,NG,2026-04-29T22:31:13.580151Z
019ddb5e-2946-0000-0000-5a6751ac6375,serge mensah,male,53,adult,MR,2026-04-29T22:31:14.502603Z
019ddb5e-2a78-0000-0000-4843dec00105,louis eyeghe,male,51,adult,CM,2026-04-29T22:31:14.808719Z
019ddb5e-2b65-0000-0000-77585320350f,yaw touré,male,33,adult,GH,2026-04-29T22:31:15.046081Z
019ddb5e-2c4d-0000-0000-44ae9ecb0e34,desta dlamini,male,90,senior,ET,2026-04-29T22:31:15.277873Z
019ddb5e-2f46-0000-0000-508f0d5b8800,walid el fassi,male,54,adult,LY,2026-04-29T22:31:16.038492Z
019ddb5e-3109-0000-0000-49a1742c0025,ahmed tazi,male,32,adult,EG,2026-04-29T22:31:16.489519Z
019ddb5e-3346-0000-0000-7442e87d7e4a,mark hounsou,male,41,adult,CI,2026-04-29T22:31:17.062369Z
019ddb5e-35ac-0000-0000-c30af11ceed6,njoroge mwangi,male,43,adult,ET,2026-04-29T22:31:17.676782Z
019ddb5e-37ac-0000-0000-ea6d122be7e1,arsène camara,male,15,teenager,NG,2026-04-29T22:31:18.188875Z
019ddb5e-3b45-0000-0000-0269097c0702,themba girma,male,8,child,KE,2026-04-29T22:31:19.109544Z
019ddb5e-3d7b-0000-0000-bb8963e8bdf6,david white,male,55,adult,FR,2026-04-29T22:31:19.675606Z
019ddb5e-3e78-0000-0000-a3495c39f07f,munashe nkosi,male,22,adult,ZA,2026-04-29T22:31:19.928607Z
019ddb5e-3fac-0000-0000-d10823363f0f,femi dossou,male,14,teenager,GM,2026-04-29T22:31:20.236082Z
019ddb5e-4212-0000-0000-c8c65ccf0020,emmanuel afolabi,male,37,adult,CI,2026-04-29T22:31:20.850183Z
019ddb5e-43fe-0000-0000-612794bffca2,steven scott,male,21,adult,DE,2026-04-29T22:31:21.343020Z
019ddb5e-44f5-0000-0000-d894aaf17072,khaled berrada,male,35,adult,MA,2026-04-29T22:31:21.589687Z
019ddb5e-4813-0000-0000-ac7445c7d13e,mutua kamau,male,29,adult,RW,2026-04-29T22:31:22.387703Z
019ddb5e-4bac-0000-0000-21603b7091d2,tanaka moyo,male,51,adult,ZA,2026-04-29T22:31:23.308525Z
019ddb5e-4ef1-0000-0000-b33dfd7ade67,marcel eyeghe,male,37,adult,CD,2026-04-29T22:31:24.145794Z
019ddb5e-4fe3-0000-0000-737e53baba3d,kojo amoah,male,48,adult,CI,2026-04-29T22:31:24.387204Z
019ddb5e-50df-0000-0000-16c34a32483e,ali njoroge,male,5,child,MW,2026-04-29T22:31:24.639100Z
019ddb5e-5346-0000-0000-915ceba4c702,samuel konaté,male,22,adult,GH,2026-04-29T22:31:25.254187Z
019ddb5e-547b-0000-0000-972a36200921,girma omar,male,54,adult,UG,2026-04-29T22:31:25.563973Z
019ddb5e-55ab-0000-0000-be81b5e84ee8,khaled tahir,male,72,senior,MA,2026-04-29T22:31:25.867516Z
019ddb5e-5acb-0000-0000-9cf0a5c55714,moussa segla,male,19,teenager,NG,2026-04-29T22:31:27.179689Z
019ddb5e-5cdf-0000-0000-9e47fbe25e68,ibrahim mthembu,male,6,child,TZ,2026-04-29T22:31:27.711335Z
019ddb5e-5ee0-0000-0000-38a4acdaf6b6,jama masondo,male,42,adult,SO,2026-04-29T22:31:28.224654Z
019ddb5e-60af-0000-0000-1776397fb41e,bekele alemu,male,26,adult,KE,2026-04-29T22:31:28.687606Z
019ddb5e-61ab-0000-0000-e36ea0e795db,jeffrey perez,male,45,adult,JP,2026-04-29T22:31:28.939362Z
019ddb5e-62f2-0000-0000-1999f440d909,kimani haile,male,57,adult,SO,2026-04-29T22:31:29.266626Z
019ddb5e-6545-0000-0000-efa3be17ff3d,bongani tesfaye,male,16,teenager,SC,2026-04-29T22:31:29.861078Z
019ddb5e-68a2-0000-0000-7f5275a14421,mpho dlamini,male,44,adult,ZW,2026-04-29T22:31:30.722820Z
019ddb5e-6a7d-0000-0000-f1322905ff4c,calixte compaoré,male,43,adult,NG,2026-04-29T22:31:31.197770Z
019ddb5e-6ca8-0000-0000-05e5a7c71427,lamine mensah,male,50,adult,SN,2026-04-29T22:31:31.752380Z
019ddb5e-6fab-0000-0000-6e833034049c,amara jama,male,25,adult,KE,2026-04-29T22:31:32.523189Z
019ddb5e-7212-0000-0000-99f4a2b662cb,abdi mengistu,male,18,teenager,ET,2026-04-29T22:31:33.138183Z
019ddb5e-7344-0000-0000-2ae19ef250ef,bongani adhiambo,male,62,senior,UG,2026-04-29T22:31:33.444971Z
019ddb5e-752d-0000-0000-d92863cd4f0b,ebo adomou,male,32,adult,BJ,2026-04-29T22:31:33.933572Z
019ddb5e-7678-0000-0000-d78688301f58,getachew abdi,male,54,adult,UG,2026-04-29T22:31:34.264622Z
019ddb5e-79ab-0000-0000-a11c2ccea722,thabo jama,male,46,adult,BI,2026-04-29T22:31:35.083466Z
019ddb5e-7adf-0000-0000-ae74f3ef042a,kobina nikiéma,male,30,adult,ML,2026-04-29T22:31:35.391393Z
019ddb5e-7e59-0000-0000-5164bbe5c871,thomas turner,male,28,adult,CA,2026-04-29T22:31:36.281349Z
019ddb5e-82a5-0000-0000-1b88569a5a48,timothy martin,male,56,adult,DE,2026-04-29T22:31:37.381383Z
019ddb5e-83ab-0000-0000-11040c921569,sipho ncube,male,51,adult,ZA,2026-04-29T22:31:37.643488Z
019ddb5e-8497-0000-0000-19d33d741087,paul kabila,male,18,teenager,CM,2026-04-29T22:31:37.879558Z
019ddb5e-85ab-0000-0000-854a339ec927,jeffrey hill,male,47,adult,GB,2026-04-29T22:31:38.155273Z
019ddb5e-8947-0000-0000-50fd7c73891b,mamadou agyei,male,49,adult,ML,2026-04-29T22:31:39.079797Z
019ddb5e-8e12-0000-0000-575cacf0cbcc,mpho bekele,male,77,senior,SO,2026-04-29T22:31:40.307069Z
019ddb5e-9078-0000-0000-b89fa9a5a6d9,mutua cele,male,8,child,RW,2026-04-29T22:31:40.920393Z
019ddb5e-9479-0000-0000-e1101822fc46,waweru elmi,male,21,adult,TZ,2026-04-29T22:31:41.945762Z
019ddb5e-9812-0000-0000-aa9836531f18,segun sidibé,male,89,senior,ML,2026-04-29T22:31:42.867069Z
019ddb5e-9c79-0000-0000-67fb2f02b972,joseph chukwu,male,18,teenager,NG,2026-04-29T22:31:43.993717Z
019ddb5e-9ef2-0000-0000-73bcc6d258ec,henri obiang,male,45,adult,GQ,2026-04-29T22:31:44.626402Z
019ddb5e-a012-0000-0000-e7afd0b15654,rachid lamrani,male,77,senior,EG,2026-04-29T22:31:44.915046Z
019ddb5e-a146-0000-0000-e6cfbea3b1f2,ahmed amrani,male,51,adult,LY,2026-04-29T22:31:45.222947Z
019ddb5e-a278-0000-0000-cf97e941c44f,kojo eze,male,24,adult,NG,2026-04-29T22:31:45.529010Z
019ddb5e-a499-0000-0000-6ed9a1c50680,anthony hill,male,21,adult,GB,2026-04-29T22:31:46.073325Z
019ddb5e-a591-0000-0000-c6839c0db47b,jacques ondimba,male,20,adult,CF,2026-04-29T22:31:46.321437Z
019ddb5e-a7ab-0000-0000-53beba5eed3f,jacob thomas,male,62,senior,JP,2026-04-29T22:31:46.860025Z
019ddb5e-aa12-0000-0000-29e3ddcafa09,louis bongo,male,7,child,CD,2026-04-29T22:31:47.474602Z
019ddb5e-adac-0000-0000-9d20916632bb,hyacinthe ping,male,68,senior,CG,2026-04-29T22:31:48.396519Z
019ddb5e-aedf-0000-0000-b53a2645d37a,paul garcia,male,33,adult,US,2026-04-29T22:31:48.703846Z
019ddb5e-b279-0000-0000-78e551e17d4e,emmanuel tchalla,male,12,child,GH,2026-04-29T22:31:49.625529Z
019ddb5e-b3ac-0000-0000-67efa82b1322,john nelson,male,38,adult,US,2026-04-29T22:31:49.932277Z
019ddb5e-b49d-0000-0000-4ead43dca9d6,othmane rachidi,male,58,adult,MA,2026-04-29T22:31:50.173366Z
019ddb5e-b813-0000-0000-24f90ab8e113,joseph flores,male,71,senior,US,2026-04-29T22:31:51.059248Z
019ddb5e-ba05-0000-0000-787382b08de6,ekow afolabi,male,11,child,GH,2026-04-29T22:31:51.557543Z
019ddb5e-baee-0000-0000-5628d8d19f31,hassan haile,male,33,adult,DJ,2026-04-29T22:31:51.790980Z
019ddb5e-bcff-0000-0000-01cf43a80b26,innocent kalonji,male,52,adult,CM,2026-04-29T22:31:52.319759Z
019ddb5e-be12-0000-0000-d02ac423229f,kwame camara,male,15,teenager,SL,2026-04-29T22:31:52.594248Z
019ddb5e-bf45-0000-0000-ea439c1544ba,jeffrey thompson,male,41,adult,GB,2026-04-29T22:31:52.901903Z
019ddb5e-c1ac-0000-0000-024d96417ff3,cheikh afolabi,male,47,adult,BJ,2026-04-29T22:31:53.516163Z
019ddb5e-c546-0000-0000-81d0999fe3cd,nana gbagbo,male,23,adult,GN,2026-04-29T22:31:54.438188Z
019ddb5e-c77b-0000-0000-e8661e79afad,ebo asante,male,14,teenager,BJ,2026-04-29T22:31:55.003405Z
019ddb5e-c87a-0000-0000-56e82524f8f6,amara ndlovu,male,43,adult,UG,2026-04-29T22:31:55.258133Z
019ddb5e-c9ac-0000-0000-8d9c9c9bba24,george turner,male,89,senior,US,2026-04-29T22:31:55.564485Z
019ddb5e-ccdf-0000-0000-77a35c774081,hervé tapsoba,male,51,adult,BJ,2026-04-29T22:31:56.383709Z
019ddb5e-d02f-0000-0000-18a1f336d9d6,ouma kamau,male,60,senior,MZ,2026-04-29T22:31:57.232094Z
019ddb5e-d145-0000-0000-fc68b56c26c0,kariuki mwangi,male,22,adult,MG,2026-04-29T22:31:57.509879Z
019ddb5e-d22f-0000-0000-9fa35c33fe69,mengistu abebe,male,25,adult,BI,2026-04-29T22:31:57.743311Z
019ddb5e-d345-0000-0000-ea8bf6e7ecad,sizwe adhiambo,male,37,adult,ET,2026-04-29T22:31:58.021797Z
019ddb5e-d5b3-0000-0000-4cdd228db600,kenneth smith,male,42,adult,IN,2026-04-29T22:31:58.643767Z
019ddb5e-d6a2-0000-0000-bf17aff6ae82,ade olawale,male,36,adult,NG,2026-04-29T22:31:58.882352Z
019ddb5e-d796-0000-0000-61894342360a,anthony young,male,61,senior,US,2026-04-29T22:31:59.126625Z
019ddb5e-d87b-0000-0000-eeda4c5a121b,john young,male,40,adult,BR,2026-04-29T22:31:59.355879Z
019ddb5e-dfab-0000-0000-039a76c32439,richard thomas,male,75,senior,US,2026-04-29T22:32:01.196066Z
019ddb5e-e098-0000-0000-354a86c59753,ahmed mansouri,male,84,senior,MA,2026-04-29T22:32:01.432229Z
019ddb5e-e26d-0000-0000-5348c4bc5f13,calixte zongo,male,46,adult,GH,2026-04-29T22:32:01.901906Z
019ddb5e-e379-0000-0000-e81eb88e7bd7,peter agyei,male,7,child,GH,2026-04-29T22:32:02.169498Z
019ddb5e-e678-0000-0000-c92ba27a862a,desta tadesse,male,54,adult,ER,2026-04-29T22:32:02.936433Z
019ddb5e-e8df-0000-0000-15fb9c8b7a65,andrew roberts,male,55,adult,IN,2026-04-29T22:32:03.551874Z
019ddb5e-eef2-0000-0000-121498180cfc,lerato shabalala,male,12,child,ET,2026-04-29T22:32:05.106856Z
019ddb5e-f1ac-0000-0000-b66d3fba42d9,matthew wright,male,55,adult,CN,2026-04-29T22:32:05.804136Z
019ddb5e-f412-0000-0000-4205eefe14ed,cheikh konaté,male,59,adult,NG,2026-04-29T22:32:06.418464Z
019ddb5e-f766-0000-0000-68a8bad136d9,tadesse mnguni,male,61,senior,KE,2026-04-29T22:32:07.270947Z
019ddb5e-f9ac-0000-0000-51a468fdc103,moussa igwe,male,51,adult,BJ,2026-04-29T22:32:07.852705Z
019ddb5e-fadf-0000-0000-a3601b43207f,richard perez,male,72,senior,IN,2026-04-29T22:32:08.159753Z
019ddb5e-fc12-0000-0000-0ce44199d624,kunle dossou,male,40,adult,GH,2026-04-29T22:32:08.466568Z
019ddb5e-fd45-0000-0000-7b8b720fb493,tesfaye khumalo,male,90,senior,RW,2026-04-29T22:32:08.773716Z
019ddb5e-fe79-0000-0000-309b842f2786,girma odhiambo,male,54,adult,ET,2026-04-29T22:32:09.081238Z
019ddb5f-0479-0000-0000-664a1b1a0749,didier agyei,male,28,adult,BJ,2026-04-29T22:32:10.617313Z
019ddb5f-05ab-0000-0000-60cda802f951,ahmed benhammou,male,58,adult,MA,2026-04-29T22:32:10.923921Z
019ddb5f-06df-0000-0000-c04ec351e343,mpho mengistu,male,42,adult,ET,2026-04-29T22:32:11.231864Z
019ddb5f-0998-0000-0000-aea04b18f59a,dieudonné bomboko,male,76,senior,TD,2026-04-29T22:32:11.928213Z
019ddb5f-0a81-0000-0000-7b7891d0b0c0,michael traoré,male,14,teenager,ML,2026-04-29T22:32:12.161675Z
019ddb5f-0cb7-0000-0000-81d8119edfd2,ismail adjei,male,78,senior,BJ,2026-04-29T22:32:12.727376Z
019ddb5f-0dab-0000-0000-e40ca6d0d2a1,nana sidibé,male,61,senior,GN,2026-04-29T22:32:12.972040Z
019ddb5f-0fda-0000-0000-0bcd1761cb9d,alexis sow,male,79,senior,NE,2026-04-29T22:32:13.530394Z
019ddb5f-1212-0000-0000-fe579f2e8789,tadesse tesfaye,male,44,adult,ET,2026-04-29T22:32:14.098836Z
019ddb5f-1481-0000-0000-79ead3fb4d0f,william parker,male,52,adult,IN,2026-04-29T22:32:14.721379Z
019ddb5f-15ac-0000-0000-8f74e20a4c9a,françois kalonji,male,13,teenager,CG,2026-04-29T22:32:15.020235Z
019ddb5f-16b2-0000-0000-916531ee7dae,alexis igwe,male,18,teenager,ML,2026-04-29T22:32:15.282708Z
019ddb5f-1ae0-0000-0000-5eee7507cb16,alexis babatunde,male,70,senior,BF,2026-04-29T22:32:16.353033Z
019ddb5f-1d44-0000-0000-9ee538c6c21e,sipho mohamed,male,59,adult,RW,2026-04-29T22:32:16.964971Z
019ddb5f-1e7c-0000-0000-5ba8958e1e83,chidi agbodji,male,47,adult,CI,2026-04-29T22:32:17.276524Z
019ddb5f-20f3-0000-0000-cc285c9428d6,hyacinthe ondimba,male,41,adult,CD,2026-04-29T22:32:17.907303Z
019ddb5f-2211-0000-0000-e91a20976c9f,jacob harris,male,64,senior,US,2026-04-29T22:32:18.193738Z
019ddb5f-2478-0000-0000-f99d8a410b70,mengistu ali,male,72,senior,UG,2026-04-29T22:32:18.808947Z
019ddb5f-25ab-0000-0000-1803d7ca8bbb,sipho nxumalo,male,10,child,ZA,2026-04-29T22:32:19.115942Z
019ddb5f-2946-0000-0000-580b8d7cf089,tesfaye mohamed,male,47,adult,TZ,2026-04-29T22:32:20.038323Z
019ddb5f-2bac-0000-0000-157471413ccc,gary allen,male,13,teenager,FR,2026-04-29T22:32:20.652116Z
019ddb5f-2cde-0000-0000-34e5aa896d79,takudzwa mhlanga,male,45,adult,ZW,2026-04-29T22:32:20.958844Z
019ddb5f-2fb1-0000-0000-7b874823161d,youssef tahir,male,37,adult,EG,2026-04-29T22:32:21.681436Z
019ddb5f-30af-0000-0000-6caf58c8cc88,abebe jama,male,21,adult,SO,2026-04-29T22:32:21.935616Z
019ddb5f-31ab-0000-0000-a358153c174c,sizwe masondo,male,31,adult,ET,2026-04-29T22:32:22.187253Z
019ddb5f-32de-0000-0000-97ff5d70ccbe,bongani nkosi,male,30,adult,ET,2026-04-29T22:32:22.494591Z
019ddb5f-3411-0000-0000-db5085ce3bd9,tendai nkomo,male,45,adult,ZA,2026-04-29T22:32:22.801348Z
019ddb5f-3544-0000-0000-fb160caf965b,kunle agbodji,male,53,adult,BF,2026-04-29T22:32:23.108332Z
019ddb5f-3677-0000-0000-e5c37a05e401,tanaka mpofu,male,28,adult,ZA,2026-04-29T22:32:23.415920Z
019ddb5f-38df-0000-0000-077a3e76afa4,théophile adoula,male,71,senior,CD,2026-04-29T22:32:24.031488Z
019ddb5f-3a12-0000-0000-31e5c1256c23,tadesse mwangi,male,10,child,KE,2026-04-29T22:32:24.338289Z
019ddb5f-3b03-0000-0000-8b713fb2bf86,haile haile,male,86,senior,ET,2026-04-29T22:32:24.580013Z
019ddb5f-3c11-0000-0000-575b059b1730,khaled filali,male,87,senior,SD,2026-04-29T22:32:24.849406Z
019ddb5f-3d44-0000-0000-c01e2779244e,didier chukwu,male,32,adult,ML,2026-04-29T22:32:25.156699Z
019ddb5f-3f75-0000-0000-4eeb583f8cea,pierre bomboko,male,11,child,CD,2026-04-29T22:32:25.717058Z
019ddb5f-4059-0000-0000-4af9a3b35947,hervé babatunde,male,21,adult,SN,2026-04-29T22:32:25.945975Z
019ddb5f-435a-0000-0000-c76a4447fbc6,brian nguyen,male,49,adult,DE,2026-04-29T22:32:26.714570Z
019ddb5f-4443-0000-0000-b00ec2a4a1a1,joseph white,male,58,adult,JP,2026-04-29T22:32:26.947579Z
019ddb5f-4545-0000-0000-3a4630ea4c5f,yusuf abebe,male,16,teenager,TZ,2026-04-29T22:32:27.205954Z
019ddb5f-4678-0000-0000-486d0539f6b3,parfait tshisekedi,male,29,adult,CF,2026-04-29T22:32:27.512644Z
019ddb5f-489c-0000-0000-c230b1fa3cd4,amara elmi,male,58,adult,KE,2026-04-29T22:32:28.060840Z
019ddb5f-4fac-0000-0000-f57df130f9e2,tariq tazi,male,9,child,SD,2026-04-29T22:32:29.868587Z
019ddb5f-52f3-0000-0000-5bb3dd3ea5d9,ebo zongo,male,24,adult,CI,2026-04-29T22:32:30.707117Z
019ddb5f-5411-0000-0000-e4e2d117d78e,anthony anderson,male,49,adult,US,2026-04-29T22:32:30.993523Z
019ddb5f-5545-0000-0000-c80370df463e,mehdi benali,male,9,child,MA,2026-04-29T22:32:31.301738Z
019ddb5f-5745-0000-0000-49ef63ca9d30,bienvenu ondimba,male,14,teenager,CF,2026-04-29T22:32:31.813715Z
019ddb5f-59ab-0000-0000-4f684438fe8b,getachew omar,male,83,senior,KE,2026-04-29T22:32:32.428036Z
019ddb5f-5adf-0000-0000-703f8cb8818b,théodore coulibaly,male,62,senior,GW,2026-04-29T22:32:32.735737Z
019ddb5f-5c12-0000-0000-259ada9cc177,jacques nkoghe,male,47,adult,GQ,2026-04-29T22:32:33.042250Z
019ddb5f-5fab-0000-0000-7c0b8a0c7e55,youssef alaoui,male,30,adult,EG,2026-04-29T22:32:33.963942Z
019ddb5f-66f3-0000-0000-4523e2fea7fd,dele camara,male,22,adult,GH,2026-04-29T22:32:35.827412Z
019ddb5f-68df-0000-0000-cd39a5561211,richard dossou,male,56,adult,GH,2026-04-29T22:32:36.319345Z
019ddb5f-69c9-0000-0000-37a9ddeedf07,richard evans,male,62,senior,FR,2026-04-29T22:32:36.553825Z
019ddb5f-6e78-0000-0000-8d585322c54a,ali odhiambo,male,66,senior,MG,2026-04-29T22:32:37.753032Z
019ddb5f-70b2-0000-0000-08ebd9a596a8,kobina konaté,male,18,teenager,NE,2026-04-29T22:32:38.322326Z
019ddb5f-7212-0000-0000-56c304819af8,desta ouma,male,33,adult,ET,2026-04-29T22:32:38.674099Z
019ddb5f-7745-0000-0000-90c01d02f2b2,njoroge ouma,male,46,adult,RW,2026-04-29T22:32:40.005132Z
019ddb5f-782a-0000-0000-376b152f28d1,othmane saidi,male,64,senior,MA,2026-04-29T22:32:40.234261Z
019ddb5f-7b44-0000-0000-3b18a3e19d68,mark white,male,25,adult,US,2026-04-29T22:32:41.028870Z
019ddb5f-7c41-0000-0000-5363d6e9eeab,hicham tazi,male,40,adult,MA,2026-04-29T22:32:41.281763Z
019ddb5f-7f84-0000-0000-e25bbd5a79a8,sipho mengistu,male,5,child,TZ,2026-04-29T22:32:42.116824Z
019ddb5f-80de-0000-0000-f5e1376f9564,desta shabalala,male,42,adult,UG,2026-04-29T22:32:42.462820Z
019ddb5f-82de-0000-0000-2ddd5097289c,innocent lumumba,male,28,adult,CD,2026-04-29T22:32:42.974373Z
019ddb5f-8411-0000-0000-3b943476d940,mpho mpofu,male,61,senior,ZA,2026-04-29T22:32:43.281697Z
019ddb5f-8677-0000-0000-8f8f51581276,thomas wright,male,75,senior,IN,2026-04-29T22:32:43.895752Z
019ddb5f-87aa-0000-0000-5c0d0660b2ce,mpho tshuma,male,43,adult,NA,2026-04-29T22:32:44.203037Z
019ddb5f-88de-0000-0000-44b697cf1f84,andré kalonji,male,36,adult,CM,2026-04-29T22:32:44.510479Z
019ddb5f-8a12-0000-0000-bc0a44396a55,mark miller,male,25,adult,AU,2026-04-29T22:32:44.818212Z
019ddb5f-8b09-0000-0000-ed8869b4f460,ebo gbessi,male,52,adult,NG,2026-04-29T22:32:45.065249Z
019ddb5f-8f5b-0000-0000-09a817aa75e4,zakaria tahir,male,12,child,SD,2026-04-29T22:32:46.171774Z
019ddb5f-9052-0000-0000-8843aad79caa,amine bennani,male,27,adult,SD,2026-04-29T22:32:46.418123Z
019ddb5f-91ab-0000-0000-c2bb78589c2e,michael babatunde,male,20,adult,SN,2026-04-29T22:32:46.763853Z
019ddb5f-9291-0000-0000-8c59b92c5e48,mark tchalla,male,20,adult,ML,2026-04-29T22:32:46.993873Z
019ddb5f-93a3-0000-0000-b84603b1c2bd,nana dao,male,33,adult,ML,2026-04-29T22:32:47.267706Z
019ddb5f-95ab-0000-0000-3ce63cbf2641,bayo dossou,male,40,adult,GH,2026-04-29T22:32:47.787336Z
019ddb5f-9944-0000-0000-73289b02ee55,tebogo tshuma,male,83,senior,SZ,2026-04-29T22:32:48.708896Z
019ddb5f-9a78-0000-0000-18f1d8d63ce6,ali jama,male,62,senior,MZ,2026-04-29T22:32:49.016951Z
019ddb5f-9cae-0000-0000-bcab66e60ab3,ali waweru,male,28,adult,KE,2026-04-29T22:32:49.582268Z
019ddb5f-9eb7-0000-0000-48514b194277,george davis,male,41,adult,CA,2026-04-29T22:32:50.103458Z
019ddb5f-9fab-0000-0000-6aec13d96fd3,william adams,male,26,adult,US,2026-04-29T22:32:50.347984Z
019ddb5f-a211-0000-0000-a97464bb4173,tebogo cele,male,84,senior,ST,2026-04-29T22:32:50.961081Z
019ddb5f-a447-0000-0000-3ff827417a2f,kobina keïta,male,25,adult,BJ,2026-04-29T22:32:51.527420Z
019ddb5f-a637-0000-0000-09dfcee1d64a,james jones,male,47,adult,IN,2026-04-29T22:32:52.023774Z
019ddb5f-a878-0000-0000-842231a315ff,rachid amrani,male,62,senior,SD,2026-04-29T22:32:52.600378Z
019ddb5f-aacf-0000-0000-7a84087f63ba,lerato ncube,male,74,senior,ZM,2026-04-29T22:32:53.199241Z
019ddb5f-ad45-0000-0000-54983a97fd4e,waweru cele,male,26,adult,ET,2026-04-29T22:32:53.829237Z
019ddb5f-ae78-0000-0000-cd731afef45f,themba nkosi,male,55,adult,ZA,2026-04-29T22:32:54.136620Z
019ddb5f-afac-0000-0000-673c97c6eecf,sizwe dube,male,71,senior,ST,2026-04-29T22:32:54.444214Z
019ddb5f-b0e0-0000-0000-cd3b4228501e,théophile kasavubu,male,17,teenager,CD,2026-04-29T22:32:54.752383Z
019ddb5f-b211-0000-0000-e7760bda6ea7,walid khatib,male,50,adult,MA,2026-04-29T22:32:55.057936Z
019ddb5f-b344-0000-0000-657a21b3e2be,hyacinthe mobutu,male,43,adult,CM,2026-04-29T22:32:55.364958Z
019ddb5f-b570-0000-0000-ef95aadc9205,walid bouazza,male,11,child,SD,2026-04-29T22:32:55.920707Z
019ddb5f-b8de-0000-0000-57ac61a15de4,ekow zinsou,male,40,adult,NE,2026-04-29T22:32:56.798754Z
019ddb5f-bb45-0000-0000-1bf43b30ed19,hicham kettani,male,43,adult,MA,2026-04-29T22:32:57.413956Z
019ddb5f-bc77-0000-0000-8f460ea96d28,farai nxumalo,male,22,adult,ZA,2026-04-29T22:32:57.719480Z
019ddb5f-c277-0000-0000-c67ac795e673,abdi mthembu,male,50,adult,MZ,2026-04-29T22:32:59.256047Z
019ddb5f-ce1a-0000-0000-0de9eae7ef35,matthew williams,male,87,senior,FR,2026-04-29T22:33:02.234791Z
019ddb5f-d212-0000-0000-45b61d293637,tatenda khumalo,male,33,adult,LS,2026-04-29T22:33:03.251062Z
019ddb5f-d477-0000-0000-d1120d031711,hicham saidi,male,21,adult,LY,2026-04-29T22:33:03.863891Z
019ddb5f-d5ab-0000-0000-f0c49749be8e,abdou hounsou,male,36,adult,GH,2026-04-29T22:33:04.171472Z
019ddb5f-d6de-0000-0000-83c164ff09fd,sizwe dlamini,male,8,child,UG,2026-04-29T22:33:04.478673Z
019ddb5f-da11-0000-0000-c626bc24db6b,fortuné kabila,male,78,senior,CM,2026-04-29T22:33:05.297929Z
019ddb5f-ddad-0000-0000-805c1314df5c,bienvenu lumumba,male,53,adult,CD,2026-04-29T22:33:06.221395Z
019ddb5f-df9c-0000-0000-97c2bd2cceeb,charles parker,male,35,adult,FR,2026-04-29T22:33:06.716709Z
019ddb5f-e345-0000-0000-99b8253fe367,thomas harris,male,26,adult,GB,2026-04-29T22:33:07.653677Z
019ddb5f-e5ab-0000-0000-b94a0ed3c9dc,lamine zinsou,male,38,adult,ML,2026-04-29T22:33:08.267266Z
019ddb5f-e6b5-0000-0000-25acd35552a9,kola babatunde,male,49,adult,TG,2026-04-29T22:33:08.533906Z
019ddb5f-e8f3-0000-0000-cb749a641138,tesfaye ndlovu,male,59,adult,RW,2026-04-29T22:33:09.107723Z
019ddb5f-eb44-0000-0000-c27fa05c9135,kariuki masondo,male,41,adult,KE,2026-04-29T22:33:09.700422Z
019ddb5f-ec78-0000-0000-3abee4c5105d,ama agyei,male,5,child,NG,2026-04-29T22:33:10.008828Z
019ddb5f-edaa-0000-0000-66d865001cc0,kevin martin,male,17,teenager,GB,2026-04-29T22:33:10.314980Z
019ddb5f-eecb-0000-0000-7ad4192e57b0,hicham berrada,male,34,adult,EG,2026-04-29T22:33:10.603624Z
019ddb5f-f012-0000-0000-fc2e3bdee42c,tadesse hassan,male,33,adult,ER,2026-04-29T22:33:10.930105Z
019ddb5f-f145-0000-0000-de458f3ca3da,lerato dlamini,male,81,senior,AO,2026-04-29T22:33:11.237665Z
019ddb5f-f2f3-0000-0000-ba54dcb3e4a8,didier nikiéma,male,69,senior,BJ,2026-04-29T22:33:11.667230Z
019ddb5f-f412-0000-0000-c61cad735b7d,moussa ouédraogo,male,88,senior,TG,2026-04-29T22:33:11.954532Z
019ddb5f-f545-0000-0000-55437ec311b8,yusuf abdi,male,49,adult,UG,2026-04-29T22:33:12.261115Z
019ddb5f-f7ab-0000-0000-9dc558d339a1,paul harris,male,48,adult,US,2026-04-29T22:33:12.875668Z
019ddb5f-f8de-0000-0000-efb371ff24bd,sizwe sibanda,male,54,adult,ZA,2026-04-29T22:33:13.182758Z
019ddb5f-fb46-0000-0000-7af03d39df2b,jean mukendi,male,29,adult,CG,2026-04-29T22:33:13.798740Z
019ddb5f-fc78-0000-0000-3f0fecefafff,sizwe mnguni,male,49,adult,ET,2026-04-29T22:33:14.104534Z
019ddb5f-fdab-0000-0000-28b99bfe64fa,odhiambo elmi,male,45,adult,UG,2026-04-29T22:33:14.411762Z
019ddb5f-fede-0000-0000-5cc05972a4d5,youssef benali,male,27,adult,TN,2026-04-29T22:33:14.719055Z
019ddb60-0315-0000-0000-3e2e4305afc0,omar saidi,male,27,adult,EG,2026-04-29T22:33:15.797534Z
019ddb60-0406-0000-0000-cd2671d7d342,ebo sidibé,male,48,adult,BJ,2026-04-29T22:33:16.038176Z
019ddb60-052b-0000-0000-06a9acb84f97,bongani ndlovu,male,46,adult,AO,2026-04-29T22:33:16.331880Z
019ddb60-0744-0000-0000-f2c993520edf,ahmed adhiambo,male,17,teenager,ER,2026-04-29T22:33:16.868979Z
019ddb60-09ab-0000-0000-5ccba2e0666a,kagiso dlamini,male,31,adult,TZ,2026-04-29T22:33:17.483362Z
019ddb60-0adf-0000-0000-af9a8b532219,sizwe otieno,male,26,adult,RW,2026-04-29T22:33:17.791129Z
019ddb60-0d45-0000-0000-fa17257c0f29,serge lokossou,male,20,adult,BJ,2026-04-29T22:33:18.405636Z
019ddb60-0fab-0000-0000-c151e962a961,richard barro,male,58,adult,NG,2026-04-29T22:33:19.019562Z
019ddb60-1344-0000-0000-0acf9587fe66,paul barro,male,67,senior,SN,2026-04-29T22:33:19.940837Z
019ddb60-1677-0000-0000-ff91f70ed729,joseph taylor,male,14,teenager,GB,2026-04-29T22:33:20.759749Z
019ddb60-18df-0000-0000-b61eab078e85,khaled khatib,male,5,child,SD,2026-04-29T22:33:21.375415Z
019ddb60-19d6-0000-0000-2893ebedfb6f,anthony martin,male,20,adult,FR,2026-04-29T22:33:21.622467Z
019ddb60-1c10-0000-0000-946b030f34e1,tatenda masondo,male,65,senior,AO,2026-04-29T22:33:22.192857Z
019ddb60-1faa-0000-0000-6fae8d85d8a0,louis nkoghe,male,28,adult,CF,2026-04-29T22:33:23.115007Z
019ddb60-2211-0000-0000-269ab8c5f539,desta getachew,male,58,adult,TZ,2026-04-29T22:33:23.730016Z
019ddb60-2344-0000-0000-11dffba00ec0,sipho adhiambo,male,33,adult,KE,2026-04-29T22:33:24.036474Z
019ddb60-2477-0000-0000-507a986fd738,thabo mhlanga,male,29,adult,ZA,2026-04-29T22:33:24.344043Z
019ddb60-2a78-0000-0000-09da13afb2eb,tunde barro,male,84,senior,NG,2026-04-29T22:33:25.880436Z
019ddb60-2bab-0000-0000-2b87dc6b1835,lamine kponton,male,52,adult,NG,2026-04-29T22:33:26.187165Z
019ddb60-2e11-0000-0000-d3efa5eddd65,lamine adomou,male,80,senior,BJ,2026-04-29T22:33:26.801356Z
019ddb60-2f44-0000-0000-c4bad954a7f1,mohamed bouazza,male,57,adult,TN,2026-04-29T22:33:27.108944Z
019ddb60-3078-0000-0000-177ff7e64c96,abdou dossou,male,24,adult,ML,2026-04-29T22:33:27.416248Z
019ddb60-3277-0000-0000-c3ad00b0f36f,femi sawadogo,male,39,adult,GN,2026-04-29T22:33:27.927507Z
019ddb60-3543-0000-0000-206ca0255493,kamau cele,male,57,adult,ET,2026-04-29T22:33:28.644036Z
019ddb60-3945-0000-0000-ab21de7639af,tinashe dube,male,36,adult,SZ,2026-04-29T22:33:29.669381Z
019ddb60-3b65-0000-0000-d206088f9cee,lamine afolabi,male,43,adult,GH,2026-04-29T22:33:30.213108Z
019ddb60-3faa-0000-0000-fe7fbe4b1dc4,ali mnguni,male,7,child,KE,2026-04-29T22:33:31.306326Z
019ddb60-413c-0000-0000-96ba29b58295,paul wright,male,30,adult,CN,2026-04-29T22:33:31.708218Z
019ddb60-424a-0000-0000-8804e4123bf5,femi hounsou,male,36,adult,BJ,2026-04-29T22:33:31.978895Z
019ddb60-4473-0000-0000-fbf502569e2f,edward nguyen,male,25,adult,US,2026-04-29T22:33:32.531428Z
019ddb60-4559-0000-0000-c26640a0eb03,farah tesfaye,male,55,adult,KE,2026-04-29T22:33:32.762029Z
019ddb60-4bab-0000-0000-360ccb937b48,charles green,male,32,adult,IN,2026-04-29T22:33:34.379299Z
019ddb60-5011-0000-0000-0e4495f35587,hassan desta,male,84,senior,MG,2026-04-29T22:33:35.505996Z
019ddb60-52f0-0000-0000-3acb8c5ca326,thabo sibanda,male,35,adult,ZA,2026-04-29T22:33:36.240983Z
019ddb60-5411-0000-0000-d23863ddebea,takoda ali,male,41,adult,KE,2026-04-29T22:33:36.529305Z
019ddb60-5543-0000-0000-6c14e5ac4c0a,girma alemu,male,88,senior,ET,2026-04-29T22:33:36.836000Z
019ddb60-5677-0000-0000-e993cae20e9c,kevin evans,male,25,adult,DE,2026-04-29T22:33:37.143821Z
019ddb60-57ab-0000-0000-996ae0a9d576,mpho nxumalo,male,59,adult,ZA,2026-04-29T22:33:37.451128Z
019ddb60-5a11-0000-0000-4863ad6d7b76,abdou segla,male,21,adult,GM,2026-04-29T22:33:38.066301Z
019ddb60-5b08-0000-0000-160b2848c3ad,yaw okafor,male,26,adult,SN,2026-04-29T22:33:38.312799Z
019ddb60-5e78-0000-0000-d7eac0296711,munashe nxumalo,male,25,adult,ZW,2026-04-29T22:33:39.192392Z
019ddb60-5fab-0000-0000-2c8be4410a34,edward young,male,89,senior,CN,2026-04-29T22:33:39.499356Z
019ddb60-6477-0000-0000-0f8d758398c9,njoroge abdi,male,31,adult,ET,2026-04-29T22:33:40.728115Z
019ddb60-65ab-0000-0000-c8d52fe07bd6,kamau mwangi,male,58,adult,KE,2026-04-29T22:33:41.035991Z
019ddb60-66de-0000-0000-a930985c6ad7,kofi sawadogo,male,38,adult,GN,2026-04-29T22:33:41.342578Z
019ddb60-6811-0000-0000-23e19285b9e8,tinashe nkomo,male,89,senior,ZM,2026-04-29T22:33:41.649744Z
019ddb60-6bab-0000-0000-79a21da6e42c,themba otieno,male,86,senior,RW,2026-04-29T22:33:42.571454Z
019ddb60-7011-0000-0000-72b26b24d1ad,pierre tshisekedi,male,62,senior,GA,2026-04-29T22:33:43.697307Z
019ddb60-7144-0000-0000-8987f36bae7b,desta bekele,male,7,child,ET,2026-04-29T22:33:44.004124Z
019ddb60-73ab-0000-0000-505788602103,hyacinthe kalonji,male,51,adult,GA,2026-04-29T22:33:44.619200Z
019ddb60-7612-0000-0000-126351c5303f,farah nxumalo,male,11,child,ER,2026-04-29T22:33:45.234136Z
019ddb60-7744-0000-0000-93f98688a46b,kwame dossou,male,19,teenager,GH,2026-04-29T22:33:45.541268Z
019ddb60-7ade-0000-0000-843a184d5d9a,mpho khumalo,male,70,senior,ET,2026-04-29T22:33:46.462248Z
019ddb60-7c11-0000-0000-feea9c6f2709,parfait kabila,male,59,adult,CF,2026-04-29T22:33:46.769775Z
019ddb60-7d44-0000-0000-81711329250b,ebo hounsou,male,81,senior,GH,2026-04-29T22:33:47.076787Z
019ddb60-7faa-0000-0000-d3f1e8e491f7,sipho mhlanga,male,56,adult,AO,2026-04-29T22:33:47.690732Z
019ddb60-80de-0000-0000-2ca458731ff6,mutua desta,male,8,child,KE,2026-04-29T22:33:47.999035Z
019ddb60-8210-0000-0000-3bef7d9dcc03,tesfaye njoroge,male,13,teenager,KE,2026-04-29T22:33:48.304932Z
019ddb60-8344-0000-0000-2f415c6a8bcc,thomas green,male,50,adult,JP,2026-04-29T22:33:48.613076Z
019ddb60-85ab-0000-0000-a236d4edfe5f,tinashe dlamini,male,80,senior,SZ,2026-04-29T22:33:49.228059Z
019ddb60-86de-0000-0000-2b5ff92bb22b,daniel osei,male,38,adult,BJ,2026-04-29T22:33:49.534641Z
019ddb60-8944-0000-0000-1f57058522f4,themba ndlovu,male,18,teenager,ST,2026-04-29T22:33:50.148566Z
019ddb60-8cdd-0000-0000-8a709ec9c8d4,mohamed kettani,male,16,teenager,MA,2026-04-29T22:33:51.070094Z
019ddb60-8f44-0000-0000-0c0af241b9a0,mengistu ndlovu,male,21,adult,KE,2026-04-29T22:33:51.684874Z
019ddb60-9077-0000-0000-e72d8d1ce00d,hassan bouazza,male,7,child,EG,2026-04-29T22:33:51.991957Z
019ddb60-92b1-0000-0000-ca380fdabcb8,farai ndebele,male,44,adult,ZA,2026-04-29T22:33:52.562043Z
019ddb60-9611-0000-0000-caf820308820,getachew haile,male,39,adult,TZ,2026-04-29T22:33:53.425387Z
019ddb60-99ab-0000-0000-e8b2e2c6de48,franck okafor,male,73,senior,NG,2026-04-29T22:33:54.347599Z
019ddb60-9ae5-0000-0000-f932c12a26d7,rené ping,male,25,adult,CM,2026-04-29T22:33:54.661186Z
019ddb60-9c11-0000-0000-9302ed00ca24,lamine dao,male,51,adult,NG,2026-04-29T22:33:54.961511Z
019ddb60-9e77-0000-0000-0255a704cae7,abebe khumalo,male,46,adult,KE,2026-04-29T22:33:55.575935Z
019ddb60-9fab-0000-0000-ee24bc4196bb,ouma jama,male,6,child,MZ,2026-04-29T22:33:55.883238Z
019ddb60-a211-0000-0000-0766fe572197,kwame amoah,male,26,adult,NG,2026-04-29T22:33:56.497589Z
019ddb60-a344-0000-0000-9efd5764001d,daniel nguyen,male,44,adult,IN,2026-04-29T22:33:56.804820Z
019ddb60-a478-0000-0000-f8610993b01d,samuel owusu,male,38,adult,CI,2026-04-29T22:33:57.112200Z
019ddb60-a878-0000-0000-a31b1c61698c,youssef saidi,male,27,adult,EG,2026-04-29T22:33:58.137007Z
019ddb60-ae78-0000-0000-d9ea54b852af,lerato nyoni,male,39,adult,ZW,2026-04-29T22:33:59.672279Z
019ddb60-b0f4-0000-0000-6cfbdc8912f2,yaw traoré,male,34,adult,GH,2026-04-29T22:34:00.308299Z
019ddb60-b444-0000-0000-407568faa19b,david tchalla,male,79,senior,CI,2026-04-29T22:34:01.156988Z
019ddb60-b53a-0000-0000-5ae226e9b782,rené lumumba,male,44,adult,GA,2026-04-29T22:34:01.402212Z
019ddb60-b628-0000-0000-76d3b227af3a,takudzwa nyoni,male,79,senior,ZW,2026-04-29T22:34:01.640743Z
019ddb60-b839-0000-0000-6e5a9a437651,steven taylor,male,22,adult,AU,2026-04-29T22:34:02.169061Z
019ddb60-bede-0000-0000-ae8ba09a6089,cheikh owusu,male,9,child,NG,2026-04-29T22:34:03.870487Z
019ddb60-c010-0000-0000-8dd1cb10d665,mark segla,male,47,adult,ML,2026-04-29T22:34:04.176510Z
019ddb60-c276-0000-0000-551465659ac7,tebogo shabalala,male,23,adult,SZ,2026-04-29T22:34:04.791018Z
019ddb60-c796-0000-0000-fa351f5f1d9a,anthony carter,male,32,adult,AU,2026-04-29T22:34:06.103101Z
019ddb60-c87d-0000-0000-9505bd00889b,mpho ncube,male,14,teenager,BW,2026-04-29T22:34:06.333334Z
019ddb60-c9ab-0000-0000-f7c43e03c815,john jones,male,15,teenager,GB,2026-04-29T22:34:06.635255Z
019ddb60-cade-0000-0000-ceca5183a05a,timothy davis,male,24,adult,GB,2026-04-29T22:34:06.942232Z
019ddb60-cc10-0000-0000-ce658d2622e5,segun osei,male,56,adult,GN,2026-04-29T22:34:07.248625Z
019ddb60-ce76-0000-0000-4b18adf5da0b,ekow adomou,male,46,adult,SN,2026-04-29T22:34:07.862728Z
019ddb60-cfab-0000-0000-db93dd8662c5,tebogo sibanda,male,36,adult,LS,2026-04-29T22:34:08.171355Z
019ddb60-d0dd-0000-0000-8fb8ae521013,samuel sidibé,male,68,senior,NG,2026-04-29T22:34:08.477985Z
019ddb60-d211-0000-0000-00a87ce15d0b,abdou nikiéma,male,21,adult,NG,2026-04-29T22:34:08.785209Z
019ddb60-d5bd-0000-0000-51732f4932de,mpho mthembu,male,15,teenager,BW,2026-04-29T22:34:09.725473Z
019ddb60-d6dd-0000-0000-4348208b5d59,calixte mensah,male,56,adult,SN,2026-04-29T22:34:10.013679Z
019ddb60-dbaa-0000-0000-f5d169e16a4c,ade ouédraogo,male,12,child,SN,2026-04-29T22:34:11.242398Z
019ddb60-de10-0000-0000-9bf529afa76c,tesfaye desta,male,29,adult,KE,2026-04-29T22:34:11.856584Z
019ddb60-e03a-0000-0000-ea8b0a5b8a95,théophile ondimba,male,16,teenager,CM,2026-04-29T22:34:12.410294Z
019ddb60-e21b-0000-0000-4be1bd0a5847,tadesse tadesse,male,63,senior,ET,2026-04-29T22:34:12.891510Z
019ddb60-e53d-0000-0000-b37650851620,kagiso sibanda,male,29,adult,ZA,2026-04-29T22:34:13.693978Z
019ddb60-e634-0000-0000-81b0ceef536d,john davis,male,38,adult,FR,2026-04-29T22:34:13.940964Z
019ddb60-e745-0000-0000-c5a4cc268096,paul tapsoba,male,18,teenager,NG,2026-04-29T22:34:14.213360Z
019ddb60-e9aa-0000-0000-49d115d59f94,bayo diallo,male,9,child,NG,2026-04-29T22:34:14.826948Z
019ddb60-eade-0000-0000-23baaaf1df2a,yusuf tadesse,male,18,teenager,KE,2026-04-29T22:34:15.134250Z
019ddb60-ec02-0000-0000-21c357ecd185,john anderson,male,17,teenager,FR,2026-04-29T22:34:15.426892Z
019ddb60-ef39-0000-0000-3bdc32217a89,kwame igwe,male,28,adult,GH,2026-04-29T22:34:16.249920Z
019ddb60-f025-0000-0000-fac541f04191,edward garcia,male,46,adult,IN,2026-04-29T22:34:16.485260Z
019ddb60-f36c-0000-0000-654dfe7a5d56,njoroge shabalala,male,14,teenager,DJ,2026-04-29T22:34:17.324995Z
019ddb60-f45b-0000-0000-cccf27fc15be,mamadou nikiéma,male,58,adult,GH,2026-04-29T22:34:17.563893Z
019ddb60-f610-0000-0000-87b79f11e9ec,paul green,male,55,adult,GB,2026-04-29T22:34:18.000328Z
019ddb60-f745-0000-0000-4d516efebd56,daniel carter,male,63,senior,IN,2026-04-29T22:34:18.309719Z
019ddb60-fadd-0000-0000-3f1e5f7e1d8d,charles white,male,82,senior,IN,2026-04-29T22:34:19.229167Z
019ddb60-fe78-0000-0000-0cb8a48c9923,emeka camara,male,38,adult,NG,2026-04-29T22:34:20.152280Z
019ddb60-ffaa-0000-0000-7fe9e70349ff,youssef berrada,male,70,senior,EG,2026-04-29T22:34:20.458813Z
019ddb61-00de-0000-0000-cf588db28df0,joseph thompson,male,43,adult,BR,2026-04-29T22:34:20.766443Z
019ddb61-0345-0000-0000-f233bd8d6c26,tinashe mthembu,male,40,adult,ZW,2026-04-29T22:34:21.381913Z
019ddb61-043f-0000-0000-e58088fed776,khaled rachidi,male,44,adult,EG,2026-04-29T22:34:21.631352Z
019ddb61-0525-0000-0000-91f55685a903,themba odhiambo,male,72,senior,UG,2026-04-29T22:34:21.861050Z
019ddb61-0677-0000-0000-b46d05e9f455,bayo antwi,male,74,senior,NG,2026-04-29T22:34:22.199760Z
019ddb61-0a10-0000-0000-b0296eb2f35f,mengistu tesfaye,male,7,child,KE,2026-04-29T22:34:23.120215Z
019ddb61-0c77-0000-0000-c3298216b778,joseph martin,male,43,adult,GB,2026-04-29T22:34:23.735315Z
019ddb61-0daa-0000-0000-c1ab0b2eb3d0,gary davis,male,85,senior,FR,2026-04-29T22:34:24.042123Z
019ddb61-0edd-0000-0000-49ba983e5ff0,tebogo nxumalo,male,37,adult,ZW,2026-04-29T22:34:24.349389Z
019ddb61-0ff4-0000-0000-0ea1737a8664,paul king,male,28,adult,FR,2026-04-29T22:34:24.628965Z
019ddb61-1211-0000-0000-333ffc790764,théodore okonkwo,male,67,senior,CI,2026-04-29T22:34:25.169731Z
019ddb61-1344-0000-0000-8cd7d64d343d,bongani mwangi,male,41,adult,KM,2026-04-29T22:34:25.476152Z
019ddb61-196c-0000-0000-30ace9f61bb9,tendai otieno,male,85,senior,ET,2026-04-29T22:34:27.053276Z
019ddb61-1aa8-0000-0000-539ff4658a39,parfait mobutu,male,40,adult,CD,2026-04-29T22:34:27.368411Z
019ddb61-1f43-0000-0000-76824e2db204,themba mthembu,male,58,adult,KE,2026-04-29T22:34:28.547613Z
019ddb61-21ab-0000-0000-4506b155f01f,rudo khumalo,male,11,child,ZM,2026-04-29T22:34:29.163468Z
019ddb61-22de-0000-0000-efe7562204c5,bayo okonkwo,male,45,adult,BJ,2026-04-29T22:34:29.470210Z
019ddb61-24f9-0000-0000-5b57d3a04bcc,odhiambo otieno,male,14,teenager,MU,2026-04-29T22:34:30.009376Z
019ddb61-2877-0000-0000-d3c6a712c6ca,thabo mthembu,male,52,adult,MU,2026-04-29T22:34:30.904072Z
019ddb61-2add-0000-0000-13f20dd690ad,mwangi desta,male,90,senior,MW,2026-04-29T22:34:31.517703Z
019ddb61-2c10-0000-0000-a39da901013e,sizwe nxumalo,male,37,adult,ZA,2026-04-29T22:34:31.824322Z
019ddb61-2f44-0000-0000-89171a30524e,haile odhiambo,male,10,child,TZ,2026-04-29T22:34:32.644509Z
019ddb61-3077-0000-0000-6fdfc082f781,kwame bah,male,35,adult,NG,2026-04-29T22:34:32.951619Z
019ddb61-31aa-0000-0000-8c6aae25b3e5,moussa okafor,male,8,child,NG,2026-04-29T22:34:33.258897Z
019ddb61-32de-0000-0000-89894fbf9258,farai nkomo,male,60,senior,ZA,2026-04-29T22:34:33.566369Z
019ddb61-3411-0000-0000-a4b99b04cf15,femi agyei,male,53,adult,EH,2026-04-29T22:34:33.873849Z
019ddb61-3612-0000-0000-9ed627545d65,youssef kettani,male,8,child,MA,2026-04-29T22:34:34.386216Z
019ddb61-3743-0000-0000-4b03acc432b1,emeka osei,male,80,senior,GN,2026-04-29T22:34:34.691382Z
019ddb61-3877-0000-0000-37cd18b73a2c,gilbert amoah,male,44,adult,CI,2026-04-29T22:34:34.999741Z
019ddb61-39ab-0000-0000-ce6b1371abe8,kariuki farah,male,52,adult,MG,2026-04-29T22:34:35.307808Z
019ddb61-3add-0000-0000-062a84eb0c9a,charles king,male,27,adult,FR,2026-04-29T22:34:35.613984Z
019ddb61-3c11-0000-0000-99aa3ac955e2,ekow konaté,male,29,adult,BJ,2026-04-29T22:34:35.921493Z
019ddb61-3faa-0000-0000-c2988458ef4e,paul kasavubu,male,21,adult,CD,2026-04-29T22:34:36.842736Z
019ddb61-40dd-0000-0000-ff2d0153109d,kofi babatunde,male,49,adult,ML,2026-04-29T22:34:37.149982Z
019ddb61-44dd-0000-0000-295a35704cd8,adil amrani,male,53,adult,TN,2026-04-29T22:34:38.173654Z
019ddb61-4877-0000-0000-bd0013a0bd60,franck igwe,male,58,adult,NG,2026-04-29T22:34:39.095439Z
019ddb61-4973-0000-0000-2eb9efb7b11b,bienvenu nkoghe,male,41,adult,CM,2026-04-29T22:34:39.347905Z
019ddb61-4a77-0000-0000-d5509b92d4b0,mark antwi,male,58,adult,SL,2026-04-29T22:34:39.607817Z
019ddb61-4bab-0000-0000-72aee0f106f6,hassan ali,male,67,senior,BI,2026-04-29T22:34:39.915898Z
019ddb61-4ce1-0000-0000-7c6ae021ba73,yaw zongo,male,81,senior,ML,2026-04-29T22:34:40.226052Z
019ddb61-4e10-0000-0000-e03e06c930c2,ryan campbell,male,76,senior,US,2026-04-29T22:34:40.528986Z
019ddb61-4f44-0000-0000-f3c7d5363f66,mutua masondo,male,61,senior,KE,2026-04-29T22:34:40.836410Z
019ddb61-5410-0000-0000-8e773afb6c61,célestin ping,male,29,adult,CM,2026-04-29T22:34:42.064419Z
019ddb61-5543-0000-0000-97466fa83105,rené bomboko,male,31,adult,CF,2026-04-29T22:34:42.372092Z
019ddb61-5a11-0000-0000-646655bab33b,arsène boateng,male,7,child,GH,2026-04-29T22:34:43.601366Z
019ddb61-5c77-0000-0000-0f5436d0565c,omar filali,male,17,teenager,MA,2026-04-29T22:34:44.215237Z
019ddb61-5ede-0000-0000-81aa93d37223,pierre mboumba,male,51,adult,CD,2026-04-29T22:34:44.830218Z
019ddb61-6011-0000-0000-5f0922c5b27a,ekow adeyemi,male,29,adult,GH,2026-04-29T22:34:45.137151Z
019ddb61-6144-0000-0000-f05c41235a9a,chidi nwosu,male,7,child,ML,2026-04-29T22:34:45.444648Z
019ddb61-6277-0000-0000-2ee09d83b400,mengistu abdi,male,86,senior,RW,2026-04-29T22:34:45.751368Z
019ddb61-6744-0000-0000-44d35f5f9826,sipho abdi,male,22,adult,RW,2026-04-29T22:34:46.980312Z
019ddb61-6877-0000-0000-ffe74cf14a0d,abebe nkosi,male,5,child,UG,2026-04-29T22:34:47.287593Z
019ddb61-6baa-0000-0000-decfc04d95b2,sipho getachew,male,17,teenager,TZ,2026-04-29T22:34:48.107289Z
019ddb61-6e10-0000-0000-419771bacb2a,mengistu bekele,male,62,senior,KE,2026-04-29T22:34:48.720894Z
019ddb61-7410-0000-0000-740029a682b9,david wright,male,16,teenager,FR,2026-04-29T22:34:50.256055Z
019ddb61-7512-0000-0000-590e207693a9,mamadou touré,male,34,adult,GH,2026-04-29T22:34:50.514248Z
019ddb61-75f6-0000-0000-07049fbf937a,tunde okonkwo,male,7,child,SN,2026-04-29T22:34:50.742244Z
019ddb61-76e3-0000-0000-0a7968351631,hamza kettani,male,48,adult,MA,2026-04-29T22:34:50.979917Z
019ddb61-79a1-0000-0000-51b416013c27,ryan nguyen,male,17,teenager,BR,2026-04-29T22:34:51.681288Z
019ddb61-7c10-0000-0000-e8cfc5b5d952,bongani dlamini,male,51,adult,ZA,2026-04-29T22:34:52.304777Z
019ddb61-7d43-0000-0000-46e9989e55f3,marcel adoula,male,8,child,CM,2026-04-29T22:34:52.611444Z
019ddb61-7e76-0000-0000-b94e235129ab,michael miller,male,10,child,CN,2026-04-29T22:34:52.918353Z
019ddb61-7faa-0000-0000-0db5c04cbab9,pierre lumumba,male,35,adult,CM,2026-04-29T22:34:53.226230Z
019ddb61-80a3-0000-0000-1f64e2208d20,andrew garcia,male,43,adult,FR,2026-04-29T22:34:53.475781Z
019ddb61-83e0-0000-0000-babc10f5f4c9,getachew getachew,male,52,adult,UG,2026-04-29T22:34:54.304983Z
019ddb61-84dc-0000-0000-4a170f2f092a,simba masondo,male,59,adult,SZ,2026-04-29T22:34:54.556683Z
019ddb61-8877-0000-0000-256e84683907,yusuf haile,male,58,adult,ET,2026-04-29T22:34:55.479387Z
019ddb61-8c77-0000-0000-edd173920b71,segun agyei,male,33,adult,CI,2026-04-29T22:34:56.503737Z
019ddb61-8edd-0000-0000-d8e5c61a7dec,zakaria hajji,male,72,senior,EG,2026-04-29T22:34:57.117512Z
019ddb61-9142-0000-0000-082e5e4a1502,desta girma,male,31,adult,MZ,2026-04-29T22:34:57.730983Z
019ddb61-9275-0000-0000-b7a6c990cdff,robert scott,male,27,adult,US,2026-04-29T22:34:58.038088Z
019ddb61-936e-0000-0000-40e1a2aee47b,samuel coulibaly,male,6,child,BJ,2026-04-29T22:34:58.286987Z
019ddb61-9457-0000-0000-4e93ba5d7297,kunle babatunde,male,12,child,CI,2026-04-29T22:34:58.519960Z
019ddb61-95a9-0000-0000-1c333d5fd9ea,richard williams,male,71,senior,GB,2026-04-29T22:34:58.857815Z
019ddb61-96dd-0000-0000-dedd4e7a92c3,themba khumalo,male,41,adult,ZW,2026-04-29T22:34:59.165681Z
019ddb61-9943-0000-0000-dc4543906591,jacques kabila,male,38,adult,GQ,2026-04-29T22:34:59.779717Z
019ddb61-9b61-0000-0000-5a34ab8b417b,michael adams,male,74,senior,AU,2026-04-29T22:35:00.321524Z
019ddb61-9c4f-0000-0000-c7be03eaca1b,bongani kamau,male,25,adult,ET,2026-04-29T22:35:00.559727Z
019ddb61-9d41-0000-0000-359b27e13f06,kofi amoah,male,30,adult,MR,2026-04-29T22:35:00.801891Z
019ddb61-9e2b-0000-0000-c36b4395af7e,mehdi berrada,male,5,child,TN,2026-04-29T22:35:01.036106Z
019ddb61-a077-0000-0000-1f97ace7d0e3,mpho nkosi,male,27,adult,ST,2026-04-29T22:35:01.623190Z
019ddb61-a389-0000-0000-c2ad3e2c8d8b,tendai girma,male,22,adult,KE,2026-04-29T22:35:02.410119Z
019ddb61-a4d6-0000-0000-2fce955af9a7,richard king,male,54,adult,IN,2026-04-29T22:35:02.742370Z
019ddb61-a7d8-0000-0000-be75a7b94982,karim alaoui,male,89,senior,EG,2026-04-29T22:35:03.512088Z
019ddb61-a8c3-0000-0000-a7abf502c7e7,thabo ncube,male,29,adult,ZA,2026-04-29T22:35:03.747713Z
019ddb61-a9b7-0000-0000-4f4b969e0d78,matthew jones,male,21,adult,DE,2026-04-29T22:35:03.991182Z
019ddb61-ac0f-0000-0000-ae523b53c7d1,desta achieng,male,72,senior,UG,2026-04-29T22:35:04.591890Z
019ddb61-ae35-0000-0000-164f9b59651d,kagiso getachew,male,11,child,ET,2026-04-29T22:35:05.141452Z
019ddb61-af44-0000-0000-e1f6d5a75ffb,paul adjei,male,53,adult,CI,2026-04-29T22:35:05.412190Z
019ddb61-b1a9-0000-0000-ae2353a68681,bekele ouma,male,19,teenager,KM,2026-04-29T22:35:06.025600Z
019ddb61-b37a-0000-0000-e4f2208fdf2c,david miller,male,13,teenager,FR,2026-04-29T22:35:06.491036Z
019ddb61-b477-0000-0000-33013480a8a8,femi adjei,male,19,teenager,MR,2026-04-29T22:35:06.743180Z
019ddb61-b5aa-0000-0000-0915fb47379e,tebogo dlamini,male,14,teenager,ZA,2026-04-29T22:35:07.050273Z
019ddb61-b6dd-0000-0000-20612242004c,bienvenu tshisekedi,male,9,child,CM,2026-04-29T22:35:07.357587Z
019ddb61-b811-0000-0000-97aedbfec993,youssef filali,male,29,adult,SD,2026-04-29T22:35:07.665206Z
019ddb61-bd42-0000-0000-b2103e096ca3,paul smith,male,14,teenager,US,2026-04-29T22:35:08.995014Z
019ddb61-c0dd-0000-0000-4b2ac0888c09,lesego sibanda,male,59,adult,ZW,2026-04-29T22:35:09.917424Z
019ddb61-c1cb-0000-0000-fbc2ae30a54a,farah kamau,male,51,adult,MG,2026-04-29T22:35:10.155357Z
019ddb61-c2de-0000-0000-04ba9677a816,oumar diallo,male,24,adult,NE,2026-04-29T22:35:10.430849Z
019ddb61-c3cf-0000-0000-b012403ecc4a,mark garcia,male,6,child,IN,2026-04-29T22:35:10.671228Z
019ddb61-c4dd-0000-0000-bb0662d02b66,bongani odhiambo,male,27,adult,MU,2026-04-29T22:35:10.941424Z
019ddb61-c716-0000-0000-3a372cc66c4b,franck barro,male,41,adult,BF,2026-04-29T22:35:11.510216Z
019ddb61-ca76-0000-0000-e17d2cddd780,karim mansouri,male,18,teenager,SD,2026-04-29T22:35:12.374099Z
019ddb61-ce28-0000-0000-08f0fcc1167e,yusuf ndlovu,male,32,adult,ET,2026-04-29T22:35:13.320545Z
019ddb61-d004-0000-0000-ff5b03e83b28,sipho nyoni,male,56,adult,ZA,2026-04-29T22:35:13.796821Z
019ddb61-d0f6-0000-0000-ef3eacf60525,célestin nkoghe,male,34,adult,GQ,2026-04-29T22:35:14.038146Z
019ddb61-d1d3-0000-0000-ef0665d8fac1,omar omar,male,83,senior,UG,2026-04-29T22:35:14.259618Z
019ddb61-d2c2-0000-0000-a7869c12fa8c,george nguyen,male,15,teenager,FR,2026-04-29T22:35:14.498275Z
019ddb61-d6a7-0000-0000-4f3fc40c6887,othmane el fassi,male,24,adult,EG,2026-04-29T22:35:15.495398Z
019ddb61-dadc-0000-0000-d660563f724f,tadesse nxumalo,male,19,teenager,UG,2026-04-29T22:35:16.572866Z
019ddb61-de10-0000-0000-e1433570d3e5,mutua nkosi,male,12,child,MG,2026-04-29T22:35:17.392291Z
019ddb61-df43-0000-0000-b5f8c83a006e,mark parker,male,60,senior,BR,2026-04-29T22:35:17.699554Z
019ddb61-e077-0000-0000-139cc7f34d21,pierre ondimba,male,47,adult,CM,2026-04-29T22:35:18.007225Z
019ddb61-e1aa-0000-0000-6a69f48a02a3,moussa touré,male,29,adult,CI,2026-04-29T22:35:18.314374Z
019ddb61-e40f-0000-0000-ca43585974f3,abebe abebe,male,28,adult,UG,2026-04-29T22:35:18.927629Z
019ddb61-e943-0000-0000-729891abb1bd,mamadou barro,male,21,adult,NG,2026-04-29T22:35:20.261529Z
019ddb61-ec77-0000-0000-65238a2d623d,tesfaye haile,male,43,adult,KE,2026-04-29T22:35:21.079307Z
019ddb61-eedd-0000-0000-654bb811e404,tesfaye alemu,male,24,adult,ET,2026-04-29T22:35:21.693437Z
019ddb61-f143-0000-0000-56ba31832d0e,walid filali,male,79,senior,MA,2026-04-29T22:35:22.307258Z
019ddb61-f361-0000-0000-a50eaf6149a4,omar desta,male,5,child,KE,2026-04-29T22:35:22.849685Z
019ddb61-f477-0000-0000-991a2debb897,richard miller,male,74,senior,IN,2026-04-29T22:35:23.127207Z
019ddb61-f75d-0000-0000-ce8e7fba1998,sizwe getachew,male,16,teenager,RW,2026-04-29T22:35:23.869765Z
019ddb61-f877-0000-0000-726e13447fa0,dieudonné mukendi,male,45,adult,CD,2026-04-29T22:35:24.151514Z
019ddb61-fadd-0000-0000-9264ca2916c2,alexis adjei,male,83,senior,CV,2026-04-29T22:35:24.765194Z
019ddb61-fd43-0000-0000-81a1b596433e,steven thompson,male,7,child,FR,2026-04-29T22:35:25.379577Z
019ddb61-fe3a-0000-0000-ca2a8e518ac9,omar nkosi,male,7,child,MW,2026-04-29T22:35:25.626191Z
019ddb61-ff43-0000-0000-da4f52584017,hicham alaoui,male,31,adult,EG,2026-04-29T22:35:25.891696Z
019ddb62-0743-0000-0000-ad2593a0e6db,tunde sow,male,40,adult,NG,2026-04-29T22:35:27.939441Z
019ddb62-0878-0000-0000-372fe0a99299,william wright,male,53,adult,FR,2026-04-29T22:35:28.248612Z
019ddb62-0add-0000-0000-06e9e5a02d47,bienvenu kalonji,male,60,senior,CM,2026-04-29T22:35:28.861460Z
019ddb62-1476-0000-0000-bfa262f59d92,didier barro,male,79,senior,NG,2026-04-29T22:35:31.318328Z
019ddb62-1876-0000-0000-f6ed2c69b01c,munashe khumalo,male,54,adult,BW,2026-04-29T22:35:32.342164Z
019ddb62-1976-0000-0000-b0999d2a28b9,youssef bennani,male,19,teenager,MA,2026-04-29T22:35:32.598464Z
019ddb62-1da9-0000-0000-cf47a7814201,joseph williams,male,68,senior,US,2026-04-29T22:35:33.673202Z
019ddb62-1edc-0000-0000-d44e9c5f90f5,peter agbodji,male,77,senior,ML,2026-04-29T22:35:33.980353Z
019ddb62-240f-0000-0000-48385cb9e38f,ahmed farah,male,27,adult,TZ,2026-04-29T22:35:35.311564Z
019ddb62-2516-0000-0000-3b227217cb3a,kola diallo,male,78,senior,CI,2026-04-29T22:35:35.574971Z
019ddb62-26f7-0000-0000-8947a9264a33,ibrahim alemu,male,23,adult,ET,2026-04-29T22:35:36.055716Z
019ddb62-2c10-0000-0000-97533a2e0446,kofi sow,male,5,child,ML,2026-04-29T22:35:37.360214Z
019ddb62-2d43-0000-0000-247fd44b79ea,franck okonkwo,male,65,senior,GH,2026-04-29T22:35:37.667480Z
019ddb62-309e-0000-0000-8b8ac3193fff,anthony baker,male,41,adult,IN,2026-04-29T22:35:38.526991Z
019ddb62-31a9-0000-0000-d901d8d5125b,steven turner,male,40,adult,DE,2026-04-29T22:35:38.794087Z
019ddb62-32dc-0000-0000-a4c5618f2f77,othmane khalil,male,45,adult,EG,2026-04-29T22:35:39.100068Z
019ddb62-3410-0000-0000-65ee91ff4bb4,daniel miller,male,54,adult,IN,2026-04-29T22:35:39.408181Z
019ddb62-37aa-0000-0000-320ec42aec87,tafadzwa ndebele,male,58,adult,AO,2026-04-29T22:35:40.330679Z
019ddb62-3da9-0000-0000-e1807e8829aa,joseph anderson,male,83,senior,FR,2026-04-29T22:35:41.865304Z
019ddb62-3eb4-0000-0000-7b541a80a7e9,khaled chraibi,male,44,adult,SD,2026-04-29T22:35:42.132427Z
019ddb62-4676-0000-0000-9d60772b7d24,alexis antwi,male,61,senior,CV,2026-04-29T22:35:44.118522Z
019ddb62-4c08-0000-0000-8356754aca0d,richard hounsou,male,40,adult,GN,2026-04-29T22:35:45.544157Z
019ddb62-4faa-0000-0000-06f1036039f6,kagiso nkomo,male,37,adult,AO,2026-04-29T22:35:46.474450Z
019ddb62-5543-0000-0000-09a2396f5b84,emmanuel nikiéma,male,14,teenager,GH,2026-04-29T22:35:47.907308Z
019ddb62-58dc-0000-0000-4751b5f93b91,kunle hounsou,male,29,adult,NG,2026-04-29T22:35:48.829071Z
019ddb62-5a0f-0000-0000-de2d69470afb,thabo mpofu,male,37,adult,ZA,2026-04-29T22:35:49.135494Z
019ddb62-5b04-0000-0000-a1a8f56e9432,jason torres,male,18,teenager,IN,2026-04-29T22:35:49.381022Z
019ddb62-5d43-0000-0000-6e8a9d3df232,zakaria amrani,male,47,adult,MA,2026-04-29T22:35:49.956091Z
019ddb62-5e76-0000-0000-bbc2ffb4283e,peter okafor,male,26,adult,LR,2026-04-29T22:35:50.262695Z
019ddb62-6344-0000-0000-7e86c6900f57,kagiso ndebele,male,23,adult,ZA,2026-04-29T22:35:51.492156Z
019ddb62-6810-0000-0000-b8dd10e8f58f,joshua allen,male,54,adult,US,2026-04-29T22:35:52.720414Z
019ddb62-6aad-0000-0000-263529581a7c,ade eze,male,59,adult,GH,2026-04-29T22:35:53.389698Z
019ddb62-6ba9-0000-0000-9dcb0228505d,kojo antwi,male,45,adult,GH,2026-04-29T22:35:53.642138Z
019ddb62-6ee8-0000-0000-2b894eb0bd59,franck zinsou,male,53,adult,TG,2026-04-29T22:35:54.472138Z
019ddb62-6fd9-0000-0000-c0082fb5ecf4,nana afolabi,male,74,senior,SL,2026-04-29T22:35:54.713714Z
019ddb62-7342-0000-0000-9e94bbcfac1c,tesfaye abdi,male,87,senior,UG,2026-04-29T22:35:55.586662Z
019ddb62-7564-0000-0000-9081b680aae6,girma jama,male,5,child,MG,2026-04-29T22:35:56.132908Z
019ddb62-7652-0000-0000-e450e772074b,tanaka mhlanga,male,22,adult,AO,2026-04-29T22:35:56.370507Z
019ddb62-782c-0000-0000-18d9a0a6e4b8,kwame sow,male,9,child,GM,2026-04-29T22:35:56.844912Z
019ddb62-7b42-0000-0000-3ffbf16471d9,robert turner,male,30,adult,IN,2026-04-29T22:35:57.634172Z
019ddb62-7d09-0000-0000-9d5ff9d5c48b,mark olawale,male,51,adult,NE,2026-04-29T22:35:58.089127Z
019ddb62-7dfb-0000-0000-b2c3e82ce4d7,tatenda mpofu,male,54,adult,ST,2026-04-29T22:35:58.331971Z
019ddb62-7f42-0000-0000-47f42a3f029a,hassan achieng,male,60,senior,TZ,2026-04-29T22:35:58.658386Z
019ddb62-8075-0000-0000-04affc8f1538,rené gizenga,male,46,adult,CM,2026-04-29T22:35:58.965430Z
019ddb62-840f-0000-0000-567a09fa3237,khaled kettani,male,88,senior,DZ,2026-04-29T22:35:59.887835Z
019ddb62-8675-0000-0000-8a4687bcef11,samir khalil,male,75,senior,EG,2026-04-29T22:36:00.501975Z
019ddb62-88db-0000-0000-daaf7adfffba,odhiambo adhiambo,male,26,adult,TZ,2026-04-29T22:36:01.115480Z
019ddb62-8a0f-0000-0000-87a6e7fcd065,louis adoula,male,52,adult,CM,2026-04-29T22:36:01.423400Z
019ddb62-8b41-0000-0000-a24fedfc52f9,otieno mwangi,male,16,teenager,ET,2026-04-29T22:36:01.730034Z
019ddb62-8d61-0000-0000-9f7a6ccce541,tunde sawadogo,male,16,teenager,NG,2026-04-29T22:36:02.273120Z
019ddb62-8fa9-0000-0000-3652e59e26ba,william nguyen,male,32,adult,GB,2026-04-29T22:36:02.857758Z
019ddb62-9275-0000-0000-e801c0500526,françois nguema,male,40,adult,CD,2026-04-29T22:36:03.573791Z
019ddb62-9848-0000-0000-584a3dc1efa6,getachew mohamed,male,42,adult,BI,2026-04-29T22:36:05.064445Z
019ddb62-9942-0000-0000-795d949840d0,daniel evans,male,65,senior,US,2026-04-29T22:36:05.314587Z
019ddb62-9e0f-0000-0000-5bd49215b725,thabo cele,male,57,adult,ZA,2026-04-29T22:36:06.543688Z
019ddb62-9f38-0000-0000-5a1a2cdb1ec6,boubacar sow,male,8,child,TG,2026-04-29T22:36:06.841012Z
019ddb62-a142-0000-0000-a7a787015856,farai cele,male,23,adult,ZA,2026-04-29T22:36:07.362337Z
019ddb62-a40f-0000-0000-7c7d09a63273,gary taylor,male,36,adult,CA,2026-04-29T22:36:08.079786Z
019ddb62-a542-0000-0000-704710464977,hassan berrada,male,7,child,SD,2026-04-29T22:36:08.386185Z
019ddb62-a76a-0000-0000-57eb78d21f15,abdi bekele,male,31,adult,UG,2026-04-29T22:36:08.938978Z
019ddb62-ae2c-0000-0000-28f120c0758e,jeffrey harris,male,20,adult,BR,2026-04-29T22:36:10.668902Z
019ddb62-af42-0000-0000-62e94618eb5c,walid tahir,male,13,teenager,EG,2026-04-29T22:36:10.946315Z
019ddb62-b075-0000-0000-8caa9a3a72d8,rachid khalil,male,17,teenager,EG,2026-04-29T22:36:11.253721Z
019ddb62-b7be-0000-0000-6411f594f28b,emeka igwe,male,32,adult,LR,2026-04-29T22:36:13.118340Z
019ddb62-b8a8-0000-0000-781c0813ea09,munashe shabalala,male,84,senior,ZA,2026-04-29T22:36:13.352324Z
019ddb62-b9a8-0000-0000-d5d92f7bec89,amadou sidibé,male,51,adult,SL,2026-04-29T22:36:13.608832Z
019ddb62-badc-0000-0000-4c82c3c75f04,kojo camara,male,12,child,NG,2026-04-29T22:36:13.916125Z
019ddb62-bfa8-0000-0000-dde90c79aba3,tanaka nkosi,male,32,adult,LS,2026-04-29T22:36:15.144337Z
019ddb62-c0dc-0000-0000-d0c6be50f28f,kagiso jama,male,40,adult,KE,2026-04-29T22:36:15.452317Z
019ddb62-c2db-0000-0000-316fd443c2c2,desta mwangi,male,23,adult,MZ,2026-04-29T22:36:15.963580Z
019ddb62-c77b-0000-0000-62285b1ee380,tinashe mhlanga,male,45,adult,ZA,2026-04-29T22:36:17.147936Z
019ddb62-c8dc-0000-0000-1faadbf318c1,jama mnguni,male,29,adult,UG,2026-04-29T22:36:17.500162Z
019ddb62-cc75-0000-0000-b084c6b6ceb3,abdi waweru,male,26,adult,ET,2026-04-29T22:36:18.421753Z
019ddb62-d00f-0000-0000-f5e73fefbf8e,joseph asante,male,48,adult,NG,2026-04-29T22:36:19.343200Z
019ddb62-d4ab-0000-0000-326d8a2be935,ouma awino,male,41,adult,UG,2026-04-29T22:36:20.523080Z
019ddb62-d5a8-0000-0000-819d53949bdc,tadesse girma,male,46,adult,UG,2026-04-29T22:36:20.776677Z
019ddb62-d6dc-0000-0000-3590e3d80d03,françois kasavubu,male,5,child,CG,2026-04-29T22:36:21.084271Z
019ddb62-d80e-0000-0000-55a352d0e8a5,oumar sawadogo,male,30,adult,GH,2026-04-29T22:36:21.390739Z
019ddb62-dc01-0000-0000-6dd635b2373b,tadesse desta,male,23,adult,RW,2026-04-29T22:36:22.401709Z
019ddb62-dcf4-0000-0000-34779b7a9fc0,mwangi nkosi,male,42,adult,SS,2026-04-29T22:36:22.644832Z
019ddb62-ddd1-0000-0000-0c1945c3d5e3,tatenda ndebele,male,10,child,ST,2026-04-29T22:36:22.865750Z
019ddb62-deb4-0000-0000-8a25d6ab6f48,john martin,male,18,teenager,US,2026-04-29T22:36:23.092352Z
019ddb62-dfa7-0000-0000-bafcb96826f0,munashe mpofu,male,32,adult,ZA,2026-04-29T22:36:23.335349Z
019ddb62-e1a8-0000-0000-4a8831de5dde,peter barro,male,44,adult,GH,2026-04-29T22:36:23.848326Z
019ddb62-e2db-0000-0000-6429efca7929,samir tahir,male,8,child,EG,2026-04-29T22:36:24.155980Z
019ddb62-e542-0000-0000-2a0559f34cbb,segun afolabi,male,59,adult,GH,2026-04-29T22:36:24.770354Z
019ddb62-e675-0000-0000-1ad85ce36b63,kunle diallo,male,36,adult,BJ,2026-04-29T22:36:25.077732Z
019ddb62-eadb-0000-0000-a5f75e996e98,rachid kettani,male,40,adult,EG,2026-04-29T22:36:26.203814Z
019ddb62-ebd0-0000-0000-d60ad0f90676,farah ndlovu,male,46,adult,KE,2026-04-29T22:36:26.448529Z
019ddb62-edd3-0000-0000-67e4f3180218,fiifi chukwu,male,23,adult,CI,2026-04-29T22:36:26.963175Z
019ddb62-eeb4-0000-0000-88326c0e3a35,kamau desta,male,10,child,UG,2026-04-29T22:36:27.189047Z
019ddb62-f0db-0000-0000-1af3b434cb4a,nabil khalil,male,35,adult,SD,2026-04-29T22:36:27.739680Z
019ddb62-f1dd-0000-0000-46149c585c45,segun camara,male,5,child,GH,2026-04-29T22:36:27.997363Z
019ddb62-f40e-0000-0000-9fd7e9bec5ea,théophile kalonji,male,82,senior,CD,2026-04-29T22:36:28.559060Z
019ddb62-f542-0000-0000-cc064f2efcfb,dele sidibé,male,87,senior,GM,2026-04-29T22:36:28.866084Z
019ddb62-f7a8-0000-0000-c57a77456fe8,youssef bouazza,male,50,adult,EG,2026-04-29T22:36:29.480824Z
019ddb62-fa0e-0000-0000-fcfb46c26a72,charles williams,male,21,adult,IN,2026-04-29T22:36:30.094950Z
019ddb63-0075-0000-0000-a9369973f335,lerato mnguni,male,18,teenager,ET,2026-04-29T22:36:31.733375Z
019ddb63-02db-0000-0000-9daf830d5bb6,kwame darko,male,85,senior,BJ,2026-04-29T22:36:32.347876Z
019ddb63-060f-0000-0000-9331924a770a,ryan evans,male,47,adult,FR,2026-04-29T22:36:33.167198Z
019ddb63-0705-0000-0000-20ec9ded7c1c,lesego masondo,male,39,adult,BW,2026-04-29T22:36:33.413840Z
019ddb63-07f0-0000-0000-3afde3fadac5,lerato masondo,male,29,adult,ST,2026-04-29T22:36:33.648076Z
019ddb63-0ba8-0000-0000-43d8fcb43f3a,patient nze,male,11,child,CD,2026-04-29T22:36:34.600426Z
019ddb63-0f41-0000-0000-b62c486ce603,kariuki ali,male,7,child,KE,2026-04-29T22:36:35.521758Z
019ddb63-102e-0000-0000-3a6aa645f59e,ade okafor,male,44,adult,NG,2026-04-29T22:36:35.758616Z
019ddb63-1229-0000-0000-0775a7ef2eff,bayo adjei,male,9,child,GM,2026-04-29T22:36:36.265525Z
019ddb63-1474-0000-0000-abae6d9f3708,thomas jones,male,40,adult,GB,2026-04-29T22:36:36.852879Z
019ddb63-1569-0000-0000-d15fc5e52670,rudo ndlovu,male,36,adult,NA,2026-04-29T22:36:37.097733Z
019ddb63-1a75-0000-0000-88992f8485ff,walid khalil,male,75,senior,EG,2026-04-29T22:36:38.389484Z
019ddb63-1ba8-0000-0000-fe3e97af800f,farah abebe,male,47,adult,TZ,2026-04-29T22:36:38.696145Z
019ddb63-1cdc-0000-0000-6440c50819e4,ebo igwe,male,47,adult,SL,2026-04-29T22:36:39.004360Z
019ddb63-1e0f-0000-0000-18ec797bdc69,femi tchalla,male,23,adult,GH,2026-04-29T22:36:39.311831Z
019ddb63-200e-0000-0000-9c958f7bd380,william anderson,male,70,senior,BR,2026-04-29T22:36:39.823084Z
019ddb63-2141-0000-0000-14dbac5c9f49,ahmed achieng,male,56,adult,DJ,2026-04-29T22:36:40.129866Z
019ddb63-2275-0000-0000-a9e93cade2d3,franck ouédraogo,male,21,adult,MR,2026-04-29T22:36:40.437608Z
019ddb63-280e-0000-0000-3b696a11c629,nabil rachidi,male,25,adult,SD,2026-04-29T22:36:41.870712Z
019ddb63-2b41-0000-0000-a472c3ffac16,james hill,male,7,child,DE,2026-04-29T22:36:42.689633Z
019ddb63-2efd-0000-0000-0249f18222df,ouma waweru,male,57,adult,UG,2026-04-29T22:36:43.645450Z
019ddb63-30da-0000-0000-71d851e5b9ef,fiifi tchalla,male,27,adult,NG,2026-04-29T22:36:44.122959Z
019ddb63-320f-0000-0000-e0b54bb19b0f,marcel bomboko,male,61,senior,CD,2026-04-29T22:36:44.431177Z
019ddb63-3475-0000-0000-d8dce8511c79,rodrigue hounsou,male,60,senior,GH,2026-04-29T22:36:45.045056Z
019ddb63-3c95-0000-0000-10e051a38571,kevin taylor,male,41,adult,FR,2026-04-29T22:36:47.125128Z
019ddb63-3da9-0000-0000-3d76fb1112a4,bayo chukwu,male,88,senior,ML,2026-04-29T22:36:47.401381Z
019ddb63-3e98-0000-0000-46283f79f4de,njoroge waweru,male,34,adult,UG,2026-04-29T22:36:47.641067Z
019ddb63-3f8d-0000-0000-44b7447394c6,richard roberts,male,64,senior,GB,2026-04-29T22:36:47.885842Z
019ddb63-40dc-0000-0000-636cd628b941,ebo keïta,male,50,adult,NG,2026-04-29T22:36:48.220793Z
019ddb63-420f-0000-0000-892436bff6db,michael davis,male,39,adult,DE,2026-04-29T22:36:48.527667Z
019ddb63-4342-0000-0000-bce4febbb86d,innocent mobutu,male,37,adult,CD,2026-04-29T22:36:48.834981Z
019ddb63-4476-0000-0000-9c4e1629baf5,girma waweru,male,59,adult,TZ,2026-04-29T22:36:49.142185Z
019ddb63-47d7-0000-0000-bc1339e0579d,mehdi mansouri,male,49,adult,SD,2026-04-29T22:36:50.007771Z
019ddb63-49b4-0000-0000-614c5c945548,louis nze,male,17,teenager,CD,2026-04-29T22:36:50.484812Z
019ddb63-4d05-0000-0000-1b26071318ba,fiifi adeyemi,male,32,adult,NG,2026-04-29T22:36:51.333942Z
019ddb63-4e0f-0000-0000-a885e423662a,farai mhlanga,male,46,adult,LS,2026-04-29T22:36:51.599095Z
019ddb63-500e-0000-0000-f1cc8152ad1d,ahmed berrada,male,24,adult,DZ,2026-04-29T22:36:52.110807Z
019ddb63-523f-0000-0000-83a178230c5d,tariq amrani,male,16,teenager,MA,2026-04-29T22:36:52.671573Z
019ddb63-5513-0000-0000-978dfff5dfc7,fiifi okafor,male,28,adult,NG,2026-04-29T22:36:53.396135Z
019ddb63-5601-0000-0000-39d9d52bfd9b,waweru girma,male,38,adult,DJ,2026-04-29T22:36:53.633387Z
019ddb63-59a9-0000-0000-97fdd62597be,joshua roberts,male,31,adult,GB,2026-04-29T22:36:54.569265Z
019ddb63-5adc-0000-0000-89239c4a2fd6,amara kamau,male,35,adult,UG,2026-04-29T22:36:54.876508Z
019ddb63-5bc0-0000-0000-75d4a1393bad,tesfaye ouma,male,26,adult,KE,2026-04-29T22:36:55.105002Z
019ddb63-6033-0000-0000-ba7c1ad426d0,kariuki elmi,male,59,adult,RW,2026-04-29T22:36:56.243394Z
019ddb63-6275-0000-0000-df4ba7edde13,oumar compaoré,male,28,adult,CI,2026-04-29T22:36:56.821185Z
019ddb63-63a8-0000-0000-3043cadf7de8,bongani khumalo,male,14,teenager,AO,2026-04-29T22:36:57.128617Z
019ddb63-6741-0000-0000-ea633f8d2a20,paul allen,male,42,adult,IN,2026-04-29T22:36:58.049866Z
019ddb63-69a9-0000-0000-2b05b37408af,mutua otieno,male,23,adult,TZ,2026-04-29T22:36:58.665377Z
019ddb63-6adb-0000-0000-b5716122434d,themba nxumalo,male,56,adult,NA,2026-04-29T22:36:58.971365Z
019ddb63-6e76-0000-0000-955a3e8fee54,ahmed filali,male,28,adult,TN,2026-04-29T22:36:59.894409Z
019ddb63-720f-0000-0000-5c0bc8d48f53,femi zongo,male,54,adult,BJ,2026-04-29T22:37:00.815300Z
019ddb63-7475-0000-0000-cc1c1d78322b,andré adoula,male,37,adult,CM,2026-04-29T22:37:01.429504Z
019ddb63-7943-0000-0000-7739d09d6d0f,yusuf nxumalo,male,36,adult,UG,2026-04-29T22:37:02.660022Z
019ddb63-7ba8-0000-0000-924a6d9d264d,kagiso mthembu,male,58,adult,UG,2026-04-29T22:37:03.272998Z
019ddb63-8075-0000-0000-2c0a543cbb1e,tesfaye hassan,male,13,teenager,SO,2026-04-29T22:37:04.501724Z
019ddb63-840f-0000-0000-8f31f7792349,mohamed el fassi,male,9,child,SD,2026-04-29T22:37:05.423653Z
019ddb63-860f-0000-0000-d41f6f840d40,hassan hajji,male,55,adult,MA,2026-04-29T22:37:05.935438Z
019ddb63-8741-0000-0000-b76fdec19cec,ahmed mohamed,male,24,adult,KE,2026-04-29T22:37:06.242049Z
019ddb63-8832-0000-0000-df8db3cc2ebc,karim tahir,male,77,senior,MA,2026-04-29T22:37:06.482840Z
019ddb63-8be8-0000-0000-1b51c10e0c35,sizwe nkosi,male,15,teenager,ZA,2026-04-29T22:37:07.432619Z
019ddb63-8edb-0000-0000-570a099e4498,jacob scott,male,81,senior,JP,2026-04-29T22:37:08.187649Z
019ddb63-923a-0000-0000-dd3cf1f2d7bd,tendai dlamini,male,13,teenager,MG,2026-04-29T22:37:09.050840Z
019ddb63-9341-0000-0000-336f7a409407,kamau shabalala,male,58,adult,KE,2026-04-29T22:37:09.313861Z
019ddb63-95a8-0000-0000-61e940243871,kola agyei,male,6,child,MR,2026-04-29T22:37:09.928367Z
019ddb63-9ae5-0000-0000-28014c2f1ed0,david adams,male,49,adult,IN,2026-04-29T22:37:11.269529Z
019ddb63-9d41-0000-0000-5edf8fc0aff2,thabo adhiambo,male,89,senior,ET,2026-04-29T22:37:11.873701Z
019ddb63-9e24-0000-0000-b4b7b74ee792,jama desta,male,14,teenager,MZ,2026-04-29T22:37:12.100863Z
019ddb63-9f41-0000-0000-e74ad46aa9e3,patient tshisekedi,male,32,adult,GQ,2026-04-29T22:37:12.385837Z
019ddb63-a075-0000-0000-e930546d9fb8,nabil tazi,male,32,adult,LY,2026-04-29T22:37:12.693324Z
019ddb63-a163-0000-0000-ae9ffb7583a3,themba cele,male,36,adult,KE,2026-04-29T22:37:12.931522Z
019ddb63-a275-0000-0000-1fe116547529,richard zinsou,male,53,adult,NG,2026-04-29T22:37:13.205674Z
019ddb63-a742-0000-0000-3864464fa6d5,alexis keïta,male,39,adult,SN,2026-04-29T22:37:14.434413Z
019ddb63-a9a9-0000-0000-be55f8b5f4f6,thabo getachew,male,55,adult,ER,2026-04-29T22:37:15.049954Z
019ddb63-ad0a-0000-0000-5803e163898a,théophile tshisekedi,male,27,adult,CM,2026-04-29T22:37:15.914535Z
019ddb63-b3fe-0000-0000-0888e1278194,jacob allen,male,6,child,AU,2026-04-29T22:37:17.694852Z
019ddb63-b60f-0000-0000-d6d7df93b49f,takoda ahmed,male,80,senior,SS,2026-04-29T22:37:18.223334Z
019ddb63-b741-0000-0000-dc9edbdc74c2,david carter,male,61,senior,GB,2026-04-29T22:37:18.529961Z
019ddb63-baac-0000-0000-75c0080abb62,ibrahim girma,male,25,adult,TZ,2026-04-29T22:37:19.404216Z
019ddb63-bba8-0000-0000-94335ec1b28a,daniel nelson,male,42,adult,FR,2026-04-29T22:37:19.656309Z
019ddb63-bcdc-0000-0000-dc235afec57c,jacob white,male,21,adult,IN,2026-04-29T22:37:19.964127Z
019ddb63-bdd5-0000-0000-7ec1e70da16b,michael carter,male,67,senior,FR,2026-04-29T22:37:20.213696Z
019ddb63-bedc-0000-0000-8283de7d1085,getachew nkosi,male,27,adult,ET,2026-04-29T22:37:20.476599Z
019ddb63-c00f-0000-0000-bea61b62ff6d,tinashe mnguni,male,89,senior,ZA,2026-04-29T22:37:20.783480Z
019ddb63-c142-0000-0000-a493620c837f,hicham amrani,male,8,child,MA,2026-04-29T22:37:21.090469Z
019ddb63-c60e-0000-0000-0aaf75a50755,robert allen,male,22,adult,AU,2026-04-29T22:37:22.318354Z
019ddb63-c741-0000-0000-00c870048bf3,lerato mthembu,male,54,adult,ZM,2026-04-29T22:37:22.625605Z
019ddb63-c9a8-0000-0000-3a24a372e281,kariuki nxumalo,male,32,adult,KE,2026-04-29T22:37:23.240589Z
019ddb63-cd42-0000-0000-243883472912,ama gbagbo,male,40,adult,NG,2026-04-29T22:37:24.163072Z
019ddb63-ce91-0000-0000-e78a668e1240,kariuki waweru,male,52,adult,MZ,2026-04-29T22:37:24.497465Z
019ddb63-d0db-0000-0000-777bb5266408,charles davis,male,37,adult,DE,2026-04-29T22:37:25.084061Z
019ddb63-d20e-0000-0000-4285fe7f508e,kojo kponton,male,72,senior,CI,2026-04-29T22:37:25.390578Z
019ddb63-d306-0000-0000-435807143204,segun mensah,male,29,adult,GH,2026-04-29T22:37:25.638486Z
019ddb63-d675-0000-0000-6410dea83477,bekele otieno,male,17,teenager,UG,2026-04-29T22:37:26.518060Z
019ddb63-d8db-0000-0000-8bec47a2f4f6,george wilson,male,56,adult,AU,2026-04-29T22:37:27.131280Z
019ddb63-da0e-0000-0000-7e02dbaf9c0b,simba cele,male,46,adult,ZW,2026-04-29T22:37:27.438388Z
019ddb63-dc3c-0000-0000-30670caed587,farai dube,male,48,adult,ZA,2026-04-29T22:37:27.996304Z
019ddb63-dd88-0000-0000-6e04c0271118,bekele tadesse,male,42,adult,KE,2026-04-29T22:37:28.328610Z
019ddb63-dfa7-0000-0000-0a67889db190,tebogo ndebele,male,58,adult,AO,2026-04-29T22:37:28.871605Z
019ddb63-e1cb-0000-0000-a6dd6643f5df,chidi igwe,male,19,teenager,NG,2026-04-29T22:37:29.419181Z
019ddb63-e2db-0000-0000-74a9ece20342,yaw kponton,male,90,senior,EH,2026-04-29T22:37:29.691208Z
019ddb63-e40f-0000-0000-fe6b1d08d5a8,khaled benhammou,male,63,senior,EG,2026-04-29T22:37:29.999756Z
019ddb63-e542-0000-0000-f80efe96b673,tanaka dube,male,23,adult,ZA,2026-04-29T22:37:30.306312Z
019ddb63-e7a9-0000-0000-2c93a0b3c172,boubacar sidibé,male,22,adult,ML,2026-04-29T22:37:30.921615Z
019ddb63-eafc-0000-0000-8ec276a0033f,ibrahima nwosu,male,13,teenager,SN,2026-04-29T22:37:31.772413Z
019ddb63-ec40-0000-0000-80cd3b8eda0e,ibrahim haile,male,35,adult,KM,2026-04-29T22:37:32.096571Z
019ddb63-f0f0-0000-0000-40413e7f1dec,nana konaté,male,40,adult,GH,2026-04-29T22:37:33.296263Z
019ddb63-f2da-0000-0000-21b8915023d3,hamza tazi,male,31,adult,EG,2026-04-29T22:37:33.786888Z
019ddb63-f542-0000-0000-ac87bfa8bbc9,njoroge girma,male,8,child,TZ,2026-04-29T22:37:34.402394Z
019ddb63-f674-0000-0000-bd6764d9d780,tendai abdi,male,35,adult,TZ,2026-04-29T22:37:34.708468Z
019ddb63-f7bb-0000-0000-3b524a3c7197,femi nikiéma,male,30,adult,NG,2026-04-29T22:37:35.035605Z
019ddb63-f8db-0000-0000-c398d8e83320,kwame zongo,male,15,teenager,NG,2026-04-29T22:37:35.323809Z
019ddb63-fb42-0000-0000-26c26c28f107,girma elmi,male,10,child,ET,2026-04-29T22:37:35.938870Z
019ddb63-ff0b-0000-0000-779e99c60262,kagiso ali,male,87,senior,KM,2026-04-29T22:37:36.907973Z
019ddb64-04c2-0000-0000-42ecc6a9e45f,younes khatib,male,16,teenager,SD,2026-04-29T22:37:38.370558Z
019ddb64-0741-0000-0000-e45098aea1ee,desta hassan,male,53,adult,KE,2026-04-29T22:37:39.009671Z
019ddb64-0adb-0000-0000-b522946880f0,themba nyoni,male,83,senior,ZW,2026-04-29T22:37:39.931720Z
019ddb64-0e0f-0000-0000-f43e40befa12,mpho warsame,male,30,adult,MG,2026-04-29T22:37:40.751222Z
019ddb64-0f08-0000-0000-d4de6aabc9f2,takoda tadesse,male,35,adult,KE,2026-04-29T22:37:41.000848Z
019ddb64-0ff6-0000-0000-fc6ed6ce20ec,farai mnguni,male,28,adult,AO,2026-04-29T22:37:41.238279Z
019ddb64-13a8-0000-0000-d7c5a8e0adb3,richard scott,male,33,adult,DE,2026-04-29T22:37:42.184425Z
019ddb64-16db-0000-0000-7fda16f926d1,daniel segla,male,47,adult,NE,2026-04-29T22:37:43.003416Z
019ddb64-180e-0000-0000-c535a2b9ad1a,femi babatunde,male,22,adult,BJ,2026-04-29T22:37:43.310450Z
019ddb64-1941-0000-0000-a73a3d3360a6,aristide gizenga,male,59,adult,TD,2026-04-29T22:37:43.618018Z
019ddb64-1cdb-0000-0000-35dfd8ce4ee8,thabo nkosi,male,41,adult,LS,2026-04-29T22:37:44.539935Z
019ddb64-2075-0000-0000-cfede9237efe,daniel kaboré,male,36,adult,NG,2026-04-29T22:37:45.461370Z
019ddb64-2352-0000-0000-f9b4399de6a0,dele dao,male,70,senior,NG,2026-04-29T22:37:46.194384Z
019ddb64-26db-0000-0000-a99c5e79dd97,ibrahim desta,male,67,senior,UG,2026-04-29T22:37:47.100043Z
019ddb64-2eda-0000-0000-58af467f48d5,mwangi tadesse,male,67,senior,RW,2026-04-29T22:37:49.146820Z
019ddb64-300e-0000-0000-b9f132f35cf1,célestin gizenga,male,52,adult,CD,2026-04-29T22:37:49.454766Z
019ddb64-3540-0000-0000-0253665f2ea3,ibrahim abebe,male,9,child,MG,2026-04-29T22:37:50.784155Z
019ddb64-3675-0000-0000-16af1b3e8e80,nana olawale,male,39,adult,GH,2026-04-29T22:37:51.093421Z
019ddb64-37a8-0000-0000-f153e50413dc,yaw sidibé,male,53,adult,GH,2026-04-29T22:37:51.400561Z
019ddb64-3c25-0000-0000-01e8b6816f08,rudo mnguni,male,12,child,ZA,2026-04-29T22:37:52.549734Z
019ddb64-3fa8-0000-0000-14b3e74d0f3e,ali otieno,male,68,senior,KM,2026-04-29T22:37:53.448576Z
019ddb64-40db-0000-0000-49b462629d1f,sipho ndlovu,male,88,senior,ZA,2026-04-29T22:37:53.755731Z
019ddb64-440f-0000-0000-4d8bbffacaf0,ali mengistu,male,50,adult,MU,2026-04-29T22:37:54.575525Z
019ddb64-460e-0000-0000-56202bbb630d,otieno abdi,male,35,adult,ET,2026-04-29T22:37:55.086350Z
019ddb64-4742-0000-0000-05b847e65e8e,fortuné nkoghe,male,49,adult,CM,2026-04-29T22:37:55.394278Z
019ddb64-53a8-0000-0000-d7ee276affb2,tanaka ndlovu,male,54,adult,ZW,2026-04-29T22:37:58.568214Z
019ddb64-560e-0000-0000-4d1acc298d6a,didier tchalla,male,41,adult,BJ,2026-04-29T22:37:59.182921Z
019ddb64-5709-0000-0000-4492e359249f,lerato nkosi,male,10,child,UG,2026-04-29T22:37:59.433506Z
019ddb64-59c3-0000-0000-a9af26693898,joseph davis,male,13,teenager,BR,2026-04-29T22:38:00.131593Z
019ddb64-5c91-0000-0000-c580170e2080,timothy thomas,male,30,adult,IN,2026-04-29T22:38:00.849290Z
019ddb64-5f46-0000-0000-d296e4a8b99d,samir el fassi,male,89,senior,DZ,2026-04-29T22:38:01.542121Z
019ddb64-6026-0000-0000-f1b20e3d8820,chidi zinsou,male,83,senior,CI,2026-04-29T22:38:01.767023Z
019ddb64-6541-0000-0000-eacc7ab20abf,david okafor,male,38,adult,BJ,2026-04-29T22:38:03.073215Z
019ddb64-6674-0000-0000-dad3aa12469b,tatenda sibanda,male,43,adult,ZM,2026-04-29T22:38:03.380585Z
019ddb64-676a-0000-0000-d6f80aa08de8,kamau awino,male,38,adult,BI,2026-04-29T22:38:03.627054Z
019ddb64-6844-0000-0000-3e230963dc34,njoroge kamau,male,7,child,UG,2026-04-29T22:38:03.844198Z
019ddb64-6cdb-0000-0000-78a7338a59dd,ryan thomas,male,51,adult,DE,2026-04-29T22:38:05.019353Z
019ddb64-6f41-0000-0000-0a0a377ae150,tafadzwa sibanda,male,34,adult,AO,2026-04-29T22:38:05.633950Z
019ddb64-7075-0000-0000-a7892ba72d0e,jason davis,male,71,senior,GB,2026-04-29T22:38:05.941683Z
019ddb64-71a7-0000-0000-d513e540ab0b,théophile gizenga,male,74,senior,CD,2026-04-29T22:38:06.247556Z
019ddb64-73a7-0000-0000-1811b983c990,kunle traoré,male,79,senior,SN,2026-04-29T22:38:06.759744Z
019ddb64-76ee-0000-0000-a801f0bfa135,sizwe khumalo,male,48,adult,ZM,2026-04-29T22:38:07.598385Z
019ddb64-781f-0000-0000-01bfb3a9f945,khaled lamrani,male,41,adult,SD,2026-04-29T22:38:07.904061Z
019ddb64-79a8-0000-0000-5a59bd780a2a,michael nwosu,male,37,adult,BJ,2026-04-29T22:38:08.296284Z
019ddb64-7adb-0000-0000-be84e97071dd,thabo shabalala,male,38,adult,ET,2026-04-29T22:38:08.603448Z
019ddb64-7bdc-0000-0000-1bd8d9b10780,kojo kaboré,male,39,adult,SN,2026-04-29T22:38:08.860811Z
019ddb64-7ccc-0000-0000-8deb7681a258,tendai masondo,male,18,teenager,ZA,2026-04-29T22:38:09.100231Z
019ddb64-7edb-0000-0000-a838c2087fbf,abdou darko,male,37,adult,SN,2026-04-29T22:38:09.627611Z
019ddb64-80fe-0000-0000-73980d9e3d76,franck sow,male,26,adult,ML,2026-04-29T22:38:10.174706Z
019ddb64-830b-0000-0000-bade69e088e8,tendai nxumalo,male,19,teenager,ET,2026-04-29T22:38:10.699222Z
019ddb64-84f6-0000-0000-434af8f5ccba,karim el fassi,male,54,adult,EG,2026-04-29T22:38:11.190735Z
019ddb64-920d-0000-0000-2e42cc38b9ed,david compaoré,male,65,senior,NG,2026-04-29T22:38:14.541573Z
019ddb64-951f-0000-0000-1ccce3308bdd,richard sow,male,32,adult,CI,2026-04-29T22:38:15.327994Z
019ddb64-9675-0000-0000-9389a5e25483,ouma masondo,male,50,adult,BI,2026-04-29T22:38:15.669808Z
019ddb64-9989-0000-0000-324dec9f4496,tendai cele,male,16,teenager,TZ,2026-04-29T22:38:16.458208Z
019ddb64-9cdb-0000-0000-10f9e7793cc6,hamza khatib,male,82,senior,MA,2026-04-29T22:38:17.307477Z
019ddb64-9e0e-0000-0000-57f41264b3a2,hamza khalil,male,57,adult,TN,2026-04-29T22:38:17.614917Z
019ddb64-a141-0000-0000-6373c35721b5,daniel chukwu,male,60,senior,NG,2026-04-29T22:38:18.434101Z
019ddb64-a3a8-0000-0000-c03cabce1866,ouma tadesse,male,18,teenager,SS,2026-04-29T22:38:19.048618Z
019ddb64-a741-0000-0000-97134080caa5,youssef khalil,male,35,adult,TN,2026-04-29T22:38:19.969178Z
019ddb64-a874-0000-0000-a6d47e6a5129,thabo dlamini,male,79,senior,ZA,2026-04-29T22:38:20.276821Z
019ddb64-a9a9-0000-0000-2cf84bab3ccc,henri mukendi,male,36,adult,CD,2026-04-29T22:38:20.585836Z
019ddb64-ad41-0000-0000-5dea1f314813,otieno nkosi,male,46,adult,MZ,2026-04-29T22:38:21.505981Z
019ddb64-ae76-0000-0000-127149fea1e7,tebogo dube,male,17,teenager,ZA,2026-04-29T22:38:21.814562Z
019ddb64-af61-0000-0000-9f828634f7ab,waweru hassan,male,39,adult,KM,2026-04-29T22:38:22.049635Z
019ddb64-b05e-0000-0000-76b8cacb030f,lesego ndlovu,male,86,senior,AO,2026-04-29T22:38:22.302665Z
019ddb64-b5c9-0000-0000-c9d10a96370d,andrew smith,male,78,senior,GB,2026-04-29T22:38:23.689181Z
019ddb64-b7cf-0000-0000-c2d1c6d6c2bb,jama ahmed,male,17,teenager,MW,2026-04-29T22:38:24.207712Z
019ddb64-baa8-0000-0000-1ebacc0cf9ef,amadou okonkwo,male,5,child,CV,2026-04-29T22:38:24.936308Z
019ddb64-beb9-0000-0000-84a9bc86e615,pierre adoula,male,48,adult,CM,2026-04-29T22:38:25.977521Z
019ddb64-bfa6-0000-0000-ed22a14d16e9,hervé kponton,male,41,adult,SN,2026-04-29T22:38:26.214106Z
019ddb64-c092-0000-0000-7c6c6ba41971,james parker,male,11,child,IN,2026-04-29T22:38:26.450127Z
019ddb64-c26f-0000-0000-1a0d241bc6bb,ama ouédraogo,male,68,senior,BJ,2026-04-29T22:38:26.927407Z
019ddb64-c536-0000-0000-0f75cf1d1098,cheikh kponton,male,85,senior,BJ,2026-04-29T22:38:27.638180Z
019ddb64-c675-0000-0000-1165e10fcb5d,richard wright,male,19,teenager,FR,2026-04-29T22:38:27.957513Z
019ddb64-c784-0000-0000-d59129fc5172,marcel nkoghe,male,31,adult,TD,2026-04-29T22:38:28.228763Z
019ddb64-c875-0000-0000-b445aa909e01,ebo olawale,male,75,senior,GH,2026-04-29T22:38:28.469381Z
019ddb64-c95e-0000-0000-7cfe75d18378,david allen,male,16,teenager,JP,2026-04-29T22:38:28.702477Z
019ddb64-cadb-0000-0000-e29ffa23d498,hassan abebe,male,64,senior,MW,2026-04-29T22:38:29.083558Z
019ddb64-cda8-0000-0000-10806812d1a8,omar warsame,male,11,child,MG,2026-04-29T22:38:29.800768Z
019ddb64-cedb-0000-0000-d2973e1027b3,gary thomas,male,34,adult,CN,2026-04-29T22:38:30.107134Z
019ddb64-d141-0000-0000-31a2840f5c09,joseph adeyemi,male,13,teenager,CI,2026-04-29T22:38:30.721591Z
019ddb64-d60e-0000-0000-f82fc832d82f,alexis amoah,male,67,senior,BJ,2026-04-29T22:38:31.950657Z
019ddb64-d741-0000-0000-9b957fe6ab5d,robert perez,male,15,teenager,DE,2026-04-29T22:38:32.257887Z
019ddb64-d875-0000-0000-fc72ec2af8b9,emmanuel touré,male,38,adult,NG,2026-04-29T22:38:32.565582Z
019ddb64-dc0e-0000-0000-a1250e7dfbd0,richard camara,male,31,adult,NG,2026-04-29T22:38:33.486379Z
019ddb64-e02e-0000-0000-5a57b8a997ff,kamau omar,male,34,adult,MW,2026-04-29T22:38:34.542535Z
019ddb64-e144-0000-0000-9532104d8649,daniel roberts,male,34,adult,IN,2026-04-29T22:38:34.820137Z
019ddb64-e274-0000-0000-0a4035b175fe,paul tchalla,male,27,adult,SL,2026-04-29T22:38:35.125044Z
019ddb64-e3a8-0000-0000-76b40aafc90c,yusuf dlamini,male,58,adult,SO,2026-04-29T22:38:35.432726Z
019ddb64-e6db-0000-0000-6062dbb1d89a,joshua davis,male,42,adult,US,2026-04-29T22:38:36.251508Z
019ddb64-e80d-0000-0000-c52b3943e8ee,ryan torres,male,36,adult,GB,2026-04-29T22:38:36.557420Z
019ddb64-e942-0000-0000-8b46a3db606b,théodore amoah,male,51,adult,ML,2026-04-29T22:38:36.866155Z
019ddb64-ec74-0000-0000-d3ebf2a9d431,george martin,male,16,teenager,BR,2026-04-29T22:38:37.684956Z
019ddb64-eeaa-0000-0000-1102acf82135,thabo tshuma,male,39,adult,ZA,2026-04-29T22:38:38.250332Z
019ddb64-f140-0000-0000-d2305e5ff6d9,ekow amoah,male,42,adult,SN,2026-04-29T22:38:38.912868Z
019ddb64-f48c-0000-0000-a173728fcecf,thabo ndebele,male,18,teenager,AO,2026-04-29T22:38:39.756838Z
019ddb64-f576-0000-0000-768e8466d9cf,william johnson,male,81,senior,AU,2026-04-29T22:38:39.990177Z
019de96f-62d3-0000-0000-8f5852bf6788,mohammed,male,55,adult,GH,2026-05-02T16:04:44.371848Z
019de9a2-fc19-0000-0000-1d8347c75af0,jesus,male,60,senior,PT,2026-05-02T17:01:05.945212Z
019df9cd-cdff-0000-0000-84eed951d26c,john,male,30,adult,NG,2026-05-05T20:21:47.647205Z
019df9cd-d049-0000-0000-dbcba289759f,alex,male,40,adult,US,2026-05-05T20:21:48.233326Z
019df9cd-d47b-0000-0000-50c825bab042,sam,male,19,teenager,CA,2026-05-05T20:21:49.307124Z
019df9cd-dab9-0000-0000-9aaa1bad2548,tom,male,50,adult,GH,2026-05-05T20:21:50.905525Z
019df9cd-dd04-0000-0000-b9cc673161c9,paul,male,45,adult,ZA,2026-05-05T20:21:51.492903Z
019e01d1-2847-0000-0000-327b85513dfd,xola vincent 1,male,29,adult,JP,2026-05-07T09:42:25.095128Z
019e01d1-284a-0000-0000-adde4786f363,chiamaka adesanya 2,male,16,teenager,CN,2026-05-07T09:42:25.098617Z
019e01d1-284d-0000-0000-0c8886bb3a6b,ifeoma musa 3,male,65,senior,EG,2026-05-07T09:42:25.101862Z
019e01d1-2857-0000-0000-9c6ab9028ff3,nora kamara 6,male,54,adult,DE,2026-05-07T09:42:25.111721Z
019e01d1-285b-0000-0000-3030674596a5,james nwosu 8,male,59,adult,DE,2026-05-07T09:42:25.115656Z
019e01d1-285e-0000-0000-09f9d6b92520,seun lawal 9,male,41,adult,UG,2026-05-07T09:42:25.118658Z
019e01d1-2868-0000-0000-f40f206ded18,yusuf chukwu 12,male,81,senior,AU,2026-05-07T09:42:25.128546Z
019e01d1-286c-0000-0000-e05e1c6226a3,nkem raji 14,male,13,teenager,EG,2026-05-07T09:42:25.132109Z
019e01d1-2872-0000-0000-b7fbe173034b,nkem yusuf 16,male,17,teenager,JP,2026-05-07T09:42:25.138409Z
019e01d1-2876-0000-0000-23d61f4c6e23,folake raji 18,male,76,senior,IN,2026-05-07T09:42:25.143007Z
019e01d1-2879-0000-0000-44ad4faddcc1,ifeoma eze 19,male,4,child,UG,2026-05-07T09:42:25.145102Z
019e01d1-287b-0000-0000-6b010d33c29e,lola osei 20,male,72,senior,KE,2026-05-07T09:42:25.147105Z
019e01d1-2880-0000-0000-ac47a9c39523,tunde taiwo 22,male,1,child,FR,2026-05-07T09:42:25.152188Z
019e01d1-2885-0000-0000-32c368073362,bolu lawal 25,male,47,adult,IN,2026-05-07T09:42:25.157772Z
019e01d1-2887-0000-0000-200ba420ac7b,rasheed chukwu 26,male,79,senior,FR,2026-05-07T09:42:25.159594Z
019e01d1-2889-0000-0000-8f3d6f52271a,hauwa fashola 27,male,10,child,GB,2026-05-07T09:42:25.161762Z
019e01d1-288b-0000-0000-21c8e53c8da9,chidi yakubu 28,male,61,senior,US,2026-05-07T09:42:25.163512Z
019e01d1-288d-0000-0000-fe681a92c077,rasheed ogundele 29,male,55,adult,IN,2026-05-07T09:42:25.165154Z
019e01d1-2891-0000-0000-b0b5424f50c1,xola xavier 31,male,20,adult,SN,2026-05-07T09:42:25.169649Z
019e01d1-2893-0000-0000-aae46914ce55,jide taiwo 32,male,14,teenager,FR,2026-05-07T09:42:25.171680Z
019e01d1-2895-0000-0000-1808a1635a9e,vivian yusuf 33,male,39,adult,GB,2026-05-07T09:42:25.173317Z
019e01d1-28a2-0000-0000-255a6a0a9728,chidi musa 39,male,24,adult,KE,2026-05-07T09:42:25.186567Z
019e01d1-28af-0000-0000-4c9413f8f63c,mercy johnson 44,male,40,adult,NG,2026-05-07T09:42:25.199693Z
019e01d1-28b2-0000-0000-7db91fcbc9cc,mercy traore 45,male,15,teenager,UG,2026-05-07T09:42:25.202059Z
019e01d1-28b4-0000-0000-3d8762616805,pita lawal 46,male,5,child,UG,2026-05-07T09:42:25.204535Z
019e01d1-28ba-0000-0000-045052a49177,zainab musa 48,male,56,adult,KE,2026-05-07T09:42:25.210121Z
019e01d1-28bb-0000-0000-9c983a0f4483,richard raji 49,male,60,senior,EG,2026-05-07T09:42:25.211816Z
019e01d1-28bf-0000-0000-dbadd38ee366,xerxes diallo 51,male,52,adult,FR,2026-05-07T09:42:25.215961Z
019e01d1-28c1-0000-0000-d4756019ae78,tunde musa 52,male,70,senior,BR,2026-05-07T09:42:25.217646Z
019e01d1-28cc-0000-0000-ba5a6a6c6398,henry yusuf 56,male,65,senior,KE,2026-05-07T09:42:25.228108Z
019e01d1-28ce-0000-0000-a629f1b5b6f0,william osei 57,male,24,adult,US,2026-05-07T09:42:25.230418Z
019e01d1-28d2-0000-0000-dc988d76ff7c,irene osei 59,male,53,adult,TZ,2026-05-07T09:42:25.234655Z
019e01d1-28d6-0000-0000-2218f64f7776,david adesanya 61,male,73,senior,IN,2026-05-07T09:42:25.238530Z
019e01d1-28e0-0000-0000-d56c2de8ae2e,chiamaka osei 65,male,60,senior,AU,2026-05-07T09:42:25.248047Z
019e01d1-28e9-0000-0000-758dfbaeabb1,susan eze 69,male,69,senior,EG,2026-05-07T09:42:25.257428Z
019e01d1-28ed-0000-0000-b7da9d429560,obiora chukwu 70,male,26,adult,TZ,2026-05-07T09:42:25.261635Z
019e01d1-28ef-0000-0000-d62bb30b6f62,efosa peters 71,male,83,senior,IN,2026-05-07T09:42:25.263971Z
019e01d1-2905-0000-0000-9f3767a4c705,precious traore 80,male,45,adult,NG,2026-05-07T09:42:25.285343Z
019e01d1-2907-0000-0000-c73e1df1a7ec,jide osei 81,male,63,senior,JP,2026-05-07T09:42:25.287957Z
019e01d1-290b-0000-0000-80e5ee85561a,mercy diallo 82,male,33,adult,KE,2026-05-07T09:42:25.291423Z
019e01d1-290d-0000-0000-f098ebd1fd39,tunde lawal 83,male,48,adult,ZA,2026-05-07T09:42:25.293148Z
019e01d1-2910-0000-0000-543a44a63c21,seun osei 85,male,29,adult,NG,2026-05-07T09:42:25.296427Z
019e01d1-2917-0000-0000-0e923e426056,babatunde musa 88,male,6,child,DE,2026-05-07T09:42:25.303239Z
019e01d1-291a-0000-0000-10faa82c52cb,jide vincent 89,male,66,senior,CA,2026-05-07T09:42:25.306103Z
019e01d1-291e-0000-0000-a2e66ff66c1e,henry yakubu 90,male,68,senior,UG,2026-05-07T09:42:25.310719Z
019e01d1-2926-0000-0000-9f650b31fd30,lola yakubu 93,male,43,adult,SN,2026-05-07T09:42:25.318329Z
019e01d1-2932-0000-0000-7753070cbbd8,musa salami 95,male,59,adult,US,2026-05-07T09:42:25.330472Z
019e01d1-2934-0000-0000-bb762af19b0f,jumoke lawal 96,male,45,adult,ET,2026-05-07T09:42:25.332384Z
019e01d1-2936-0000-0000-3d649dbfd772,wunmi diallo 97,male,56,adult,NG,2026-05-07T09:42:25.334253Z
019e01d1-2937-0000-0000-59320f6ef7c0,yvonne idowu 98,male,58,adult,CI,2026-05-07T09:42:25.335881Z
019e01d1-293c-0000-0000-3044813a4518,lola chukwu 101,male,62,senior,DE,2026-05-07T09:42:25.340939Z
019e01d1-2940-0000-0000-5a78a85bb990,ximena fashola 103,male,12,child,KE,2026-05-07T09:42:25.344580Z
019e01d1-2943-0000-0000-fbd03a8e20b5,victor peters 104,male,35,adult,AU,2026-05-07T09:42:25.347925Z
019e01d1-2946-0000-0000-0bbc2f168a09,helen dada 105,male,25,adult,GB,2026-05-07T09:42:25.350575Z
019e01d1-2952-0000-0000-4ecbaa3bc697,yvonne usman 108,male,37,adult,CN,2026-05-07T09:42:25.362609Z
019e01d1-2954-0000-0000-c8ed7ea5a015,ola adesanya 109,male,39,adult,US,2026-05-07T09:42:25.364372Z
019e01d1-295b-0000-0000-338e2aca8ba6,gbenga yakubu 111,male,62,senior,GH,2026-05-07T09:42:25.371058Z
019e01d1-296a-0000-0000-343f446616d7,vivian ibrahim 118,male,64,senior,NG,2026-05-07T09:42:25.386981Z
019e01d1-2971-0000-0000-b7f2daf3a2f3,felix ganiyu 121,male,12,child,AU,2026-05-07T09:42:25.393398Z
019e01d1-2973-0000-0000-73fa23f0c470,david nwosu 122,male,24,adult,ET,2026-05-07T09:42:25.396011Z
019e01d1-2977-0000-0000-5e991bdd2c84,ola mensah 124,male,77,senior,KE,2026-05-07T09:42:25.399946Z
019e01d1-2979-0000-0000-23fa11a51022,kunle ogundele 125,male,54,adult,AU,2026-05-07T09:42:25.402031Z
019e01d1-2983-0000-0000-4265c05b648a,obiora peters 127,male,15,teenager,FR,2026-05-07T09:42:25.411575Z
019e01d1-298d-0000-0000-2e403f0f7594,queen eze 131,male,5,child,ZA,2026-05-07T09:42:25.421770Z
019e01d1-2997-0000-0000-679a2a15b04d,toyin vincent 136,male,26,adult,UG,2026-05-07T09:42:25.431435Z
019e01d1-299b-0000-0000-5e35a0696b3a,lola musa 137,male,69,senior,UG,2026-05-07T09:42:25.435281Z
019e01d1-29ac-0000-0000-da886a6b97a3,zara diallo 141,male,25,adult,EG,2026-05-07T09:42:25.452727Z
019e01d1-29ae-0000-0000-8626db7bccad,chidi ganiyu 142,male,6,child,ZA,2026-05-07T09:42:25.454738Z
019e01d1-29b2-0000-0000-07e86e69c624,xerxes usman 144,male,82,senior,FR,2026-05-07T09:42:25.458809Z
019e01d1-29b8-0000-0000-cac52a29108c,yemi adesanya 147,male,17,teenager,UG,2026-05-07T09:42:25.464388Z
019e01d1-29ba-0000-0000-8e3863b56644,usman ibrahim 148,male,59,adult,EG,2026-05-07T09:42:25.466284Z
019e01d1-29c3-0000-0000-e37564d340a6,jide diallo 151,male,68,senior,ET,2026-05-07T09:42:25.475942Z
019e01d1-29cb-0000-0000-bb0862464297,funmi dada 155,male,16,teenager,CA,2026-05-07T09:42:25.483426Z
019e01d1-29cd-0000-0000-fe953bd90ddf,babatunde musa 156,male,12,child,SN,2026-05-07T09:42:25.485729Z
019e01d1-29d1-0000-0000-e71099656fd8,zara fashola 157,male,69,senior,EG,2026-05-07T09:42:25.489370Z
019e01d1-29d4-0000-0000-8631018d4999,voke hassan 159,male,73,senior,TZ,2026-05-07T09:42:25.492933Z
019e01d1-29d6-0000-0000-3777fa18496d,musa ibrahim 160,male,64,senior,CN,2026-05-07T09:42:25.494611Z
019e01d1-29d8-0000-0000-7c4646dc6140,lydia hassan 161,male,81,senior,KE,2026-05-07T09:42:25.496213Z
019e01d1-29db-0000-0000-2c806582034e,blessing ogundele 163,male,1,child,CI,2026-05-07T09:42:25.499740Z
019e01d1-29dd-0000-0000-27a90a044c02,zainab johnson 164,male,40,adult,DE,2026-05-07T09:42:25.501193Z
019e01d1-29df-0000-0000-16cfdf5e16d5,victor yakubu 165,male,8,child,NG,2026-05-07T09:42:25.503126Z
019e01d1-29e0-0000-0000-ca70eeee7475,blessing salami 166,male,14,teenager,NG,2026-05-07T09:42:25.506593Z
019e01d1-29e6-0000-0000-462a195e5ab0,blessing kalu 167,male,3,child,GB,2026-05-07T09:42:25.510664Z
019e01d1-29ef-0000-0000-e3a4c4889a95,voke taiwo 170,male,59,adult,JP,2026-05-07T09:42:25.519329Z
019e01d1-29f1-0000-0000-ef5cd0ecfdd5,amara taiwo 171,male,44,adult,AU,2026-05-07T09:42:25.521843Z
019e01d1-29f3-0000-0000-5acf471c6381,remi ibrahim 172,male,46,adult,ET,2026-05-07T09:42:25.523925Z
019e01d1-29f9-0000-0000-975753183f7a,obiora salami 175,male,41,adult,ET,2026-05-07T09:42:25.529584Z
019e01d1-29fe-0000-0000-f83ab4c8d11a,chiamaka hassan 178,male,43,adult,GH,2026-05-07T09:42:25.534927Z
019e01d1-2a00-0000-0000-735d4ec37747,babatunde nwosu 179,male,85,senior,BR,2026-05-07T09:42:25.536891Z
019e01d1-2a0b-0000-0000-a42c325d9cbe,yemi williams 183,male,53,adult,BR,2026-05-07T09:42:25.547117Z
019e01d1-2a0c-0000-0000-140b34e71186,uche kamara 184,male,84,senior,NG,2026-05-07T09:42:25.548871Z
019e01d1-2a13-0000-0000-b30f57ac769c,timothy bakare 188,male,16,teenager,CN,2026-05-07T09:42:25.555379Z
019e01d1-2a14-0000-0000-70f06801a252,ola yusuf 189,male,51,adult,NG,2026-05-07T09:42:25.556940Z
019e01d1-2a16-0000-0000-638428106d6c,toyin adesanya 190,male,68,senior,FR,2026-05-07T09:42:25.558643Z
019e01d1-2a18-0000-0000-53bafbeb29f9,onome bakare 191,male,50,adult,JP,2026-05-07T09:42:25.560249Z
019e01d1-2a1b-0000-0000-ce5ce4cea90b,richard fashola 193,male,33,adult,SN,2026-05-07T09:42:25.563490Z
019e01d1-2a1d-0000-0000-b4ff534c7276,bolu yusuf 194,male,21,adult,IN,2026-05-07T09:42:25.565448Z
019e01d1-2a24-0000-0000-9b206530bee0,precious raji 199,male,29,adult,US,2026-05-07T09:42:25.572922Z
019e01d1-2a27-0000-0000-32b8c8e80f56,funmi idowu 201,male,29,adult,GH,2026-05-07T09:42:25.575953Z
019e01d1-2a29-0000-0000-5e281a0a6636,grace idowu 202,male,20,adult,IN,2026-05-07T09:42:25.577471Z
019e01d1-2a2e-0000-0000-913607ce1b15,zara musa 205,male,43,adult,AU,2026-05-07T09:42:25.582268Z
019e01d1-2a33-0000-0000-18298477d78d,ifeoma ganiyu 208,male,67,senior,NG,2026-05-07T09:42:25.587030Z
019e01d1-2a34-0000-0000-15f026872e73,tunde mba 209,male,83,senior,BR,2026-05-07T09:42:25.588554Z
019e01d1-2a36-0000-0000-6e6e3472199b,susan mba 210,male,2,child,KE,2026-05-07T09:42:25.590196Z
019e01d1-2a3e-0000-0000-71ee783712aa,precious usman 212,male,61,senior,US,2026-05-07T09:42:25.598270Z
019e01d1-2a40-0000-0000-17424136fd77,bolu ibrahim 213,male,50,adult,NG,2026-05-07T09:42:25.600052Z
019e01d1-2a43-0000-0000-02d29c30defd,obiora yusuf 215,male,69,senior,SN,2026-05-07T09:42:25.603451Z
019e01d1-2a50-0000-0000-9f1c1c86952e,ngozi musa 219,male,50,adult,ET,2026-05-07T09:42:25.616076Z
019e01d1-2a51-0000-0000-91e6cc5a73df,xerxes mba 220,male,38,adult,KE,2026-05-07T09:42:25.617666Z
019e01d1-2a57-0000-0000-ec595e8ccfc9,chiamaka fashola 223,male,55,adult,US,2026-05-07T09:42:25.623862Z
019e01d1-2a59-0000-0000-1ecfdbd6d1eb,chidi mba 224,male,32,adult,TZ,2026-05-07T09:42:25.625624Z
019e01d1-2a5b-0000-0000-088eb0fdf241,qudus williams 225,male,19,teenager,JP,2026-05-07T09:42:25.627342Z
019e01d1-2a5d-0000-0000-cc1d4de030f6,pita salami 226,male,53,adult,GH,2026-05-07T09:42:25.629145Z
019e01d1-2a5e-0000-0000-19e28ba17385,kemi salami 227,male,67,senior,TZ,2026-05-07T09:42:25.630742Z
019e01d1-2a63-0000-0000-7c1eb6a430fd,moses idowu 230,male,82,senior,GH,2026-05-07T09:42:25.635152Z
019e01d1-2a69-0000-0000-b27f1bb5e75d,dimma quadri 234,male,44,adult,SN,2026-05-07T09:42:25.641221Z
019e01d1-2a6a-0000-0000-7c0aa177dbca,felix chukwu 235,male,31,adult,IN,2026-05-07T09:42:25.642724Z
019e01d1-2a70-0000-0000-16bc86f62b87,nora osei 239,male,19,teenager,IN,2026-05-07T09:42:25.648683Z
019e01d1-2a72-0000-0000-7a9744c7135a,seun nwosu 240,male,39,adult,AU,2026-05-07T09:42:25.650276Z
019e01d1-2a75-0000-0000-56fc308cf664,xola hassan 242,male,37,adult,CA,2026-05-07T09:42:25.653313Z
019e01d1-2a78-0000-0000-5bc643e5d560,hauwa eze 244,male,2,child,AU,2026-05-07T09:42:25.656374Z
019e01d1-2a79-0000-0000-e7b22797549a,patience kamara 245,male,5,child,CI,2026-05-07T09:42:25.657820Z
019e01d1-2a7b-0000-0000-23c9339e201c,jide ganiyu 246,male,34,adult,FR,2026-05-07T09:42:25.659289Z
019e01d1-2a7e-0000-0000-7035335bf5b4,cynthia adesanya 248,male,43,adult,AU,2026-05-07T09:42:25.662342Z
019e01d1-2a7f-0000-0000-35188ef88760,zara ibrahim 249,male,27,adult,GH,2026-05-07T09:42:25.663914Z
019e01d1-2a83-0000-0000-30eeb5a8703c,amara ogundele 251,male,6,child,FR,2026-05-07T09:42:25.667339Z
019e01d1-2a84-0000-0000-9d15aaa84297,ahmed mensah 252,male,67,senior,CA,2026-05-07T09:42:25.668874Z
019e01d1-2a86-0000-0000-babab9496d08,rasheed vincent 253,male,57,adult,JP,2026-05-07T09:42:25.670940Z
019e01d1-2a88-0000-0000-5326a94f8716,kemi williams 254,male,78,senior,GB,2026-05-07T09:42:25.672515Z
019e01d1-2a8b-0000-0000-a247f924652b,victor hassan 256,male,28,adult,CN,2026-05-07T09:42:25.675869Z
019e01d1-2a93-0000-0000-3680211e0c0d,funmi raji 260,male,60,senior,CA,2026-05-07T09:42:25.683139Z
019e01d1-2a95-0000-0000-1ff8698bb7c2,lola peters 261,male,40,adult,GH,2026-05-07T09:42:25.685169Z
019e01d1-2a96-0000-0000-1f2e136458cd,efosa adekunle 262,male,42,adult,CI,2026-05-07T09:42:25.686957Z
019e01d1-2a9e-0000-0000-c8d9622baa8d,patience lawal 266,male,10,child,ZA,2026-05-07T09:42:25.694137Z
019e01d1-2aa2-0000-0000-25b94fff4499,zainab adesanya 269,male,12,child,CA,2026-05-07T09:42:25.698854Z
019e01d1-2aa6-0000-0000-4cee2fd6f7ce,wunmi williams 271,male,37,adult,AU,2026-05-07T09:42:25.702638Z
019e01d1-2aa8-0000-0000-5cb3529346b4,kemi vincent 272,male,17,teenager,DE,2026-05-07T09:42:25.704354Z
019e01d1-2aab-0000-0000-532377133cf9,lawal diallo 273,male,15,teenager,KE,2026-05-07T09:42:25.707242Z
019e01d1-2ab0-0000-0000-2f6493de0008,mercy mensah 276,male,63,senior,TZ,2026-05-07T09:42:25.712386Z
019e01d1-2ab5-0000-0000-063ace822beb,usman yakubu 279,male,82,senior,TZ,2026-05-07T09:42:25.717293Z
019e01d1-2ab8-0000-0000-d60f35046dcd,tunde hassan 281,male,75,senior,IN,2026-05-07T09:42:25.720647Z
019e01d1-2aba-0000-0000-e136ffef1a74,xerxes ogundele 282,male,19,teenager,EG,2026-05-07T09:42:25.722313Z
019e01d1-2abb-0000-0000-919e3c27a78c,yemi raji 283,male,79,senior,BR,2026-05-07T09:42:25.723771Z
019e01d1-2ac0-0000-0000-0a7272ee932e,ahmed ogundele 286,male,22,adult,AU,2026-05-07T09:42:25.728325Z
019e01d1-2ac3-0000-0000-8ac0fd979c9c,felix kalu 288,male,78,senior,NG,2026-05-07T09:42:25.731505Z
019e01d1-2ac6-0000-0000-f2c7b3b2a4b9,zara johnson 290,male,36,adult,ET,2026-05-07T09:42:25.734295Z
019e01d1-2ac7-0000-0000-64b12c9c5de8,adaeze xavier 291,male,69,senior,US,2026-05-07T09:42:25.735779Z
019e01d1-2acc-0000-0000-a2700180435b,remi kamara 294,male,54,adult,EG,2026-05-07T09:42:25.740333Z
019e01d1-2acf-0000-0000-fcc078a27f8a,nora quadri 296,male,26,adult,US,2026-05-07T09:42:25.743697Z
019e01d1-2ad6-0000-0000-cf4611a2c25e,amara bakare 300,male,13,teenager,US,2026-05-07T09:42:25.750744Z
019e01d1-2ad8-0000-0000-f9e72f45730f,efosa lawal 301,male,16,teenager,NG,2026-05-07T09:42:25.752326Z
019e01d1-2ada-0000-0000-28f28be3ac8d,kemi adekunle 302,male,7,child,CA,2026-05-07T09:42:25.754429Z
019e01d1-2adb-0000-0000-cf096b0fca49,william salami 303,male,26,adult,AU,2026-05-07T09:42:25.756008Z
019e01d1-2add-0000-0000-21128332dd28,kehinde ganiyu 304,male,62,senior,SN,2026-05-07T09:42:25.757811Z
019e01d1-2ae0-0000-0000-c5a928e1b8bc,qudus yakubu 306,male,55,adult,CI,2026-05-07T09:42:25.761001Z
019e01d1-2ae4-0000-0000-5200a681d6dc,irene williams 308,male,24,adult,SN,2026-05-07T09:42:25.764296Z
019e01d1-2ae5-0000-0000-c7c0733a9ff6,kemi nwosu 309,male,81,senior,KE,2026-05-07T09:42:25.765782Z
019e01d1-2ae8-0000-0000-c8df9e07038f,kunle chukwu 311,male,10,child,KE,2026-05-07T09:42:25.768860Z
019e01d1-2aed-0000-0000-d4e723820e82,helen ibrahim 314,male,28,adult,NG,2026-05-07T09:42:25.773918Z
019e01d1-2aef-0000-0000-d19b325dfd0e,cynthia ibrahim 315,male,19,teenager,EG,2026-05-07T09:42:25.775362Z
019e01d1-2af2-0000-0000-894d2dd92a7f,helen ganiyu 317,male,53,adult,DE,2026-05-07T09:42:25.778446Z
019e01d1-2af5-0000-0000-feebb33fb11c,qudus raji 319,male,19,teenager,IN,2026-05-07T09:42:25.781564Z
019e01d1-2af7-0000-0000-1121d088843c,queen quadri 320,male,41,adult,DE,2026-05-07T09:42:25.783059Z
019e01d1-2afa-0000-0000-4e5d569ed128,tunde ogundele 322,male,49,adult,CN,2026-05-07T09:42:25.786340Z
019e01d1-2afb-0000-0000-8e967db42c71,remi adesanya 323,male,63,senior,BR,2026-05-07T09:42:25.787827Z
019e01d1-2afd-0000-0000-3d5285a59234,efosa adekunle 324,male,80,senior,US,2026-05-07T09:42:25.789273Z
019e01d1-2b00-0000-0000-93089da8d11a,qudus yakubu 326,male,23,adult,IN,2026-05-07T09:42:25.792447Z
019e01d1-2b01-0000-0000-672ce70fff55,pita musa 327,male,78,senior,IN,2026-05-07T09:42:25.793953Z
019e01d1-2b03-0000-0000-6f1315651779,jumoke yusuf 328,male,2,child,CA,2026-05-07T09:42:25.795446Z
019e01d1-2b07-0000-0000-5fa962c6ebb7,toyin yakubu 330,male,54,adult,US,2026-05-07T09:42:25.799044Z
019e01d1-2b12-0000-0000-d0961e492cfe,mercy xavier 337,male,31,adult,AU,2026-05-07T09:42:25.810619Z
019e01d1-2b14-0000-0000-00e024acf69b,wunmi ibrahim 338,male,56,adult,DE,2026-05-07T09:42:25.812061Z
019e01d1-2b1a-0000-0000-da9bb518f7d2,zainab kalu 343,male,27,adult,ZA,2026-05-07T09:42:25.818994Z
019e01d1-2b1e-0000-0000-c2bb7a645caa,chiamaka adekunle 345,male,33,adult,CI,2026-05-07T09:42:25.822055Z
019e01d1-2b1f-0000-0000-2ef46a78598d,funmi adekunle 346,male,7,child,DE,2026-05-07T09:42:25.823505Z
019e01d1-2b26-0000-0000-7bae1ac092fc,ifeoma idowu 351,male,17,teenager,CA,2026-05-07T09:42:25.831018Z
019e01d1-2b28-0000-0000-1595261e9cb7,patience vincent 352,male,79,senior,NG,2026-05-07T09:42:25.832375Z
019e01d1-2b2c-0000-0000-a0f88ffc0f31,mercy mba 355,male,76,senior,DE,2026-05-07T09:42:25.836884Z
019e01d1-2b32-0000-0000-a2c3de3a7c4d,ifeoma ibrahim 358,male,65,senior,GB,2026-05-07T09:42:25.842145Z
019e01d1-2b36-0000-0000-4b3f18311b09,timothy mensah 361,male,44,adult,GH,2026-05-07T09:42:25.846631Z
019e01d1-2b38-0000-0000-562b8de52083,moses nwosu 362,male,49,adult,SN,2026-05-07T09:42:25.848149Z
019e01d1-2b3d-0000-0000-ff92634ce65b,babatunde chukwu 365,male,28,adult,ET,2026-05-07T09:42:25.853555Z
019e01d1-2b45-0000-0000-eec42db43d37,yvonne xavier 369,male,48,adult,KE,2026-05-07T09:42:25.861095Z
019e01d1-2b4b-0000-0000-4cc0da80954a,david mba 371,male,40,adult,KE,2026-05-07T09:42:25.867192Z
019e01d1-2b52-0000-0000-a99dc375f939,ahmed mba 375,male,65,senior,US,2026-05-07T09:42:25.874788Z
019e01d1-2b56-0000-0000-fcaf57b8fea7,helen hassan 377,male,6,child,FR,2026-05-07T09:42:25.878824Z
019e01d1-2b58-0000-0000-677934ba603f,folake traore 378,male,68,senior,AU,2026-05-07T09:42:25.880542Z
019e01d1-2b5c-0000-0000-80dcf300cfdd,toyin fashola 380,male,41,adult,FR,2026-05-07T09:42:25.884201Z
019e01d1-2b68-0000-0000-634ad89f8bed,chidi ogundele 387,male,40,adult,CA,2026-05-07T09:42:25.896105Z
019e01d1-2b6b-0000-0000-dd93e2b9e6eb,richard bakare 389,male,3,child,US,2026-05-07T09:42:25.899186Z
019e01d1-2b6e-0000-0000-c8d2a4a8439a,seun mensah 391,male,16,teenager,FR,2026-05-07T09:42:25.902052Z
019e01d1-2b75-0000-0000-f385a43a70a7,gbenga johnson 395,male,35,adult,BR,2026-05-07T09:42:25.909332Z
019e01d1-2b7a-0000-0000-019f9cfec7e5,kehinde quadri 398,male,10,child,AU,2026-05-07T09:42:25.914175Z
019e01d1-2b7b-0000-0000-f2cfcda05b6b,william williams 399,male,75,senior,KE,2026-05-07T09:42:25.915784Z
019e01d1-2b7d-0000-0000-d43d60b6dd8c,zainab taiwo 400,male,12,child,UG,2026-05-07T09:42:25.917254Z
019e01d1-2b81-0000-0000-df57e908a966,hauwa adekunle 403,male,10,child,EG,2026-05-07T09:42:25.921644Z
019e01d1-2b87-0000-0000-5ced0c2ebc65,esther okonkwo 407,male,19,teenager,CI,2026-05-07T09:42:25.927778Z
019e01d1-2b8a-0000-0000-cdae7e0cbb23,yemi bakare 409,male,40,adult,EG,2026-05-07T09:42:25.930748Z
019e01d1-2b8c-0000-0000-078afcb4fa4f,wale peters 410,male,85,senior,FR,2026-05-07T09:42:25.932236Z
019e01d1-2b8d-0000-0000-e9371f5f5b2b,cynthia lawal 411,male,67,senior,ET,2026-05-07T09:42:25.933667Z
019e01d1-2b8f-0000-0000-fa14e0728388,chidi ibrahim 412,male,9,child,BR,2026-05-07T09:42:25.935721Z
019e01d1-2b95-0000-0000-65393e3236ef,lawal bakare 416,male,60,senior,UG,2026-05-07T09:42:25.941617Z
019e01d1-2b98-0000-0000-d03989147c4f,patience mba 418,male,43,adult,SN,2026-05-07T09:42:25.944766Z
019e01d1-2b9f-0000-0000-9caaf3ced29b,qudus eze 423,male,59,adult,EG,2026-05-07T09:42:25.951754Z
019e01d1-2ba2-0000-0000-9e388d096ca0,godwin dada 425,male,61,senior,AU,2026-05-07T09:42:25.954843Z
019e01d1-2ba6-0000-0000-e78ed483f15c,ngozi yusuf 427,male,43,adult,US,2026-05-07T09:42:25.958700Z
019e01d1-2baa-0000-0000-75fc94c44b3b,jumoke osei 429,male,16,teenager,ZA,2026-05-07T09:42:25.962385Z
019e01d1-2bab-0000-0000-203f4bd1d13e,gbenga raji 430,male,42,adult,CN,2026-05-07T09:42:25.964016Z
019e01d1-2baf-0000-0000-60f862516375,lawal hassan 432,male,75,senior,NG,2026-05-07T09:42:25.967505Z
019e01d1-2bb2-0000-0000-57c3afe068fe,cynthia ibrahim 434,male,72,senior,CA,2026-05-07T09:42:25.970840Z
019e01d1-2bb4-0000-0000-84baad2fc84a,ximena quadri 435,male,58,adult,SN,2026-05-07T09:42:25.972517Z
019e01d1-2bb9-0000-0000-b126edbb554f,tunde eze 438,male,29,adult,AU,2026-05-07T09:42:25.977103Z
019e01d1-2bba-0000-0000-cbefccf74926,mercy fashola 439,male,34,adult,KE,2026-05-07T09:42:25.978718Z
019e01d1-2bbe-0000-0000-ef628f2c609f,seun traore 441,male,6,child,GH,2026-05-07T09:42:25.982196Z
019e01d1-2bc1-0000-0000-c242e950462a,chiamaka idowu 443,male,14,teenager,US,2026-05-07T09:42:25.985705Z
019e01d1-2bc5-0000-0000-b87f3d6b80f4,felix osei 445,male,2,child,TZ,2026-05-07T09:42:25.989052Z
019e01d1-2bc8-0000-0000-863bd54409b6,godwin dada 447,male,11,child,SN,2026-05-07T09:42:25.992307Z
019e01d1-2bcf-0000-0000-343d6f554ab6,udoka adesanya 452,male,27,adult,ET,2026-05-07T09:42:26.000005Z
019e01d1-2bd1-0000-0000-1db63e3aa659,remi yakubu 453,male,16,teenager,GB,2026-05-07T09:42:26.001618Z
019e01d1-2bd2-0000-0000-7afc7b1ca4de,yusuf taiwo 454,male,20,adult,FR,2026-05-07T09:42:26.002986Z
019e01d1-2bd9-0000-0000-a3b5c51bbd86,toyin chukwu 458,male,19,teenager,BR,2026-05-07T09:42:26.009783Z
019e01d1-2bdc-0000-0000-ed2facc61227,remi dada 460,male,27,adult,DE,2026-05-07T09:42:26.012627Z
019e01d1-2be2-0000-0000-d4fe7dae6d65,lawal lawal 464,male,34,adult,CN,2026-05-07T09:42:26.018072Z
019e01d1-2be5-0000-0000-b1cf63525f5b,chiamaka taiwo 466,male,75,senior,ZA,2026-05-07T09:42:26.021043Z
019e01d1-2be6-0000-0000-476ae8109eed,uche kamara 467,male,76,senior,GB,2026-05-07T09:42:26.022393Z
019e01d1-2bea-0000-0000-fe1c548f62d8,esther bakare 470,male,18,teenager,KE,2026-05-07T09:42:26.026785Z
019e01d1-2bec-0000-0000-eada09dadacf,victor ibrahim 471,male,77,senior,GH,2026-05-07T09:42:26.028241Z
019e01d1-2bed-0000-0000-031cc482d83c,tunde xavier 472,male,48,adult,EG,2026-05-07T09:42:26.029845Z
019e01d1-2bf4-0000-0000-ecccf92848eb,musa mba 476,male,7,child,EG,2026-05-07T09:42:26.036251Z
019e01d1-2bf5-0000-0000-a661b304cfd2,richard okonkwo 477,male,10,child,NG,2026-05-07T09:42:26.037864Z
019e01d1-2bfb-0000-0000-f614aa19cb96,godwin mensah 480,male,7,child,FR,2026-05-07T09:42:26.043175Z
019e01d1-2c03-0000-0000-5b81522ef01f,udoka quadri 485,male,38,adult,DE,2026-05-07T09:42:26.051866Z
019e01d1-2c09-0000-0000-919540402fcb,remi bakare 488,male,30,adult,UG,2026-05-07T09:42:26.057545Z
019e01d1-2c0b-0000-0000-8ab19ea9fa41,lola chukwu 489,male,50,adult,NG,2026-05-07T09:42:26.059142Z
019e01d1-2c0e-0000-0000-5ab904573cf7,godwin traore 491,male,29,adult,EG,2026-05-07T09:42:26.062755Z
019e01d1-2c10-0000-0000-8716860c313a,chidi ogundele 492,male,44,adult,CA,2026-05-07T09:42:26.064653Z
019e01d1-2c12-0000-0000-b3247f3354c1,nora diallo 493,male,17,teenager,IN,2026-05-07T09:42:26.066815Z
019e01d1-2c17-0000-0000-44f5b9438b86,qudus ogundele 496,male,70,senior,BR,2026-05-07T09:42:26.071682Z
019e01d1-2c19-0000-0000-ba561f8e7064,nkem hassan 497,male,30,adult,IN,2026-05-07T09:42:26.073257Z
019e01d1-2c1d-0000-0000-50fb54f3eabb,kemi yusuf 500,male,21,adult,US,2026-05-07T09:42:26.078021Z
019e01d1-2c1f-0000-0000-4f9f50c01324,toyin yusuf 501,male,69,senior,GB,2026-05-07T09:42:26.079602Z
019e01d1-2c21-0000-0000-77915287765b,toyin musa 502,male,64,senior,GB,2026-05-07T09:42:26.081175Z
019e01d1-2c27-0000-0000-c40dca5d9746,helen quadri 506,male,34,adult,BR,2026-05-07T09:42:26.087486Z
019e01d1-2c2f-0000-0000-1e66d3b00a1c,queen johnson 511,male,28,adult,ET,2026-05-07T09:42:26.095868Z
019e01d1-2c33-0000-0000-c81a2243e57b,adaeze peters 513,male,46,adult,DE,2026-05-07T09:42:26.099335Z
019e01d1-2c34-0000-0000-f992b2be7eef,ngozi nwosu 514,male,56,adult,ET,2026-05-07T09:42:26.100983Z
019e01d1-2c39-0000-0000-3869eb38a2ba,chidi bakare 517,male,46,adult,UG,2026-05-07T09:42:26.105695Z
019e01d1-2c3b-0000-0000-3761fc93f157,ahmed lawal 518,male,50,adult,FR,2026-05-07T09:42:26.107413Z
019e01d1-2c3c-0000-0000-c75d9c5a3288,usman vincent 519,male,15,teenager,DE,2026-05-07T09:42:26.108997Z
019e01d1-2c3e-0000-0000-8f694cd59242,lydia ibrahim 520,male,41,adult,GB,2026-05-07T09:42:26.110523Z
019e01d1-2c47-0000-0000-0ff971c1e7fe,victor yakubu 526,male,52,adult,TZ,2026-05-07T09:42:26.119456Z
019e01d1-2c4d-0000-0000-6788038147a7,ximena dada 530,male,66,senior,IN,2026-05-07T09:42:26.125417Z
019e01d1-2c50-0000-0000-c8ebeadd48c8,amara okonkwo 532,male,56,adult,GB,2026-05-07T09:42:26.128513Z
019e01d1-2c57-0000-0000-3915d4d37828,amara adekunle 537,male,4,child,ET,2026-05-07T09:42:26.135952Z
019e01d1-2c59-0000-0000-4767d946377a,usman vincent 538,male,26,adult,AU,2026-05-07T09:42:26.137539Z
019e01d1-2c5e-0000-0000-2e3d4f7fbf58,musa usman 541,male,83,senior,CN,2026-05-07T09:42:26.142204Z
019e01d1-2c62-0000-0000-d1326a89b74b,ola johnson 544,male,2,child,IN,2026-05-07T09:42:26.146891Z
019e01d1-2c71-0000-0000-7af3e45a43f4,ifeoma ogundele 553,male,3,child,KE,2026-05-07T09:42:26.161221Z
019e01d1-2c72-0000-0000-426d3f747cb8,qudus chukwu 554,male,9,child,ET,2026-05-07T09:42:26.162795Z
019e01d1-2c75-0000-0000-73d8ba46a16a,chiamaka dada 556,male,21,adult,TZ,2026-05-07T09:42:26.165472Z
019e01d1-2c77-0000-0000-64b6e08db8e1,james bakare 557,male,55,adult,US,2026-05-07T09:42:26.167221Z
019e01d1-2c79-0000-0000-eb2c9d08ee0f,ximena adekunle 558,male,36,adult,JP,2026-05-07T09:42:26.169056Z
019e01d1-2c7a-0000-0000-5deed99fafe3,dayo bakare 559,male,30,adult,JP,2026-05-07T09:42:26.170645Z
019e01d1-2c7f-0000-0000-8c768ddceea8,yusuf ibrahim 562,male,54,adult,CN,2026-05-07T09:42:26.175117Z
019e01d1-2c80-0000-0000-1b64a59dfb7f,xola usman 563,male,57,adult,UG,2026-05-07T09:42:26.176497Z
019e01d1-2c83-0000-0000-8cd1d806c374,kunle chukwu 565,male,67,senior,GB,2026-05-07T09:42:26.179482Z
019e01d1-2c86-0000-0000-f877cc9c0f3d,ahmed quadri 567,male,79,senior,IN,2026-05-07T09:42:26.182689Z
019e01d1-2c88-0000-0000-d68b6e709ae1,voke traore 568,male,70,senior,GH,2026-05-07T09:42:26.184092Z
019e01d1-2c89-0000-0000-f93702ead1c4,moses ogundele 569,male,40,adult,CA,2026-05-07T09:42:26.185545Z
019e01d1-2c8b-0000-0000-f647f40d32fe,musa yakubu 570,male,38,adult,FR,2026-05-07T09:42:26.187141Z
019e01d1-2c8c-0000-0000-e2400a7f8c86,moses idowu 571,male,9,child,JP,2026-05-07T09:42:26.188884Z
019e01d1-2c8e-0000-0000-4b1435d30f64,irene williams 572,male,49,adult,CI,2026-05-07T09:42:26.190251Z
019e01d1-2c92-0000-0000-511a1bb779c3,pita williams 575,male,25,adult,AU,2026-05-07T09:42:26.194496Z
019e01d1-2c93-0000-0000-e73063de97fc,queen johnson 576,male,2,child,BR,2026-05-07T09:42:26.195798Z
019e01d1-2c96-0000-0000-aba565d61304,obiora bakare 577,male,75,senior,CI,2026-05-07T09:42:26.198616Z
019e01d1-2c99-0000-0000-e388d8b583a0,remi xavier 579,male,22,adult,NG,2026-05-07T09:42:26.201945Z
019e01d1-2ca1-0000-0000-f4c51177ddca,moses idowu 580,male,59,adult,KE,2026-05-07T09:42:26.210009Z
019e01d1-2ca4-0000-0000-27e752bed130,usman mba 581,male,58,adult,IN,2026-05-07T09:42:26.212705Z
019e01d1-2ca6-0000-0000-98d53ff920b7,wale adesanya 582,male,42,adult,ZA,2026-05-07T09:42:26.214892Z
019e01d1-2cab-0000-0000-8ec2b6b90857,kunle hassan 585,male,81,senior,GB,2026-05-07T09:42:26.219568Z
019e01d1-2cae-0000-0000-17f436564d8d,vivian musa 587,male,52,adult,NG,2026-05-07T09:42:26.222352Z
019e01d1-2caf-0000-0000-a0f06f211b47,chidi peters 588,male,7,child,KE,2026-05-07T09:42:26.223920Z
019e01d1-2cb1-0000-0000-c1593059a2a3,rasheed xavier 589,male,47,adult,GH,2026-05-07T09:42:26.225437Z
019e01d1-2cbe-0000-0000-abfc97d914f5,precious mensah 597,male,8,child,US,2026-05-07T09:42:26.238483Z
019e01d1-2cc0-0000-0000-b9a75338f5b4,wale xavier 598,male,83,senior,AU,2026-05-07T09:42:26.240094Z
019e01d1-2cc3-0000-0000-ee3ff45b81d4,qudus adekunle 600,male,56,adult,DE,2026-05-07T09:42:26.243133Z
019e01d1-2ccd-0000-0000-e8414539fe56,obiora ogundele 607,male,26,adult,GH,2026-05-07T09:42:26.253778Z
019e01d1-2cd4-0000-0000-7eb1f30ca80b,esther kamara 611,male,55,adult,JP,2026-05-07T09:42:26.260286Z
019e01d1-2cd5-0000-0000-e9af778c9208,nkem ogundele 612,male,83,senior,GH,2026-05-07T09:42:26.261959Z
019e01d1-2cda-0000-0000-340d8fcdc68b,uche mba 615,male,75,senior,EG,2026-05-07T09:42:26.266242Z
019e01d1-2cdd-0000-0000-5185ceae394d,ola okonkwo 617,male,48,adult,UG,2026-05-07T09:42:26.269553Z
019e01d1-2cdf-0000-0000-7a5d2436af4c,voke peters 618,male,21,adult,KE,2026-05-07T09:42:26.271025Z
019e01d1-2ce3-0000-0000-151c094b5972,remi diallo 621,male,70,senior,NG,2026-05-07T09:42:26.275284Z
019e01d1-2ce7-0000-0000-35e01d82b8a2,zainab eze 624,male,48,adult,NG,2026-05-07T09:42:26.279597Z
019e01d1-2cea-0000-0000-8e0f57fc52c6,mercy adekunle 626,male,17,teenager,FR,2026-05-07T09:42:26.282798Z
019e01d1-2ced-0000-0000-61976b7232a2,udoka hassan 628,male,48,adult,DE,2026-05-07T09:42:26.285704Z
019e01d1-2cef-0000-0000-28d99018bb7b,ngozi ogundele 629,male,16,teenager,BR,2026-05-07T09:42:26.287137Z
019e01d1-2cf2-0000-0000-6bfd48a47605,lydia idowu 631,male,67,senior,DE,2026-05-07T09:42:26.290247Z
019e01d1-2cf6-0000-0000-03c3f286dcc2,remi yusuf 634,male,74,senior,KE,2026-05-07T09:42:26.294342Z
019e01d1-2cf9-0000-0000-2b1c0f76b047,funmi mensah 636,male,72,senior,CA,2026-05-07T09:42:26.297220Z
019e01d1-2cfa-0000-0000-58a84c6d5dbb,yusuf mensah 637,male,23,adult,ET,2026-05-07T09:42:26.298742Z
019e01d1-2cfd-0000-0000-e6f7fa68d9c3,patience fashola 639,male,60,senior,JP,2026-05-07T09:42:26.301784Z
019e01d1-2cff-0000-0000-d75c06d626af,qudus yakubu 640,male,18,teenager,NG,2026-05-07T09:42:26.303452Z
019e01d1-2d00-0000-0000-7f126925f92a,wunmi kalu 641,male,55,adult,ZA,2026-05-07T09:42:26.305016Z
019e01d1-2d02-0000-0000-dceb1e36259f,yemi ganiyu 642,male,41,adult,AU,2026-05-07T09:42:26.306454Z
019e01d1-2d04-0000-0000-78985ffa68d6,precious taiwo 643,male,83,senior,DE,2026-05-07T09:42:26.308083Z
019e01d1-2d05-0000-0000-99f0489e4940,obiora okonkwo 644,male,15,teenager,TZ,2026-05-07T09:42:26.309654Z
019e01d1-2d07-0000-0000-8bb013aa2ef9,grace peters 645,male,85,senior,BR,2026-05-07T09:42:26.311176Z
019e01d1-2d0c-0000-0000-86a4efa0fef7,irene mba 649,male,32,adult,ET,2026-05-07T09:42:26.316746Z
019e01d1-2d11-0000-0000-4bd63f5df576,queen ibrahim 652,male,55,adult,NG,2026-05-07T09:42:26.321282Z
019e01d1-2d12-0000-0000-a7c348c27d79,ifeoma taiwo 653,male,42,adult,FR,2026-05-07T09:42:26.322584Z
019e01d1-2d15-0000-0000-f6454c79cfda,david salami 655,male,4,child,AU,2026-05-07T09:42:26.325249Z
019e01d1-2d1a-0000-0000-9f2a1bf2a5fc,yvonne xavier 658,male,13,teenager,BR,2026-05-07T09:42:26.330293Z
019e01d1-2d1b-0000-0000-497f2cac90f0,remi chukwu 659,male,47,adult,CN,2026-05-07T09:42:26.331674Z
019e01d1-2d1d-0000-0000-0884feb9dcb9,lydia adesanya 660,male,16,teenager,UG,2026-05-07T09:42:26.333324Z
019e01d1-2d1f-0000-0000-646cf0659e30,wunmi lawal 661,male,60,senior,CA,2026-05-07T09:42:26.335088Z
019e01d1-2d21-0000-0000-83a895f6f984,emeka xavier 662,male,77,senior,CA,2026-05-07T09:42:26.337274Z
019e01d1-2d24-0000-0000-dc9ea776fa18,lydia chukwu 664,male,29,adult,AU,2026-05-07T09:42:26.340094Z
019e01d1-2d29-0000-0000-e9723d0b3d14,gbenga williams 667,male,52,adult,GH,2026-05-07T09:42:26.345225Z
019e01d1-2d2c-0000-0000-e909a39ad3c3,dayo johnson 669,male,42,adult,UG,2026-05-07T09:42:26.348461Z
019e01d1-2d31-0000-0000-357b5d743d53,susan williams 672,male,60,senior,JP,2026-05-07T09:42:26.353497Z
019e01d1-2d32-0000-0000-aeb55277c8c1,onome salami 673,male,11,child,GB,2026-05-07T09:42:26.354877Z
019e01d1-2d34-0000-0000-d926dbd82aa2,lawal ibrahim 674,male,80,senior,EG,2026-05-07T09:42:26.356338Z
019e01d1-2d35-0000-0000-224fa4da5c50,irene salami 675,male,24,adult,JP,2026-05-07T09:42:26.357650Z
019e01d1-2d36-0000-0000-3c8fed43b907,babatunde yusuf 676,male,33,adult,CI,2026-05-07T09:42:26.358970Z
019e01d1-2d3b-0000-0000-b75f9f0a2631,tunde okonkwo 679,male,68,senior,GB,2026-05-07T09:42:26.363049Z
019e01d1-2d3c-0000-0000-341c5992756e,moses eze 680,male,40,adult,CA,2026-05-07T09:42:26.364659Z
019e01d1-2d3e-0000-0000-5a8252de0024,blessing okonkwo 681,male,77,senior,IN,2026-05-07T09:42:26.366315Z
019e01d1-2d41-0000-0000-313cc7db58e8,lydia raji 683,male,55,adult,UG,2026-05-07T09:42:26.369639Z
019e01d1-2d43-0000-0000-997c6f198d06,nora kalu 684,male,16,teenager,EG,2026-05-07T09:42:26.371283Z
019e01d1-2d44-0000-0000-4fb943654204,patience dada 685,male,67,senior,CA,2026-05-07T09:42:26.372571Z
019e01d1-2d47-0000-0000-a2c547d2eaba,lola nwosu 687,male,30,adult,EG,2026-05-07T09:42:26.375657Z
019e01d1-2d48-0000-0000-8f06d88b367a,funmi yakubu 688,male,75,senior,BR,2026-05-07T09:42:26.377018Z
019e01d1-2d4a-0000-0000-e058d9b76eb2,xola kalu 689,male,45,adult,CA,2026-05-07T09:42:26.378424Z
019e01d1-2d4b-0000-0000-c532dc7f5e8a,qudus quadri 690,male,9,child,DE,2026-05-07T09:42:26.379765Z
019e01d1-2d4d-0000-0000-59716c3363b6,babatunde ibrahim 691,male,32,adult,KE,2026-05-07T09:42:26.381202Z
019e01d1-2d4e-0000-0000-97ffd4205028,lola vincent 692,male,14,teenager,SN,2026-05-07T09:42:26.382620Z
019e01d1-2d51-0000-0000-77677dd0b004,lola kamara 694,male,14,teenager,AU,2026-05-07T09:42:26.385544Z
019e01d1-2d53-0000-0000-551e86bdb3e2,jide johnson 695,male,5,child,ET,2026-05-07T09:42:26.387311Z
019e01d1-2d56-0000-0000-2729a8de4672,patience adesanya 697,male,13,teenager,DE,2026-05-07T09:42:26.390201Z
019e01d1-2d58-0000-0000-cd2c5c2e3c53,amara yusuf 699,male,37,adult,ZA,2026-05-07T09:42:26.392982Z
019e01d1-2d5a-0000-0000-c791fd7928a0,wunmi nwosu 700,male,3,child,SN,2026-05-07T09:42:26.394514Z
019e01d1-2d5e-0000-0000-d438d7efde18,dayo xavier 703,male,81,senior,KE,2026-05-07T09:42:26.398701Z
019e01d1-2d60-0000-0000-89fcc118eeea,musa johnson 704,male,1,child,ZA,2026-05-07T09:42:26.400160Z
019e01d1-2d67-0000-0000-dd4efcd3acf5,helen chukwu 708,male,52,adult,TZ,2026-05-07T09:42:26.407246Z
019e01d1-2d68-0000-0000-56e522006b9e,dayo lawal 709,male,10,child,SN,2026-05-07T09:42:26.408681Z
019e01d1-2d6b-0000-0000-e9a734c13f53,ximena johnson 711,male,62,senior,IN,2026-05-07T09:42:26.412019Z
019e01d1-2d6d-0000-0000-0955c1dd7fc4,voke taiwo 712,male,9,child,IN,2026-05-07T09:42:26.413628Z
019e01d1-2d71-0000-0000-11ead4e7214b,kunle okonkwo 714,male,67,senior,CA,2026-05-07T09:42:26.417325Z
019e01d1-2d74-0000-0000-c4e223cb2cda,babatunde traore 716,male,33,adult,CI,2026-05-07T09:42:26.420742Z
019e01d1-2d76-0000-0000-501028721f7d,henry vincent 717,male,54,adult,US,2026-05-07T09:42:26.422418Z
019e01d1-2d7b-0000-0000-58c7d5b0749e,helen adekunle 720,male,34,adult,TZ,2026-05-07T09:42:26.427592Z
019e01d1-2d7d-0000-0000-d6fb6de36bf5,wale nwosu 721,male,24,adult,AU,2026-05-07T09:42:26.429033Z
019e01d1-2d7e-0000-0000-f541190b92b3,james vincent 722,male,34,adult,ET,2026-05-07T09:42:26.430434Z
019e01d1-2d81-0000-0000-4b02afaf33fe,gbenga taiwo 724,male,39,adult,GB,2026-05-07T09:42:26.433272Z
019e01d1-2d85-0000-0000-f5f1ea820f0a,funmi taiwo 727,male,42,adult,ET,2026-05-07T09:42:26.437874Z
019e01d1-2d87-0000-0000-a516055aa58d,precious chukwu 728,male,44,adult,EG,2026-05-07T09:42:26.439376Z
019e01d1-2d8a-0000-0000-1225d31c1b4d,nora mensah 730,male,67,senior,EG,2026-05-07T09:42:26.442067Z
019e01d1-2d8d-0000-0000-1128d31efcf1,queen xavier 732,male,36,adult,TZ,2026-05-07T09:42:26.445506Z
019e01d1-2d90-0000-0000-3cde0d40dea3,mercy vincent 734,male,45,adult,CI,2026-05-07T09:42:26.448871Z
019e01d1-2d95-0000-0000-c33a833ca068,patience dada 737,male,59,adult,DE,2026-05-07T09:42:26.453867Z
019e01d1-2d97-0000-0000-88a9f8cf4e3c,david hassan 738,male,82,senior,NG,2026-05-07T09:42:26.455216Z
019e01d1-2d98-0000-0000-b74f2d8c5302,xola raji 739,male,11,child,AU,2026-05-07T09:42:26.456692Z
019e01d1-2d9a-0000-0000-c7002308ba35,rasheed taiwo 740,male,17,teenager,CN,2026-05-07T09:42:26.458786Z
019e01d1-2d9e-0000-0000-1c1e7039f951,remi mensah 742,male,62,senior,FR,2026-05-07T09:42:26.462642Z
019e01d1-2da0-0000-0000-67d518884233,gbenga ganiyu 743,male,70,senior,SN,2026-05-07T09:42:26.464135Z
019e01d1-2da3-0000-0000-3d551bb8e1d1,remi diallo 745,male,57,adult,CI,2026-05-07T09:42:26.467102Z
019e01d1-2da7-0000-0000-5e2e534cf74d,jumoke usman 748,male,47,adult,UG,2026-05-07T09:42:26.471785Z
019e01d1-2da9-0000-0000-73211a47c5aa,william traore 749,male,19,teenager,JP,2026-05-07T09:42:26.473500Z
019e01d1-2dab-0000-0000-b16a04e44cbc,wunmi kalu 750,male,41,adult,ZA,2026-05-07T09:42:26.475441Z
019e01d1-2dae-0000-0000-850e997a3f70,nora usman 752,male,39,adult,CI,2026-05-07T09:42:26.478458Z
019e01d1-2db3-0000-0000-52dcc6315664,henry diallo 755,male,78,senior,ZA,2026-05-07T09:42:26.483139Z
019e01d1-2db5-0000-0000-f72143ff827c,godwin osei 756,male,19,teenager,FR,2026-05-07T09:42:26.485077Z
019e01d1-2db6-0000-0000-a644786e0e78,timothy kalu 757,male,22,adult,AU,2026-05-07T09:42:26.486849Z
019e01d1-2db8-0000-0000-ea1e11d33a57,usman mensah 758,male,31,adult,JP,2026-05-07T09:42:26.488276Z
019e01d1-2dba-0000-0000-5065ac22782f,musa nwosu 759,male,67,senior,GH,2026-05-07T09:42:26.490195Z
019e01d1-2dbd-0000-0000-ae76b8c54cfb,ahmed johnson 761,male,82,senior,UG,2026-05-07T09:42:26.493110Z
019e01d1-2dc0-0000-0000-7dfd7520c4e8,hauwa johnson 763,male,46,adult,NG,2026-05-07T09:42:26.496134Z
019e01d1-2dc1-0000-0000-fcc5590d8ed1,ximena usman 764,male,49,adult,FR,2026-05-07T09:42:26.497731Z
019e01d1-2dc3-0000-0000-bdf16c424a7d,kunle adekunle 765,male,23,adult,SN,2026-05-07T09:42:26.499139Z
019e01d1-2dc7-0000-0000-fbf6a9242539,remi peters 768,male,75,senior,SN,2026-05-07T09:42:26.503926Z
019e01d1-2dc9-0000-0000-86d05d44f23a,sola taiwo 769,male,21,adult,NG,2026-05-07T09:42:26.505290Z
019e01d1-2dcc-0000-0000-f1d1593e470a,helen ibrahim 771,male,75,senior,DE,2026-05-07T09:42:26.508294Z
019e01d1-2de2-0000-0000-2b5557e79b46,helen diallo 785,male,78,senior,BR,2026-05-07T09:42:26.530174Z
019e01d1-2de5-0000-0000-6d1c108b9728,chiamaka xavier 787,male,61,senior,TZ,2026-05-07T09:42:26.533371Z
019e01d1-2de6-0000-0000-df9e0e2e0192,cynthia yusuf 788,male,51,adult,JP,2026-05-07T09:42:26.534963Z
019e01d1-2de8-0000-0000-d5bb44a342fd,hauwa mensah 789,male,62,senior,NG,2026-05-07T09:42:26.536491Z
019e01d1-2de9-0000-0000-e20dbbda6807,wunmi yusuf 790,male,49,adult,JP,2026-05-07T09:42:26.537991Z
019e01d1-2df4-0000-0000-9c7aad805db1,james kalu 797,male,14,teenager,GB,2026-05-07T09:42:26.548741Z
019e01d1-2df9-0000-0000-63b20cf0108a,jumoke mensah 800,male,10,child,GB,2026-05-07T09:42:26.553677Z
019e01d1-2dfe-0000-0000-1850111f87c6,lola diallo 803,male,20,adult,TZ,2026-05-07T09:42:26.558249Z
019e01d1-2e00-0000-0000-cbf1376353d6,lydia lawal 804,male,34,adult,IN,2026-05-07T09:42:26.560586Z
019e01d1-2e05-0000-0000-f0ed1ac55d18,yvonne osei 807,male,57,adult,SN,2026-05-07T09:42:26.565543Z
019e01d1-2e0b-0000-0000-d80d48c4035c,xerxes diallo 811,male,10,child,IN,2026-05-07T09:42:26.571803Z
019e01d1-2e0d-0000-0000-7e30880d3f37,tunde ganiyu 812,male,21,adult,AU,2026-05-07T09:42:26.573396Z
019e01d1-2e12-0000-0000-3c15083c75c4,usman eze 815,male,6,child,KE,2026-05-07T09:42:26.578362Z
019e01d1-2e17-0000-0000-8c24ee7466ce,queen yakubu 818,male,27,adult,TZ,2026-05-07T09:42:26.583316Z
019e01d1-2e18-0000-0000-58e12df85b04,amara bakare 819,male,42,adult,KE,2026-05-07T09:42:26.584896Z
019e01d1-2e1a-0000-0000-8b602921f8f8,wunmi taiwo 820,male,1,child,AU,2026-05-07T09:42:26.586459Z
019e01d1-2e1d-0000-0000-cb8121ff20a1,udoka mba 822,male,46,adult,ET,2026-05-07T09:42:26.589287Z
019e01d1-2e20-0000-0000-46d32f12db58,yemi okonkwo 824,male,75,senior,JP,2026-05-07T09:42:26.592391Z
019e01d1-2e23-0000-0000-78af3db33021,babatunde quadri 826,male,50,adult,EG,2026-05-07T09:42:26.595737Z
019e01d1-2e25-0000-0000-d8023457140b,ikenna dada 827,male,10,child,EG,2026-05-07T09:42:26.597393Z
019e01d1-2e2a-0000-0000-beda8be85198,lawal traore 830,male,71,senior,TZ,2026-05-07T09:42:26.602716Z
019e01d1-2e2c-0000-0000-78acc4469c8e,grace nwosu 831,male,5,child,DE,2026-05-07T09:42:26.604210Z
019e01d1-2e2f-0000-0000-2e1791056fd4,obiora lawal 833,male,49,adult,CN,2026-05-07T09:42:26.607153Z
019e01d1-2e32-0000-0000-e2f2096224fc,jide eze 835,male,61,senior,CA,2026-05-07T09:42:26.610267Z
019e01d1-2e33-0000-0000-722801ebeb44,vivian usman 836,male,28,adult,ZA,2026-05-07T09:42:26.611990Z
019e01d1-2e36-0000-0000-f2e0eeadebe9,richard kalu 837,male,71,senior,FR,2026-05-07T09:42:26.614320Z
019e01d1-2e39-0000-0000-fe6ef9e9dbe5,helen johnson 838,male,22,adult,UG,2026-05-07T09:42:26.617420Z
019e01d1-2e3b-0000-0000-e742832ee7cc,lydia salami 839,male,62,senior,ET,2026-05-07T09:42:26.619680Z
019e01d1-2e3f-0000-0000-bcc8132b23ff,ahmed mba 841,male,45,adult,UG,2026-05-07T09:42:26.623140Z
019e01d1-2e4a-0000-0000-db9042dc3bc2,nora hassan 847,male,66,senior,TZ,2026-05-07T09:42:26.634031Z
019e01d1-2e4b-0000-0000-c7a96f382708,voke okonkwo 848,male,64,senior,SN,2026-05-07T09:42:26.635466Z
019e01d1-2e4f-0000-0000-fb2668d3ab6c,queen idowu 851,male,18,teenager,GB,2026-05-07T09:42:26.639813Z
019e01d1-2e51-0000-0000-b66ea3c40774,queen taiwo 852,male,30,adult,NG,2026-05-07T09:42:26.641490Z
019e01d1-2e54-0000-0000-193502f03229,timothy okonkwo 854,male,54,adult,CI,2026-05-07T09:42:26.644389Z
019e01d1-2e55-0000-0000-b2b382f68ba2,sola ibrahim 855,male,61,senior,TZ,2026-05-07T09:42:26.645711Z
019e01d1-2e5a-0000-0000-a471f5479dc1,precious chukwu 858,male,78,senior,JP,2026-05-07T09:42:26.650389Z
019e01d1-2e5b-0000-0000-3020193b14bb,ikenna kalu 859,male,36,adult,SN,2026-05-07T09:42:26.651744Z
019e01d1-2e5d-0000-0000-a95048b80075,lola diallo 860,male,43,adult,TZ,2026-05-07T09:42:26.653742Z
019e01d1-2e5f-0000-0000-2c70cedb9683,xerxes ganiyu 861,male,21,adult,GH,2026-05-07T09:42:26.655195Z
019e01d1-2e60-0000-0000-1db66ca7793a,queen xavier 862,male,28,adult,NG,2026-05-07T09:42:26.656667Z
019e01d1-2e65-0000-0000-37b7ce45a34e,qudus yusuf 865,male,31,adult,UG,2026-05-07T09:42:26.661187Z
019e01d1-2e66-0000-0000-77e37bc4c93b,precious kalu 866,male,48,adult,CA,2026-05-07T09:42:26.662736Z
019e01d1-2e68-0000-0000-13ab76d82e93,xola musa 867,male,73,senior,EG,2026-05-07T09:42:26.664251Z
019e01d1-2e69-0000-0000-f481af33a6a7,timothy yakubu 868,male,46,adult,BR,2026-05-07T09:42:26.665739Z
019e01d1-2e6c-0000-0000-bc5ea36ce07f,folake bakare 870,male,42,adult,TZ,2026-05-07T09:42:26.668528Z
019e01d1-2e6d-0000-0000-22640dd45c04,qudus yusuf 871,male,9,child,BR,2026-05-07T09:42:26.669974Z
019e01d1-2e6f-0000-0000-1b7af3d0061a,pita mensah 872,male,68,senior,CI,2026-05-07T09:42:26.671741Z
019e01d1-2e72-0000-0000-dd3d972f3e1b,nkem eze 874,male,58,adult,EG,2026-05-07T09:42:26.674799Z
019e01d1-2e74-0000-0000-8dd33353fe73,xerxes traore 875,male,27,adult,US,2026-05-07T09:42:26.676223Z
019e01d1-2e78-0000-0000-e481f074cc0a,cynthia musa 878,male,4,child,CA,2026-05-07T09:42:26.680679Z
019e01d1-2e7b-0000-0000-0b710f27d690,zara musa 880,male,55,adult,TZ,2026-05-07T09:42:26.683686Z
019e01d1-2e7d-0000-0000-e67582b1a7ab,ikenna yusuf 881,male,62,senior,CA,2026-05-07T09:42:26.685155Z
019e01d1-2e83-0000-0000-24472fb83eb3,yvonne ibrahim 885,male,36,adult,AU,2026-05-07T09:42:26.691250Z
019e01d1-2e86-0000-0000-967b07bca060,kunle xavier 887,male,12,child,AU,2026-05-07T09:42:26.694322Z
019e01d1-2e87-0000-0000-7a6b5adfd141,usman okonkwo 888,male,56,adult,CA,2026-05-07T09:42:26.695752Z
019e01d1-2e8c-0000-0000-ef75c4631859,hauwa musa 891,male,8,child,ZA,2026-05-07T09:42:26.700822Z
019e01d1-2e90-0000-0000-d3f6048a8770,yemi mba 893,male,59,adult,GB,2026-05-07T09:42:26.704077Z
019e01d1-2e91-0000-0000-f9caa9995cd8,victor musa 894,male,24,adult,BR,2026-05-07T09:42:26.705494Z
019e01d1-2e93-0000-0000-89658b6dcd1d,helen usman 895,male,2,child,NG,2026-05-07T09:42:26.707424Z
019e01d1-2e99-0000-0000-3791206cc2dc,funmi osei 898,male,12,child,CA,2026-05-07T09:42:26.714016Z
019e01d1-2e9f-0000-0000-82148a057086,onome nwosu 901,male,56,adult,GB,2026-05-07T09:42:26.719627Z
019e01d1-2ea2-0000-0000-97a2ce3df5c3,remi bakare 902,male,25,adult,TZ,2026-05-07T09:42:26.722460Z
019e01d1-2ea4-0000-0000-45aeacc6c1be,william taiwo 903,male,52,adult,NG,2026-05-07T09:42:26.724071Z
019e01d1-2ea5-0000-0000-f749414c65ab,rasheed eze 904,male,26,adult,JP,2026-05-07T09:42:26.725712Z
019e01d1-2eaa-0000-0000-aa03401f3451,yvonne vincent 907,male,60,senior,IN,2026-05-07T09:42:26.730515Z
019e01d1-2eab-0000-0000-516479ff3d1d,kehinde hassan 908,male,33,adult,TZ,2026-05-07T09:42:26.731884Z
019e01d1-2ead-0000-0000-b0ad35157b62,chidi fashola 909,male,14,teenager,SN,2026-05-07T09:42:26.733275Z
019e01d1-2eb4-0000-0000-6e68ea1221d9,dayo usman 913,male,29,adult,CN,2026-05-07T09:42:26.740141Z
019e01d1-2eb5-0000-0000-a254be240489,henry ganiyu 914,male,55,adult,CA,2026-05-07T09:42:26.741652Z
019e01d1-2eb7-0000-0000-9c49928d2471,timothy diallo 915,male,47,adult,GB,2026-05-07T09:42:26.743558Z
019e01d1-2eba-0000-0000-ac2d4ea7027c,dimma lawal 917,male,59,adult,GH,2026-05-07T09:42:26.746983Z
019e01d1-2ec1-0000-0000-0634f9d54402,lola taiwo 921,male,77,senior,TZ,2026-05-07T09:42:26.753167Z
019e01d1-2ec2-0000-0000-5075753b1bd5,rasheed yusuf 922,male,21,adult,GH,2026-05-07T09:42:26.754867Z
019e01d1-2ec4-0000-0000-c331af724525,chidi raji 923,male,53,adult,FR,2026-05-07T09:42:26.756333Z
019e01d1-2ec7-0000-0000-ccee9cada8ac,timothy nwosu 925,male,27,adult,ZA,2026-05-07T09:42:26.759273Z
019e01d1-2eca-0000-0000-19cb3c15ea38,irene ibrahim 927,male,78,senior,JP,2026-05-07T09:42:26.762591Z
019e01d1-2ecd-0000-0000-6706a4138903,queen fashola 929,male,59,adult,UG,2026-05-07T09:42:26.765319Z
019e01d1-2ed4-0000-0000-7fa15771cdbe,ikenna quadri 934,male,60,senior,AU,2026-05-07T09:42:26.772509Z
019e01d1-2ed7-0000-0000-321d61fe9997,ola raji 936,male,67,senior,DE,2026-05-07T09:42:26.775315Z
019e01d1-2ed8-0000-0000-c8657f2303fc,yemi peters 937,male,42,adult,KE,2026-05-07T09:42:26.776769Z
019e01d1-2eda-0000-0000-3700c667c836,felix eze 938,male,74,senior,FR,2026-05-07T09:42:26.778149Z
019e01d1-2edb-0000-0000-4b211d5bfeaa,kunle adekunle 939,male,61,senior,DE,2026-05-07T09:42:26.779508Z
019e01d1-2edd-0000-0000-69246b3abf03,sola kalu 940,male,26,adult,UG,2026-05-07T09:42:26.781025Z
019e01d1-2ee0-0000-0000-230e669fdd01,blessing idowu 942,male,1,child,EG,2026-05-07T09:42:26.784072Z
019e01d1-2ee1-0000-0000-7164edd57616,esther johnson 943,male,53,adult,FR,2026-05-07T09:42:26.785617Z
019e01d1-2ee6-0000-0000-6c555eedf1c6,ximena ogundele 946,male,47,adult,ZA,2026-05-07T09:42:26.790480Z
019e01d1-2ee7-0000-0000-51f4d8267a5e,sola fashola 947,male,66,senior,JP,2026-05-07T09:42:26.791973Z
019e01d1-2eea-0000-0000-e8ab7ccaeaea,obiora williams 949,male,27,adult,SN,2026-05-07T09:42:26.794691Z
019e01d1-2eec-0000-0000-38e0893176fc,patience yakubu 950,male,77,senior,BR,2026-05-07T09:42:26.796311Z
019e01d1-2eed-0000-0000-b45ebc18a8d8,amara adesanya 951,male,18,teenager,CN,2026-05-07T09:42:26.797846Z
019e01d1-2eef-0000-0000-560e813407e9,onome fashola 952,male,77,senior,SN,2026-05-07T09:42:26.799306Z
019e01d1-2ef2-0000-0000-9d91ea93927b,kunle usman 954,male,37,adult,FR,2026-05-07T09:42:26.802849Z
019e01d1-2ef5-0000-0000-d5293fe298e6,usman johnson 956,male,81,senior,GH,2026-05-07T09:42:26.805666Z
019e01d1-2ef8-0000-0000-a505be7e0e17,moses musa 958,male,76,senior,FR,2026-05-07T09:42:26.808827Z
019e01d1-2efe-0000-0000-1ac00092506f,ifeoma raji 962,male,46,adult,ET,2026-05-07T09:42:26.814644Z
019e01d1-2f08-0000-0000-91a0fcc5d138,mercy bakare 968,male,41,adult,GB,2026-05-07T09:42:26.824239Z
019e01d1-2f0b-0000-0000-e19d02e84f0c,kehinde musa 970,male,34,adult,SN,2026-05-07T09:42:26.827528Z
019e01d1-2f0f-0000-0000-4710c2f833c7,kunle nwosu 973,male,75,senior,FR,2026-05-07T09:42:26.831703Z
019e01d1-2f13-0000-0000-aab12f2ca2f5,wunmi dada 975,male,70,senior,EG,2026-05-07T09:42:26.835777Z
019e01d1-2f15-0000-0000-0dca9f9173f7,blessing chukwu 976,male,2,child,TZ,2026-05-07T09:42:26.837273Z
019e01d1-2f19-0000-0000-bfa69138c61b,voke yakubu 979,male,82,senior,IN,2026-05-07T09:42:26.841529Z
019e01d1-2f1d-0000-0000-9621825cd8c8,obiora nwosu 982,male,60,senior,IN,2026-05-07T09:42:26.845566Z
019e01d1-2f21-0000-0000-275bee82d980,richard adesanya 985,male,59,adult,KE,2026-05-07T09:42:26.849938Z
019e01d1-2f23-0000-0000-a47e6971a193,ola okonkwo 986,male,73,senior,BR,2026-05-07T09:42:26.851491Z
019e01d1-2f24-0000-0000-a61aac53d277,emeka idowu 987,male,72,senior,KE,2026-05-07T09:42:26.852819Z
019e01d1-2f27-0000-0000-97ecca90c4d1,sola dada 989,male,52,adult,BR,2026-05-07T09:42:26.855604Z
019e01d1-2f2a-0000-0000-4f7e00b0a5e7,chidi nwosu 991,male,58,adult,CN,2026-05-07T09:42:26.858914Z
019e01d1-2f2c-0000-0000-898710ffe158,musa nwosu 992,male,83,senior,NG,2026-05-07T09:42:26.860755Z
019e01d1-2f2e-0000-0000-86f44260d31d,lawal vincent 993,male,66,senior,KE,2026-05-07T09:42:26.862370Z
019e01d1-2f35-0000-0000-511f60e89323,henry fashola 997,male,27,adult,DE,2026-05-07T09:42:26.869096Z
019e01d1-2f36-0000-0000-3601e26bcbcf,adaeze peters 998,male,71,senior,US,2026-05-07T09:42:26.870984Z
019e01d1-2f39-0000-0000-e622e52695f0,funmi ibrahim 1000,male,61,senior,FR,2026-05-07T09:42:26.874005Z
019e01d1-2f83-0000-0000-c26d148535fb,david okonkwo 1002,male,41,adult,GB,2026-05-07T09:42:26.947124Z
019e01d1-2f85-0000-0000-67183190e3b6,pita eze 1003,male,81,senior,EG,2026-05-07T09:42:26.949040Z
019e01d1-2f8d-0000-0000-c0a7cc649d9c,rasheed yusuf 1008,male,48,adult,US,2026-05-07T09:42:26.957427Z
019e01d1-2fa8-0000-0000-aeae9e594686,kunle osei 1016,male,44,adult,GH,2026-05-07T09:42:26.984106Z
019e01d1-2fa9-0000-0000-178faf0ded23,blessing kalu 1017,male,71,senior,IN,2026-05-07T09:42:26.985516Z
019e01d1-2fac-0000-0000-ad2095df2d84,ngozi salami 1019,male,4,child,CI,2026-05-07T09:42:26.988455Z
019e01d1-2fad-0000-0000-9da66cf9d79e,james xavier 1020,male,6,child,ZA,2026-05-07T09:42:26.989844Z
019e01d1-2fb0-0000-0000-5e294f5e63b2,qudus peters 1022,male,77,senior,CI,2026-05-07T09:42:26.992922Z
019e01d1-2fb8-0000-0000-54e94b5a4804,yusuf bakare 1026,male,56,adult,US,2026-05-07T09:42:27.000587Z
019e01d1-2fba-0000-0000-c15611eac533,pita williams 1027,male,62,senior,BR,2026-05-07T09:42:27.002026Z
019e01d1-2fbb-0000-0000-311baa6fc57a,musa adesanya 1028,male,4,child,FR,2026-05-07T09:42:27.003424Z
019e01d1-2fc0-0000-0000-dca7b504cc58,onome traore 1031,male,44,adult,AU,2026-05-07T09:42:27.008755Z
019e01d1-2fc5-0000-0000-62047e5278eb,ola ganiyu 1034,male,47,adult,CI,2026-05-07T09:42:27.013137Z
019e01d1-2fc9-0000-0000-73d8ebe3e394,qudus raji 1037,male,74,senior,CN,2026-05-07T09:42:27.017745Z
019e01d1-2fcb-0000-0000-e6e17b44c0fd,musa eze 1038,male,26,adult,NG,2026-05-07T09:42:27.019261Z
019e01d1-2fd2-0000-0000-298ae7b48700,mercy bakare 1043,male,2,child,FR,2026-05-07T09:42:27.026958Z
019e01d1-2fd6-0000-0000-6159255c4b06,efosa adesanya 1045,male,33,adult,ET,2026-05-07T09:42:27.030034Z
019e01d1-2fdd-0000-0000-ab9acf88e096,xerxes ganiyu 1050,male,45,adult,CI,2026-05-07T09:42:27.037911Z
019e01d1-2fdf-0000-0000-832c62c835ae,chidi xavier 1051,male,48,adult,US,2026-05-07T09:42:27.039589Z
019e01d1-2fe1-0000-0000-9ba3f94eba89,amara adekunle 1052,male,74,senior,GH,2026-05-07T09:42:27.041218Z
019e01d1-2fe2-0000-0000-2b0f2da24333,jumoke taiwo 1053,male,9,child,JP,2026-05-07T09:42:27.042591Z
019e01d1-2fe3-0000-0000-dc21adf9a095,william quadri 1054,male,71,senior,SN,2026-05-07T09:42:27.043971Z
019e01d1-2fe5-0000-0000-84f503212736,qudus yakubu 1055,male,33,adult,GH,2026-05-07T09:42:27.045416Z
019e01d1-2fe8-0000-0000-50e2a0ee2e7f,patience kamara 1057,male,14,teenager,EG,2026-05-07T09:42:27.048229Z
019e01d1-2fe9-0000-0000-db52496531a8,jumoke hassan 1058,male,25,adult,IN,2026-05-07T09:42:27.049742Z
019e01d1-3000-0000-0000-ec2b9f0eca09,godwin nwosu 1069,male,66,senior,FR,2026-05-07T09:42:27.072352Z
019e01d1-3009-0000-0000-80ff145e719f,gbenga okonkwo 1075,male,54,adult,GH,2026-05-07T09:42:27.081064Z
019e01d1-300b-0000-0000-7db755f07be2,onome eze 1077,male,40,adult,NG,2026-05-07T09:42:27.083916Z
019e01d1-300e-0000-0000-b870eccbedaf,godwin yakubu 1079,male,78,senior,CN,2026-05-07T09:42:27.086825Z
019e01d1-3010-0000-0000-8282a500315f,bolu chukwu 1080,male,14,teenager,JP,2026-05-07T09:42:27.088119Z
019e01d1-301a-0000-0000-1d60b658a7b5,wunmi peters 1085,male,72,senior,TZ,2026-05-07T09:42:27.098434Z
019e01d1-3029-0000-0000-b7addf888e51,david taiwo 1093,male,23,adult,US,2026-05-07T09:42:27.113078Z
019e01d1-302a-0000-0000-28ad828228cd,zara hassan 1094,male,21,adult,UG,2026-05-07T09:42:27.114588Z
019e01d1-302b-0000-0000-6e5d0ce6b955,wunmi peters 1095,male,55,adult,NG,2026-05-07T09:42:27.115991Z
019e01d1-3033-0000-0000-2c1d6684972c,yvonne musa 1100,male,19,teenager,NG,2026-05-07T09:42:27.123286Z
019e01d1-3034-0000-0000-25d17094f04d,godwin taiwo 1101,male,40,adult,ET,2026-05-07T09:42:27.124793Z
019e01d1-3038-0000-0000-a234c29b3ac4,chidi fashola 1103,male,78,senior,ET,2026-05-07T09:42:27.128032Z
019e01d1-303b-0000-0000-e8aa397ed034,lola salami 1105,male,60,senior,EG,2026-05-07T09:42:27.131041Z
019e01d1-3042-0000-0000-fa3033111f51,susan kamara 1110,male,6,child,KE,2026-05-07T09:42:27.138416Z
019e01d1-3043-0000-0000-bf269d76fff4,funmi mba 1111,male,5,child,US,2026-05-07T09:42:27.139827Z
019e01d1-3046-0000-0000-7770cbfadd54,kunle diallo 1113,male,21,adult,AU,2026-05-07T09:42:27.142740Z
019e01d1-304e-0000-0000-b1091e19864c,tunde mensah 1118,male,58,adult,EG,2026-05-07T09:42:27.150578Z
019e01d1-304f-0000-0000-63e188001f67,blessing raji 1119,male,15,teenager,AU,2026-05-07T09:42:27.151930Z
019e01d1-3052-0000-0000-6e4ecfcc3033,susan traore 1121,male,78,senior,CN,2026-05-07T09:42:27.154753Z
019e01d1-3058-0000-0000-79999a2a7731,david peters 1125,male,54,adult,BR,2026-05-07T09:42:27.160782Z
019e01d1-305b-0000-0000-9eb500877530,amara mensah 1127,male,43,adult,ET,2026-05-07T09:42:27.163764Z
019e01d1-3062-0000-0000-63b801904a4b,onome lawal 1131,male,45,adult,EG,2026-05-07T09:42:27.170555Z
019e01d1-3064-0000-0000-3f6dd885f84c,lawal mba 1132,male,42,adult,EG,2026-05-07T09:42:27.172154Z
019e01d1-306a-0000-0000-235e0cb2ba5d,yusuf traore 1136,male,26,adult,IN,2026-05-07T09:42:27.178135Z
019e01d1-306b-0000-0000-7faf478b993e,qudus adesanya 1137,male,64,senior,DE,2026-05-07T09:42:27.179605Z
019e01d1-3070-0000-0000-39a9522bf3e3,funmi fashola 1140,male,4,child,NG,2026-05-07T09:42:27.184038Z
019e01d1-3073-0000-0000-55c8c3cb2657,pita raji 1142,male,9,child,ZA,2026-05-07T09:42:27.187154Z
019e01d1-3074-0000-0000-5c90ef62c231,irene okonkwo 1143,male,24,adult,CI,2026-05-07T09:42:27.188645Z
019e01d1-3077-0000-0000-6dcd9fbecde7,ifeoma quadri 1145,male,52,adult,ZA,2026-05-07T09:42:27.191648Z
019e01d1-307a-0000-0000-1a8e485f599b,adaeze fashola 1147,male,27,adult,CA,2026-05-07T09:42:27.194617Z
019e01d1-307c-0000-0000-fe49f976e2f7,rasheed williams 1148,male,30,adult,CA,2026-05-07T09:42:27.196216Z
019e01d1-3084-0000-0000-8ecf9a27f51d,seun bakare 1153,male,29,adult,US,2026-05-07T09:42:27.204551Z
019e01d1-3085-0000-0000-00ea99fadabd,kunle yusuf 1154,male,40,adult,DE,2026-05-07T09:42:27.206007Z
019e01d1-308e-0000-0000-ab2c6b10ef2d,voke idowu 1159,male,30,adult,DE,2026-05-07T09:42:27.214135Z
019e01d1-3095-0000-0000-79e425fb6bef,godwin okonkwo 1164,male,38,adult,EG,2026-05-07T09:42:27.221861Z
019e01d1-3098-0000-0000-8ba4496a5017,kemi traore 1166,male,27,adult,SN,2026-05-07T09:42:27.224860Z
019e01d1-309f-0000-0000-9be2aaa27b07,bolu lawal 1170,male,66,senior,SN,2026-05-07T09:42:27.231207Z
019e01d1-30a0-0000-0000-f881e35478a4,richard ogundele 1171,male,36,adult,GH,2026-05-07T09:42:27.232556Z
019e01d1-30a3-0000-0000-45a8b537351d,mercy adesanya 1173,male,76,senior,ZA,2026-05-07T09:42:27.235422Z
019e01d1-30a6-0000-0000-2a8ff30b853f,jide diallo 1175,male,71,senior,AU,2026-05-07T09:42:27.238406Z
019e01d1-30a7-0000-0000-30f13f7ccfbd,ahmed nwosu 1176,male,44,adult,CI,2026-05-07T09:42:27.239765Z
019e01d1-30a9-0000-0000-339594d6a3e2,bolu ganiyu 1177,male,85,senior,IN,2026-05-07T09:42:27.241196Z
019e01d1-30ac-0000-0000-ad73bda282f9,funmi taiwo 1179,male,80,senior,SN,2026-05-07T09:42:27.244201Z
019e01d1-30ad-0000-0000-8e157ccaef43,henry ganiyu 1180,male,67,senior,BR,2026-05-07T09:42:27.245611Z
019e01d1-30b0-0000-0000-8580a029085e,kunle xavier 1182,male,84,senior,GH,2026-05-07T09:42:27.248460Z
019e01d1-30b6-0000-0000-817d547657df,xerxes williams 1186,male,21,adult,CN,2026-05-07T09:42:27.254510Z
019e01d1-30b7-0000-0000-ab804f784aa0,helen diallo 1187,male,20,adult,ZA,2026-05-07T09:42:27.255902Z
019e01d1-30b9-0000-0000-feca65fd5a8f,susan quadri 1188,male,60,senior,NG,2026-05-07T09:42:27.257382Z
019e01d1-30bc-0000-0000-2fc4a72862f0,dayo ogundele 1190,male,83,senior,AU,2026-05-07T09:42:27.260462Z
019e01d1-30bf-0000-0000-b4e6bf0a7c1f,grace osei 1192,male,29,adult,ET,2026-05-07T09:42:27.263637Z
019e01d1-30c2-0000-0000-29f7917aa346,chidi kamara 1194,male,39,adult,ZA,2026-05-07T09:42:27.266222Z
019e01d1-30c3-0000-0000-e2233f174ef0,ximena salami 1195,male,70,senior,ET,2026-05-07T09:42:27.267522Z
019e01d1-30c4-0000-0000-6e1b6e60f750,toyin eze 1196,male,25,adult,JP,2026-05-07T09:42:27.268920Z
019e01d1-30c7-0000-0000-e06c5633dbf6,chiamaka eze 1198,male,17,teenager,BR,2026-05-07T09:42:27.271598Z
019e01d1-30ca-0000-0000-1e1a8189a619,kemi quadri 1200,male,40,adult,IN,2026-05-07T09:42:27.274277Z
019e01d1-30cf-0000-0000-642f4fa52e94,xerxes vincent 1204,male,63,senior,DE,2026-05-07T09:42:27.279868Z
019e01d1-30d2-0000-0000-dc2add4ec931,ifeoma adesanya 1206,male,11,child,DE,2026-05-07T09:42:27.282672Z
019e01d1-30d4-0000-0000-9773bb988e22,nkem chukwu 1207,male,22,adult,TZ,2026-05-07T09:42:27.284024Z
019e01d1-30d5-0000-0000-6a1bac70727e,david salami 1208,male,83,senior,GB,2026-05-07T09:42:27.285313Z
019e01d1-30db-0000-0000-23cfd835224f,babatunde ganiyu 1212,male,19,teenager,CA,2026-05-07T09:42:27.291848Z
019e01d1-30dd-0000-0000-392f058eeb54,pita mba 1213,male,2,child,CN,2026-05-07T09:42:27.293314Z
019e01d1-30de-0000-0000-ccd2cdec34d4,remi xavier 1214,male,16,teenager,BR,2026-05-07T09:42:27.294799Z
019e01d1-30e1-0000-0000-c9580ee8815d,patience musa 1216,male,29,adult,KE,2026-05-07T09:42:27.297624Z
019e01d1-30e5-0000-0000-d0d0795b6bff,blessing mensah 1219,male,34,adult,NG,2026-05-07T09:42:27.301887Z
019e01d1-30e7-0000-0000-14569f3423e4,yusuf bakare 1220,male,10,child,TZ,2026-05-07T09:42:27.303325Z
019e01d1-30e8-0000-0000-27431a383f29,amara diallo 1221,male,85,senior,FR,2026-05-07T09:42:27.304670Z
019e01d1-30ec-0000-0000-9a4b27d1015a,nora salami 1223,male,21,adult,CI,2026-05-07T09:42:27.308613Z
019e01d1-30ee-0000-0000-25f7dca4012e,toyin okonkwo 1224,male,6,child,KE,2026-05-07T09:42:27.310141Z
019e01d1-30ef-0000-0000-d14ca5161b98,irene dada 1225,male,6,child,NG,2026-05-07T09:42:27.311578Z
019e01d1-30f1-0000-0000-5a7ae3a3475e,victor raji 1226,male,36,adult,CA,2026-05-07T09:42:27.313036Z
019e01d1-30f3-0000-0000-1bce0fe56bd5,ola lawal 1228,male,45,adult,US,2026-05-07T09:42:27.315686Z
019e01d1-30f7-0000-0000-e5a0b47b95b9,babatunde usman 1231,male,44,adult,KE,2026-05-07T09:42:27.319803Z
019e01d1-30f9-0000-0000-7800ab20c913,emeka yusuf 1232,male,15,teenager,BR,2026-05-07T09:42:27.321131Z
019e01d1-30fb-0000-0000-800a3034c4c6,kemi eze 1234,male,54,adult,IN,2026-05-07T09:42:27.323692Z
019e01d1-3103-0000-0000-246c38b74997,xerxes taiwo 1239,male,37,adult,GH,2026-05-07T09:42:27.331501Z
019e01d1-3106-0000-0000-ac3aab180e05,jide raji 1241,male,47,adult,GB,2026-05-07T09:42:27.334402Z
019e01d1-3109-0000-0000-b39ef77ac138,zainab dada 1243,male,23,adult,EG,2026-05-07T09:42:27.337964Z
019e01d1-3110-0000-0000-7f2a7f615e9c,wunmi taiwo 1247,male,4,child,JP,2026-05-07T09:42:27.344694Z
019e01d1-3112-0000-0000-0e44ab9945ef,moses xavier 1248,male,13,teenager,ZA,2026-05-07T09:42:27.346379Z
019e01d1-3116-0000-0000-53aa8242b2e0,ngozi adekunle 1251,male,23,adult,KE,2026-05-07T09:42:27.350861Z
019e01d1-311e-0000-0000-ec714db46dbd,godwin diallo 1256,male,31,adult,ZA,2026-05-07T09:42:27.358799Z
019e01d1-3122-0000-0000-6006f53d571c,zara salami 1259,male,46,adult,KE,2026-05-07T09:42:27.362865Z
019e01d1-3124-0000-0000-4684144eeda5,ngozi okonkwo 1260,male,76,senior,NG,2026-05-07T09:42:27.364217Z
019e01d1-312a-0000-0000-9d8216c6d010,timothy ogundele 1264,male,70,senior,GH,2026-05-07T09:42:27.370051Z
019e01d1-312b-0000-0000-538efb79743e,rasheed yusuf 1265,male,22,adult,SN,2026-05-07T09:42:27.371536Z
019e01d1-312c-0000-0000-fb55cb167f3c,yusuf salami 1266,male,19,teenager,BR,2026-05-07T09:42:27.372971Z
019e01d1-312e-0000-0000-601de2226c73,yemi salami 1267,male,60,senior,TZ,2026-05-07T09:42:27.374268Z
019e01d1-3132-0000-0000-46539f24741f,nkem nwosu 1270,male,11,child,BR,2026-05-07T09:42:27.378701Z
019e01d1-3134-0000-0000-6a5e2bcd1f21,sola peters 1271,male,32,adult,ZA,2026-05-07T09:42:27.380134Z
019e01d1-3138-0000-0000-d6893407c6a1,usman kamara 1274,male,29,adult,CI,2026-05-07T09:42:27.384438Z
019e01d1-313b-0000-0000-3b3fe05ad838,queen musa 1276,male,82,senior,AU,2026-05-07T09:42:27.387318Z
019e01d1-313c-0000-0000-9fefed21aa9d,lydia dada 1277,male,4,child,ET,2026-05-07T09:42:27.388735Z
019e01d1-3140-0000-0000-1e92a583e4f8,godwin fashola 1279,male,14,teenager,US,2026-05-07T09:42:27.392072Z
019e01d1-3148-0000-0000-1d95173d7177,patience ogundele 1285,male,65,senior,BR,2026-05-07T09:42:27.400471Z
019e01d1-3149-0000-0000-36df3cb83ceb,folake yusuf 1286,male,37,adult,BR,2026-05-07T09:42:27.401957Z
019e01d1-314b-0000-0000-37d28afb864c,nkem traore 1287,male,80,senior,UG,2026-05-07T09:42:27.403543Z
019e01d1-314c-0000-0000-c71c9eceb95d,moses williams 1288,male,23,adult,ZA,2026-05-07T09:42:27.404873Z
019e01d1-3151-0000-0000-bfefca6ada13,usman bakare 1291,male,67,senior,GH,2026-05-07T09:42:27.409359Z
019e01d1-3152-0000-0000-1c6a2508594a,onome eze 1292,male,77,senior,ET,2026-05-07T09:42:27.410841Z
019e01d1-3154-0000-0000-1d3850df0936,funmi fashola 1293,male,68,senior,FR,2026-05-07T09:42:27.412722Z
019e01d1-3167-0000-0000-647a84a4294a,chiamaka peters 1297,male,25,adult,DE,2026-05-07T09:42:27.431728Z
019e01d1-316c-0000-0000-c273a14c8dcf,remi osei 1300,male,23,adult,NG,2026-05-07T09:42:27.436229Z
019e01d1-316f-0000-0000-ba8b1ba1ae17,jide bakare 1302,male,81,senior,EG,2026-05-07T09:42:27.439426Z
019e01d1-3185-0000-0000-7133a2e52541,ikenna nwosu 1311,male,14,teenager,NG,2026-05-07T09:42:27.461125Z
019e01d1-3186-0000-0000-3bcc75722a54,emeka taiwo 1312,male,8,child,SN,2026-05-07T09:42:27.462796Z
019e01d1-318a-0000-0000-fc6f21d5cdbb,wale adesanya 1314,male,46,adult,TZ,2026-05-07T09:42:27.466678Z
019e01d1-318c-0000-0000-0dd6e1dce190,uche salami 1315,male,60,senior,US,2026-05-07T09:42:27.468620Z
019e01d1-3191-0000-0000-b709042f6029,kunle fashola 1317,male,29,adult,FR,2026-05-07T09:42:27.473160Z
019e01d1-3194-0000-0000-2470c799ae3b,ikenna musa 1319,male,60,senior,SN,2026-05-07T09:42:27.476079Z
019e01d1-3197-0000-0000-4c548bb2d404,mercy kamara 1321,male,22,adult,GH,2026-05-07T09:42:27.479329Z
019e01d1-3198-0000-0000-77edb364f74b,yemi johnson 1322,male,69,senior,AU,2026-05-07T09:42:27.480778Z
019e01d1-319e-0000-0000-2a498efd3443,blessing idowu 1326,male,11,child,ZA,2026-05-07T09:42:27.486318Z
019e01d1-31a7-0000-0000-9ee22d7dffcb,victor nwosu 1332,male,11,child,TZ,2026-05-07T09:42:27.495484Z
019e01d1-31ad-0000-0000-844e651caf01,moses lawal 1336,male,40,adult,ET,2026-05-07T09:42:27.501178Z
019e01d1-31ae-0000-0000-30aac1e21d66,nora quadri 1337,male,50,adult,CA,2026-05-07T09:42:27.502648Z
019e01d1-31b0-0000-0000-ec545f9728bf,ifeoma adesanya 1338,male,8,child,FR,2026-05-07T09:42:27.504120Z
019e01d1-31b1-0000-0000-8429a9eddf5d,nkem hassan 1339,male,59,adult,KE,2026-05-07T09:42:27.505559Z
019e01d1-31b2-0000-0000-30ef7e267516,moses bakare 1340,male,31,adult,AU,2026-05-07T09:42:27.507012Z
019e01d1-31b6-0000-0000-f07e7a22b3b7,xola ibrahim 1342,male,15,teenager,ET,2026-05-07T09:42:27.510230Z
019e01d1-31bd-0000-0000-632b740b116f,felix vincent 1347,male,66,senior,SN,2026-05-07T09:42:27.517558Z
019e01d1-31c0-0000-0000-36baad53c633,yvonne salami 1349,male,20,adult,AU,2026-05-07T09:42:27.520361Z
019e01d1-31c1-0000-0000-e1e81388377b,lydia adekunle 1350,male,55,adult,GB,2026-05-07T09:42:27.521771Z
019e01d1-31c7-0000-0000-621a8ea7cb9f,obiora eze 1354,male,45,adult,US,2026-05-07T09:42:27.527666Z
019e01d1-31c9-0000-0000-dc5b6564209c,uche okonkwo 1355,male,78,senior,NG,2026-05-07T09:42:27.529054Z
019e01d1-31cb-0000-0000-f1227065efc4,vivian ganiyu 1357,male,57,adult,EG,2026-05-07T09:42:27.531726Z
019e01d1-31ce-0000-0000-aee63bc6fd69,babatunde lawal 1359,male,39,adult,GB,2026-05-07T09:42:27.534452Z
019e01d1-31d1-0000-0000-70810554aa2d,chiamaka nwosu 1361,male,61,senior,US,2026-05-07T09:42:27.537368Z
019e01d1-31d7-0000-0000-c147bf7cc9d5,jide salami 1365,male,64,senior,UG,2026-05-07T09:42:27.543781Z
019e01d1-31da-0000-0000-014ae9737551,udoka hassan 1367,male,70,senior,TZ,2026-05-07T09:42:27.546910Z
019e01d1-31dc-0000-0000-1da295713ba5,hauwa musa 1368,male,5,child,CA,2026-05-07T09:42:27.548391Z
019e01d1-31dd-0000-0000-ef09b437926c,voke usman 1369,male,24,adult,KE,2026-05-07T09:42:27.549837Z
019e01d1-31df-0000-0000-95c363e067ba,ahmed kalu 1370,male,18,teenager,GB,2026-05-07T09:42:27.551237Z
019e01d1-3eb1-0000-0000-53a2e9897a0d,queen ganiyu 1373,male,39,adult,EG,2026-05-07T09:42:30.833251Z
019e01d1-3ebd-0000-0000-ec078d64a753,henry adesanya 1375,male,45,adult,UG,2026-05-07T09:42:30.845305Z
019e01d1-3ebf-0000-0000-38a34b93b933,chidi eze 1376,male,82,senior,NG,2026-05-07T09:42:30.847340Z
019e01d1-3ec2-0000-0000-cc7aa7be7002,kunle ganiyu 1377,male,84,senior,IN,2026-05-07T09:42:30.850505Z
019e01d1-3ec4-0000-0000-c231f2b15216,nora yusuf 1378,male,24,adult,CI,2026-05-07T09:42:30.852427Z
019e01d1-3ec6-0000-0000-14386a081c94,remi mensah 1379,male,85,senior,SN,2026-05-07T09:42:30.854868Z
019e01d1-3ecc-0000-0000-73b9fb3c8e84,precious vincent 1381,male,21,adult,KE,2026-05-07T09:42:30.860618Z
019e01d1-3efd-0000-0000-090891105f28,bolu vincent 1382,male,59,adult,FR,2026-05-07T09:42:30.909353Z
019e01d1-3f02-0000-0000-98b27a3975ee,bolu bakare 1384,male,75,senior,TZ,2026-05-07T09:42:30.914955Z
019e01d1-3f09-0000-0000-74896b450801,adaeze peters 1387,male,70,senior,US,2026-05-07T09:42:30.921801Z
019e01d1-3f14-0000-0000-9bdebec13972,irene mensah 1393,male,16,teenager,CN,2026-05-07T09:42:30.932423Z
019e01d1-3f1e-0000-0000-577ab7b30cd4,jide diallo 1399,male,1,child,BR,2026-05-07T09:42:30.942881Z
019e01d1-3f20-0000-0000-419d838bb6be,dimma salami 1400,male,36,adult,UG,2026-05-07T09:42:30.944355Z
019e01d1-3f21-0000-0000-48f920f58801,esther osei 1401,male,85,senior,TZ,2026-05-07T09:42:30.945861Z
019e01d1-3f25-0000-0000-4aae59f70060,kemi traore 1403,male,50,adult,GH,2026-05-07T09:42:30.949634Z
019e01d1-3f27-0000-0000-8c37d94b0089,obiora eze 1404,male,82,senior,EG,2026-05-07T09:42:30.951149Z
019e01d1-3f28-0000-0000-6524d4d9f8b7,richard dada 1405,male,17,teenager,EG,2026-05-07T09:42:30.952675Z
019e01d1-3f2a-0000-0000-15fba17bf0a8,yemi dada 1406,male,53,adult,FR,2026-05-07T09:42:30.954335Z
019e01d1-3f2c-0000-0000-bc1475e4997e,kehinde kamara 1407,male,12,child,ZA,2026-05-07T09:42:30.956050Z
019e01d1-3f2d-0000-0000-1fb3cea35a85,james eze 1408,male,67,senior,CA,2026-05-07T09:42:30.957826Z
019e01d1-3f32-0000-0000-a0f277b7fc96,seun peters 1411,male,52,adult,ET,2026-05-07T09:42:30.962880Z
019e01d1-3f34-0000-0000-cf5490121879,esther mba 1412,male,67,senior,BR,2026-05-07T09:42:30.964743Z
019e01d1-3f36-0000-0000-4a83fd38b59e,udoka kamara 1413,male,61,senior,IN,2026-05-07T09:42:30.966666Z
019e01d1-3f39-0000-0000-fb8b92e80703,henry idowu 1415,male,26,adult,BR,2026-05-07T09:42:30.969901Z
019e01d1-3f3b-0000-0000-98ead1d1c6d9,moses yakubu 1416,male,53,adult,IN,2026-05-07T09:42:30.971508Z
019e01d1-3f3e-0000-0000-1f40b60466d2,jumoke ibrahim 1418,male,6,child,ET,2026-05-07T09:42:30.974653Z
019e01d1-3f41-0000-0000-3f36966302ab,udoka okonkwo 1420,male,78,senior,CI,2026-05-07T09:42:30.977649Z
019e01d1-3f45-0000-0000-e76ca376e71a,ifeoma xavier 1422,male,50,adult,US,2026-05-07T09:42:30.981172Z
019e01d1-3f4b-0000-0000-34fe95a99c60,voke traore 1426,male,19,teenager,KE,2026-05-07T09:42:30.987514Z
019e01d1-3f53-0000-0000-ae3083f36ac1,babatunde ganiyu 1431,male,81,senior,KE,2026-05-07T09:42:30.995962Z
019e01d1-3f57-0000-0000-695e7c2720a6,yusuf diallo 1433,male,83,senior,IN,2026-05-07T09:42:30.999111Z
019e01d1-3f5b-0000-0000-f31ef241baee,patience osei 1436,male,28,adult,GB,2026-05-07T09:42:31.003662Z
019e01d1-3f5d-0000-0000-31a62ef8286f,esther peters 1437,male,72,senior,ET,2026-05-07T09:42:31.005107Z
019e01d1-3f62-0000-0000-5df30268a534,pita taiwo 1440,male,84,senior,GB,2026-05-07T09:42:31.010134Z
019e01d1-3f63-0000-0000-0f09a7e2dd6e,lawal mba 1441,male,39,adult,BR,2026-05-07T09:42:31.012017Z
019e01d1-3f67-0000-0000-35d019cc1140,hauwa quadri 1443,male,14,teenager,CA,2026-05-07T09:42:31.015091Z
019e01d1-3f6a-0000-0000-f868f96cfb48,kemi osei 1445,male,1,child,GB,2026-05-07T09:42:31.018220Z
019e01d1-3f6d-0000-0000-f2ee8f728690,voke taiwo 1447,male,19,teenager,GH,2026-05-07T09:42:31.021903Z
019e01d1-3f6f-0000-0000-0f07dacab91f,ngozi okonkwo 1448,male,34,adult,JP,2026-05-07T09:42:31.023383Z
019e01d1-3f74-0000-0000-f358f87dad0d,emeka taiwo 1451,male,20,adult,KE,2026-05-07T09:42:31.028217Z
019e01d1-3f75-0000-0000-22a4c809ab7c,yemi diallo 1452,male,76,senior,NG,2026-05-07T09:42:31.029637Z
019e01d1-3f79-0000-0000-35f50f3646b2,zainab xavier 1454,male,37,adult,ZA,2026-05-07T09:42:31.033424Z
019e01d1-3f7b-0000-0000-72764429f946,obiora mensah 1455,male,36,adult,EG,2026-05-07T09:42:31.035120Z
019e01d1-3f82-0000-0000-35ac9c661ff9,rasheed traore 1459,male,57,adult,AU,2026-05-07T09:42:31.042208Z
019e01d1-3f83-0000-0000-f63f3f22b6aa,jide xavier 1460,male,31,adult,DE,2026-05-07T09:42:31.043672Z
019e01d1-3f85-0000-0000-ce0f8e189f13,william lawal 1461,male,62,senior,AU,2026-05-07T09:42:31.045345Z
019e01d1-3f89-0000-0000-3a3ce02b1ba5,kemi williams 1463,male,27,adult,TZ,2026-05-07T09:42:31.049247Z
019e01d1-3f8a-0000-0000-ea203cfb6ff4,xola yakubu 1464,male,50,adult,ET,2026-05-07T09:42:31.050856Z
019e01d1-3f8c-0000-0000-d6307a8af1b7,richard chukwu 1465,male,68,senior,BR,2026-05-07T09:42:31.052522Z
019e01d1-3f8f-0000-0000-010c085affa2,timothy ibrahim 1467,male,81,senior,ZA,2026-05-07T09:42:31.055673Z
019e01d1-3f91-0000-0000-12adca5d378f,onome adekunle 1468,male,22,adult,NG,2026-05-07T09:42:31.057137Z
019e01d1-3f92-0000-0000-975035d447ad,blessing diallo 1469,male,46,adult,SN,2026-05-07T09:42:31.058665Z
019e01d1-3f94-0000-0000-3b3cf598ae86,kehinde vincent 1470,male,60,senior,CA,2026-05-07T09:42:31.060491Z
019e01d1-3f96-0000-0000-4ba93db89c0a,obiora xavier 1471,male,35,adult,CA,2026-05-07T09:42:31.062072Z
019e01d1-3f99-0000-0000-6fb55379c591,ahmed taiwo 1473,male,1,child,KE,2026-05-07T09:42:31.065466Z
019e01d1-3f9f-0000-0000-758aae80263f,jide mba 1477,male,38,adult,AU,2026-05-07T09:42:31.071378Z
019e01d1-3fad-0000-0000-7a059ef9c627,seun usman 1486,male,68,senior,ZA,2026-05-07T09:42:31.085624Z
019e01d1-3faf-0000-0000-ef5bc75b6be4,xerxes quadri 1487,male,39,adult,ZA,2026-05-07T09:42:31.087062Z
019e01d1-3fb0-0000-0000-f9b0c6ac9364,udoka osei 1488,male,34,adult,FR,2026-05-07T09:42:31.088460Z
019e01d1-3fb4-0000-0000-a39acecc7dae,ikenna eze 1491,male,26,adult,KE,2026-05-07T09:42:31.092739Z
019e01d1-3fb6-0000-0000-63617c0f1913,zara raji 1492,male,44,adult,GB,2026-05-07T09:42:31.094316Z
019e01d1-3fc8-0000-0000-a21e9576abef,lawal salami 1502,male,9,child,CN,2026-05-07T09:42:31.112079Z
019e01d1-3fca-0000-0000-be17a4c9f1e7,kemi nwosu 1503,male,82,senior,GH,2026-05-07T09:42:31.114348Z
019e01d1-3fcd-0000-0000-a36adb6d593e,usman nwosu 1505,male,45,adult,GB,2026-05-07T09:42:31.117438Z
019e01d1-3fd0-0000-0000-335bc5d875df,patience adesanya 1507,male,10,child,JP,2026-05-07T09:42:31.120438Z
019e01d1-3fd2-0000-0000-03814164b50e,moses nwosu 1508,male,84,senior,CN,2026-05-07T09:42:31.122190Z
019e01d1-3fd5-0000-0000-16e87ddbd8e5,queen mba 1510,male,33,adult,NG,2026-05-07T09:42:31.125331Z
019e01d1-3fd8-0000-0000-03a245c2fc69,wunmi ogundele 1512,male,57,adult,DE,2026-05-07T09:42:31.128486Z
019e01d1-3fdb-0000-0000-56350b3ebf13,xola ganiyu 1514,male,52,adult,GH,2026-05-07T09:42:31.131512Z
019e01d1-3fdc-0000-0000-78d98d16bd18,james kalu 1515,male,72,senior,CN,2026-05-07T09:42:31.132946Z
019e01d1-3fde-0000-0000-9f47c0b278b8,onome dada 1516,male,9,child,US,2026-05-07T09:42:31.134450Z
019e01d1-3fe1-0000-0000-110bc125010f,onome mensah 1518,male,11,child,BR,2026-05-07T09:42:31.137629Z
019e01d1-3fe6-0000-0000-c015798c28a1,xerxes traore 1521,male,49,adult,ZA,2026-05-07T09:42:31.142857Z
019e01d1-3fe8-0000-0000-93a24e4fb374,felix xavier 1522,male,38,adult,CI,2026-05-07T09:42:31.144364Z
019e01d1-3fea-0000-0000-25d2368decfc,helen salami 1523,male,34,adult,BR,2026-05-07T09:42:31.146573Z
019e01d1-3fed-0000-0000-1fa7437d9068,queen adekunle 1525,male,25,adult,DE,2026-05-07T09:42:31.149800Z
019e01d1-3fef-0000-0000-f79a81f1ce9c,timothy idowu 1526,male,27,adult,US,2026-05-07T09:42:31.151411Z
019e01d1-3ff0-0000-0000-e390a94eb457,sola quadri 1527,male,80,senior,ZA,2026-05-07T09:42:31.152977Z
019e01d1-3ff2-0000-0000-6eef393ef3e3,xola yakubu 1528,male,8,child,SN,2026-05-07T09:42:31.154655Z
019e01d1-3ff4-0000-0000-ad64e769e839,emeka kamara 1529,male,65,senior,GH,2026-05-07T09:42:31.156177Z
019e01d1-3ff7-0000-0000-097cfa3d49fb,chidi kalu 1531,male,71,senior,CI,2026-05-07T09:42:31.159246Z
019e01d1-3ffa-0000-0000-84fffb5aefb1,hauwa ogundele 1533,male,70,senior,ZA,2026-05-07T09:42:31.163011Z
019e01d1-3ffc-0000-0000-45fb35635f51,godwin fashola 1534,male,50,adult,EG,2026-05-07T09:42:31.164482Z
019e01d1-4005-0000-0000-d4581596482d,cynthia mba 1539,male,40,adult,EG,2026-05-07T09:42:31.173395Z
019e01d1-4007-0000-0000-8c09ccd28e1b,uche johnson 1540,male,41,adult,GH,2026-05-07T09:42:31.175046Z
019e01d1-4008-0000-0000-068e7b974b1a,tunde musa 1541,male,44,adult,IN,2026-05-07T09:42:31.176531Z
019e01d1-400b-0000-0000-cc719048eb77,musa johnson 1543,male,19,teenager,US,2026-05-07T09:42:31.179752Z
019e01d1-400d-0000-0000-412733444f75,emeka okonkwo 1544,male,38,adult,CI,2026-05-07T09:42:31.181411Z
019e01d1-4013-0000-0000-8df17afca1de,precious nwosu 1548,male,8,child,US,2026-05-07T09:42:31.187356Z
019e01d1-4015-0000-0000-c9c6879cbac3,ikenna ogundele 1549,male,44,adult,UG,2026-05-07T09:42:31.189110Z
019e01d1-4016-0000-0000-095ccd652d39,wale adesanya 1550,male,38,adult,FR,2026-05-07T09:42:31.190525Z
019e01d1-401b-0000-0000-acb8b85ffaef,hauwa kamara 1553,male,76,senior,IN,2026-05-07T09:42:31.195028Z
019e01d1-401e-0000-0000-9f68933fdf1e,toyin musa 1555,male,42,adult,DE,2026-05-07T09:42:31.198551Z
019e01d1-4020-0000-0000-c82de47f9568,xola johnson 1556,male,43,adult,CA,2026-05-07T09:42:31.200043Z
019e01d1-4025-0000-0000-e35a2031a284,pita raji 1559,male,10,child,EG,2026-05-07T09:42:31.205314Z
019e01d1-4026-0000-0000-f93e3c4fbcaa,susan mensah 1560,male,80,senior,GH,2026-05-07T09:42:31.206896Z
019e01d1-402c-0000-0000-f10e8a0b4ac7,david peters 1563,male,44,adult,EG,2026-05-07T09:42:31.212209Z
019e01d1-402e-0000-0000-1ad9ea9f44b0,vivian osei 1564,male,36,adult,US,2026-05-07T09:42:31.214033Z
019e01d1-4031-0000-0000-bdcc68c57d82,ifeoma chukwu 1566,male,17,teenager,DE,2026-05-07T09:42:31.217578Z
019e01d1-4033-0000-0000-be83c922de7b,nkem yusuf 1567,male,36,adult,DE,2026-05-07T09:42:31.219152Z
019e01d1-4039-0000-0000-1b5b4ae904ff,pita fashola 1571,male,49,adult,US,2026-05-07T09:42:31.225420Z
019e01d1-403e-0000-0000-3cd4b8c2c897,queen eze 1574,male,31,adult,BR,2026-05-07T09:42:31.230708Z
019e01d1-4040-0000-0000-c86018b4b907,james nwosu 1575,male,14,teenager,TZ,2026-05-07T09:42:31.232222Z
019e01d1-4043-0000-0000-59c1916fee81,kehinde lawal 1577,male,68,senior,TZ,2026-05-07T09:42:31.235368Z
019e01d1-4046-0000-0000-e67beeb9e931,usman taiwo 1579,male,45,adult,EG,2026-05-07T09:42:31.238541Z
019e01d1-4049-0000-0000-eff387567102,ikenna ganiyu 1581,male,17,teenager,DE,2026-05-07T09:42:31.241458Z
019e01d1-404a-0000-0000-559f56a62ea7,nkem ogundele 1582,male,41,adult,FR,2026-05-07T09:42:31.242933Z
019e01d1-404c-0000-0000-77f37ef807db,udoka idowu 1583,male,82,senior,BR,2026-05-07T09:42:31.244312Z
019e01d1-404d-0000-0000-d6143e9e2c0b,irene mba 1584,male,7,child,FR,2026-05-07T09:42:31.245671Z
019e01d1-4050-0000-0000-276e812ab63d,yusuf ogundele 1586,male,19,teenager,TZ,2026-05-07T09:42:31.248853Z
019e01d1-4055-0000-0000-0c2bcc2cf440,uche salami 1589,male,82,senior,SN,2026-05-07T09:42:31.253349Z
019e01d1-4058-0000-0000-c32a07c55b26,grace taiwo 1591,male,82,senior,TZ,2026-05-07T09:42:31.256246Z
019e01d1-405b-0000-0000-8e20ff9d18fb,dimma osei 1593,male,7,child,FR,2026-05-07T09:42:31.259223Z
019e01d1-4061-0000-0000-5c59f2750c22,toyin ganiyu 1597,male,18,teenager,IN,2026-05-07T09:42:31.265101Z
019e01d1-4062-0000-0000-41ed7ceeb255,ikenna adesanya 1598,male,83,senior,JP,2026-05-07T09:42:31.266495Z
019e01d1-4064-0000-0000-d61d0ccedca1,remi ogundele 1599,male,60,senior,BR,2026-05-07T09:42:31.268322Z
019e01d1-4065-0000-0000-f51f98cf7893,ximena kamara 1600,male,84,senior,GB,2026-05-07T09:42:31.269932Z
019e01d1-406b-0000-0000-cd01dfd94058,kemi idowu 1604,male,6,child,GB,2026-05-07T09:42:31.275810Z
019e01d1-4072-0000-0000-93453764fe07,remi mba 1608,male,5,child,BR,2026-05-07T09:42:31.282252Z
019e01d1-4075-0000-0000-6c595f5d5e9f,babatunde mensah 1610,male,29,adult,KE,2026-05-07T09:42:31.285070Z
019e01d1-4078-0000-0000-0f2a214a010d,kemi usman 1612,male,3,child,EG,2026-05-07T09:42:31.288591Z
019e01d1-407a-0000-0000-c91c8fcef541,toyin nwosu 1613,male,74,senior,ET,2026-05-07T09:42:31.290273Z
019e01d1-407f-0000-0000-a9a90a404b26,cynthia hassan 1615,male,74,senior,SN,2026-05-07T09:42:31.295933Z
019e01d1-4081-0000-0000-b57f18bb77c4,tunde peters 1616,male,1,child,CA,2026-05-07T09:42:31.297796Z
019e01d1-4083-0000-0000-4e345f093112,ahmed eze 1617,male,30,adult,SN,2026-05-07T09:42:31.299652Z
019e01d1-4085-0000-0000-e27d814c6b94,rasheed adesanya 1618,male,17,teenager,US,2026-05-07T09:42:31.301970Z
019e01d1-4089-0000-0000-68836ee44027,jumoke osei 1620,male,14,teenager,CN,2026-05-07T09:42:31.305242Z
019e01d1-408c-0000-0000-883c547fac43,ifeoma ganiyu 1622,male,45,adult,FR,2026-05-07T09:42:31.308824Z
019e01d1-408e-0000-0000-7e4ea1dd78c6,onome quadri 1623,male,7,child,ZA,2026-05-07T09:42:31.310430Z
019e01d1-4095-0000-0000-c0948653a446,uche salami 1628,male,56,adult,TZ,2026-05-07T09:42:31.317789Z
019e01d1-40a6-0000-0000-f8c2ac14d038,dayo nwosu 1639,male,54,adult,EG,2026-05-07T09:42:31.334388Z
019e01d1-40a9-0000-0000-694ec092650f,bolu vincent 1641,male,66,senior,CN,2026-05-07T09:42:31.337429Z
019e01d1-40aa-0000-0000-b4626e8b5057,obiora xavier 1642,male,47,adult,AU,2026-05-07T09:42:31.338920Z
019e01d1-40ac-0000-0000-aa717a07b748,folake yusuf 1643,male,4,child,KE,2026-05-07T09:42:31.340363Z
019e01d1-40ad-0000-0000-54b66a2b665d,david nwosu 1644,male,58,adult,EG,2026-05-07T09:42:31.341706Z
019e01d1-40ae-0000-0000-20007731a21c,nora traore 1645,male,8,child,JP,2026-05-07T09:42:31.343021Z
019e01d1-40b0-0000-0000-d9fae46a0459,david nwosu 1646,male,81,senior,CI,2026-05-07T09:42:31.344349Z
019e01d1-40b1-0000-0000-90061dcd9423,yvonne hassan 1647,male,40,adult,GB,2026-05-07T09:42:31.345926Z
019e01d1-40b4-0000-0000-a181b90498ea,dimma xavier 1649,male,81,senior,CN,2026-05-07T09:42:31.348795Z
019e01d1-40ba-0000-0000-36c126fbf743,william yusuf 1653,male,24,adult,ET,2026-05-07T09:42:31.354924Z
019e01d1-40bc-0000-0000-3d0657169418,adaeze musa 1654,male,76,senior,CI,2026-05-07T09:42:31.356376Z
019e01d1-40bd-0000-0000-6a836ea1ac8c,ngozi okonkwo 1655,male,21,adult,UG,2026-05-07T09:42:31.357759Z
019e01d1-40c0-0000-0000-7e3eb11d554f,folake fashola 1657,male,2,child,DE,2026-05-07T09:42:31.360741Z
019e01d1-40c3-0000-0000-32a11816c3f2,queen hassan 1659,male,36,adult,CI,2026-05-07T09:42:31.363944Z
019e01d1-40c5-0000-0000-0bb281958e72,dayo williams 1660,male,45,adult,BR,2026-05-07T09:42:31.365360Z
019e01d1-40c6-0000-0000-922c1cd08dea,yusuf kalu 1661,male,7,child,UG,2026-05-07T09:42:31.366843Z
019e01d1-40c8-0000-0000-072c322847a2,tunde xavier 1662,male,61,senior,DE,2026-05-07T09:42:31.368284Z
019e01d1-40c9-0000-0000-5651778c9c67,kunle musa 1663,male,4,child,CN,2026-05-07T09:42:31.369695Z
019e01d1-40cb-0000-0000-4ef63fc09729,james ganiyu 1664,male,20,adult,ET,2026-05-07T09:42:31.371242Z
019e01d1-40cd-0000-0000-0496d5ab1754,funmi chukwu 1665,male,34,adult,ET,2026-05-07T09:42:31.373035Z
019e01d1-40d0-0000-0000-68882c9c223e,funmi osei 1667,male,80,senior,TZ,2026-05-07T09:42:31.376043Z
019e01d1-40d1-0000-0000-b2f0fc9f281a,dayo musa 1668,male,38,adult,JP,2026-05-07T09:42:31.377801Z
019e01d1-40d5-0000-0000-616a5f90db6c,kehinde osei 1670,male,69,senior,FR,2026-05-07T09:42:31.381620Z
019e01d1-40d8-0000-0000-9769948d24f1,gbenga nwosu 1672,male,9,child,US,2026-05-07T09:42:31.384551Z
019e01d1-40de-0000-0000-0482ff50810a,godwin mba 1675,male,26,adult,FR,2026-05-07T09:42:31.390292Z
019e01d1-40e6-0000-0000-9061df6002ca,kemi hassan 1680,male,74,senior,GH,2026-05-07T09:42:31.398042Z
019e01d1-40ea-0000-0000-81b0ca221410,funmi bakare 1683,male,72,senior,ZA,2026-05-07T09:42:31.402331Z
019e01d1-40ed-0000-0000-fbbbbe40a582,dayo taiwo 1685,male,16,teenager,CA,2026-05-07T09:42:31.405446Z
019e01d1-40f7-0000-0000-1543403df3c1,patience yusuf 1689,male,30,adult,EG,2026-05-07T09:42:31.415816Z
019e01d1-40fd-0000-0000-971086983bc5,toyin chukwu 1690,male,64,senior,KE,2026-05-07T09:42:31.421664Z
019e01d1-410a-0000-0000-0a942b9714c3,timothy ganiyu 1692,male,83,senior,TZ,2026-05-07T09:42:31.434038Z
019e01d1-4111-0000-0000-9cc04a0f90a5,kehinde ibrahim 1697,male,74,senior,BR,2026-05-07T09:42:31.441986Z
019e01d1-4114-0000-0000-dd4c2ea38535,mercy taiwo 1699,male,74,senior,CN,2026-05-07T09:42:31.444820Z
019e01d1-4116-0000-0000-30461efc0c0c,nora yusuf 1700,male,49,adult,ET,2026-05-07T09:42:31.446517Z
019e01d1-411b-0000-0000-00b2c7da3411,nkem chukwu 1703,male,3,child,BR,2026-05-07T09:42:31.451193Z
019e01d1-411e-0000-0000-34ad569fb466,helen ganiyu 1705,male,14,teenager,GB,2026-05-07T09:42:31.454198Z
019e01d1-4122-0000-0000-5b8ec20665f0,yusuf hassan 1708,male,69,senior,ZA,2026-05-07T09:42:31.458585Z
019e01d1-4124-0000-0000-58840976f7aa,irene lawal 1709,male,66,senior,GH,2026-05-07T09:42:31.460124Z
019e01d1-4127-0000-0000-7d4a5ffdb5a9,james ganiyu 1711,male,37,adult,CI,2026-05-07T09:42:31.463179Z
019e01d1-4128-0000-0000-979350aba059,wale dada 1712,male,80,senior,KE,2026-05-07T09:42:31.464650Z
019e01d1-412a-0000-0000-ee634ad8dd12,kehinde lawal 1713,male,38,adult,TZ,2026-05-07T09:42:31.466199Z
019e01d1-412b-0000-0000-426124a101b5,dayo bakare 1714,male,1,child,IN,2026-05-07T09:42:31.467722Z
019e01d1-412e-0000-0000-0b54cac295de,uche raji 1716,male,62,senior,SN,2026-05-07T09:42:31.470615Z
019e01d1-4130-0000-0000-16a2eb1636e3,voke traore 1717,male,71,senior,CN,2026-05-07T09:42:31.472121Z
019e01d1-4131-0000-0000-d59646108c39,chidi kamara 1718,male,54,adult,NG,2026-05-07T09:42:31.473610Z
019e01d1-4134-0000-0000-64d46ef0c55e,babatunde mensah 1720,male,13,teenager,BR,2026-05-07T09:42:31.476705Z
019e01d1-4136-0000-0000-0ed1b7104d13,adaeze quadri 1721,male,7,child,BR,2026-05-07T09:42:31.478368Z
019e01d1-4139-0000-0000-a7683f4a62f0,seun dada 1723,male,12,child,KE,2026-05-07T09:42:31.481398Z
019e01d1-413b-0000-0000-69bf4f63d2af,funmi idowu 1724,male,33,adult,TZ,2026-05-07T09:42:31.483072Z
019e01d1-413c-0000-0000-d84d789ffbcc,patience fashola 1725,male,73,senior,CN,2026-05-07T09:42:31.484508Z
019e01d1-413e-0000-0000-eda1532bcbd8,felix adekunle 1726,male,57,adult,TZ,2026-05-07T09:42:31.486026Z
019e01d1-413f-0000-0000-bff795224a83,yvonne bakare 1727,male,22,adult,IN,2026-05-07T09:42:31.487475Z
019e01d1-4141-0000-0000-bae5035894c2,lola raji 1728,male,11,child,EG,2026-05-07T09:42:31.489313Z
019e01d1-4142-0000-0000-c3228136adf9,kunle musa 1729,male,49,adult,AU,2026-05-07T09:42:31.490972Z
019e01d1-4144-0000-0000-f47f9542931f,bolu lawal 1730,male,27,adult,BR,2026-05-07T09:42:31.492740Z
019e01d1-4149-0000-0000-6d28355fed98,wale raji 1732,male,14,teenager,BR,2026-05-07T09:42:31.497130Z
019e01d1-414e-0000-0000-de864d096654,timothy osei 1735,male,47,adult,ET,2026-05-07T09:42:31.502287Z
019e01d1-4157-0000-0000-c666bb7fb732,remi vincent 1740,male,46,adult,KE,2026-05-07T09:42:31.511503Z
019e01d1-415c-0000-0000-3e062f08758f,kunle ganiyu 1743,male,74,senior,GH,2026-05-07T09:42:31.516696Z
019e01d1-4161-0000-0000-e9ca5241b28d,jide lawal 1746,male,76,senior,NG,2026-05-07T09:42:31.521145Z
019e01d1-4164-0000-0000-599cbabd7082,helen taiwo 1748,male,17,teenager,KE,2026-05-07T09:42:31.524380Z
019e01d1-4167-0000-0000-a3615aea5c2c,emeka hassan 1750,male,82,senior,GB,2026-05-07T09:42:31.527863Z
019e01d1-4169-0000-0000-98e24b2498f3,efosa williams 1751,male,39,adult,DE,2026-05-07T09:42:31.529355Z
019e01d1-4170-0000-0000-fd3bbc892a86,moses hassan 1756,male,82,senior,ZA,2026-05-07T09:42:31.536669Z
019e01d1-4172-0000-0000-dac61ef2691a,folake traore 1757,male,85,senior,CI,2026-05-07T09:42:31.538251Z
019e01d1-4173-0000-0000-8ab004984cbe,ifeoma adekunle 1758,male,69,senior,FR,2026-05-07T09:42:31.539750Z
019e01d1-4175-0000-0000-20319665b67e,udoka mensah 1759,male,28,adult,CA,2026-05-07T09:42:31.541145Z
019e01d1-4179-0000-0000-91279ed248c1,esther johnson 1762,male,16,teenager,ET,2026-05-07T09:42:31.545729Z
019e01d1-417d-0000-0000-30bad238ccbd,uche williams 1764,male,82,senior,JP,2026-05-07T09:42:31.549082Z
019e01d1-417e-0000-0000-b4530a65773a,lydia vincent 1765,male,68,senior,GB,2026-05-07T09:42:31.550725Z
019e01d1-4183-0000-0000-1c6222d3e65a,vivian adekunle 1767,male,38,adult,FR,2026-05-07T09:42:31.555327Z
019e01d1-4186-0000-0000-cf77d8e861f8,nkem adesanya 1769,male,79,senior,NG,2026-05-07T09:42:31.558324Z
019e01d1-4187-0000-0000-e89789dcf6bc,dayo peters 1770,male,25,adult,JP,2026-05-07T09:42:31.559804Z
019e01d1-418a-0000-0000-8557187b6856,folake raji 1771,male,17,teenager,DE,2026-05-07T09:42:31.562068Z
019e01d1-418b-0000-0000-aa2a1f0858ca,chiamaka dada 1772,male,19,teenager,AU,2026-05-07T09:42:31.563598Z
019e01d1-418e-0000-0000-3f1ce47a1c6f,gbenga chukwu 1774,male,69,senior,FR,2026-05-07T09:42:31.566400Z
019e01d1-418f-0000-0000-554217e76e38,cynthia williams 1775,male,45,adult,KE,2026-05-07T09:42:31.567797Z
019e01d1-4192-0000-0000-50d4f8687107,dayo xavier 1777,male,68,senior,UG,2026-05-07T09:42:31.570662Z
019e01d1-4197-0000-0000-86c89e7fba0e,chiamaka vincent 1780,male,60,senior,CN,2026-05-07T09:42:31.575118Z
019e01d1-4198-0000-0000-8b96eaf652ad,lydia fashola 1781,male,37,adult,EG,2026-05-07T09:42:31.576709Z
019e01d1-41a1-0000-0000-2ba687d6347c,ola kamara 1787,male,66,senior,GB,2026-05-07T09:42:31.585925Z
019e01d1-41a3-0000-0000-7f90795e2191,chiamaka ganiyu 1788,male,14,teenager,UG,2026-05-07T09:42:31.587705Z
019e01d1-41a5-0000-0000-23a0598c49d4,efosa usman 1789,male,64,senior,DE,2026-05-07T09:42:31.589171Z
019e01d1-41a8-0000-0000-b04d81f98b42,lola adekunle 1791,male,58,adult,GB,2026-05-07T09:42:31.592208Z
019e01d1-41a9-0000-0000-d55b959d6d9b,esther peters 1792,male,2,child,ZA,2026-05-07T09:42:31.593688Z
019e01d1-41b9-0000-0000-837832c7a3f2,babatunde dada 1803,male,26,adult,EG,2026-05-07T09:42:31.609637Z
019e01d1-41bb-0000-0000-191610909fea,vivian ogundele 1804,male,48,adult,DE,2026-05-07T09:42:31.611052Z
019e01d1-41bc-0000-0000-e298b7c41e05,cynthia kalu 1805,male,38,adult,SN,2026-05-07T09:42:31.612462Z
019e01d1-41be-0000-0000-7bd2c8f7745e,funmi ganiyu 1806,male,18,teenager,UG,2026-05-07T09:42:31.614030Z
019e01d1-41c0-0000-0000-d0e3b2dfac06,dayo okonkwo 1808,male,22,adult,AU,2026-05-07T09:42:31.616819Z
019e01d1-41c3-0000-0000-9da3a4d4fffc,victor hassan 1810,male,25,adult,GH,2026-05-07T09:42:31.619675Z
019e01d1-41c5-0000-0000-64c8b8fcaf56,xerxes mensah 1811,male,35,adult,EG,2026-05-07T09:42:31.621405Z
019e01d1-41c9-0000-0000-ed71333809e2,yemi eze 1814,male,83,senior,ET,2026-05-07T09:42:31.625974Z
019e01d1-41cb-0000-0000-7c9ec526e8f8,felix adekunle 1815,male,53,adult,IN,2026-05-07T09:42:31.627627Z
019e01d1-41cd-0000-0000-77d49ed449b0,godwin johnson 1816,male,33,adult,KE,2026-05-07T09:42:31.629054Z
019e01d1-41ce-0000-0000-fae2ca7c181b,susan idowu 1817,male,81,senior,BR,2026-05-07T09:42:31.630592Z
019e01d1-41d1-0000-0000-bfa8baf9ba7d,mercy nwosu 1819,male,23,adult,ET,2026-05-07T09:42:31.633337Z
019e01d1-41d2-0000-0000-0d830dde7c59,david salami 1820,male,36,adult,KE,2026-05-07T09:42:31.634662Z
019e01d1-41d4-0000-0000-61c2b626e497,helen bakare 1821,male,5,child,IN,2026-05-07T09:42:31.636076Z
019e01d1-41d5-0000-0000-0d89e290902f,ximena johnson 1822,male,74,senior,ZA,2026-05-07T09:42:31.637529Z
019e01d1-41d7-0000-0000-cd04c04670d5,chidi yakubu 1823,male,3,child,GB,2026-05-07T09:42:31.639057Z
019e01d1-41d8-0000-0000-78c5f8f0d987,precious fashola 1824,male,31,adult,GB,2026-05-07T09:42:31.640463Z
019e01d1-41d9-0000-0000-f2789615230d,ifeoma raji 1825,male,15,teenager,CA,2026-05-07T09:42:31.641961Z
019e01d1-41df-0000-0000-754726116e74,irene hassan 1829,male,38,adult,KE,2026-05-07T09:42:31.647850Z
019e01d1-41e2-0000-0000-5a2994138b80,chiamaka ganiyu 1831,male,13,teenager,IN,2026-05-07T09:42:31.650694Z
019e01d1-41e7-0000-0000-19487e2ec8b3,folake kamara 1834,male,44,adult,JP,2026-05-07T09:42:31.655104Z
019e01d1-41e8-0000-0000-4cbce9afe12f,lawal peters 1835,male,77,senior,CN,2026-05-07T09:42:31.656705Z
019e01d1-41ea-0000-0000-74b3fd065700,lydia bakare 1836,male,25,adult,ET,2026-05-07T09:42:31.658262Z
019e01d1-41eb-0000-0000-fb81bf3ab688,helen ogundele 1837,male,25,adult,CN,2026-05-07T09:42:31.659767Z
019e01d1-41ef-0000-0000-b65a4f5264e3,helen ogundele 1839,male,54,adult,GH,2026-05-07T09:42:31.663982Z
019e01d1-41f3-0000-0000-e3eaeb4aac81,wunmi hassan 1841,male,40,adult,EG,2026-05-07T09:42:31.667585Z
019e01d1-41f5-0000-0000-15fd57d8a1ed,lydia williams 1842,male,59,adult,IN,2026-05-07T09:42:31.669687Z
019e01d1-41f7-0000-0000-7e5ac5d514ba,ngozi yakubu 1843,male,83,senior,ZA,2026-05-07T09:42:31.671361Z
019e01d1-41fc-0000-0000-8eec42255709,kunle mensah 1846,male,31,adult,ZA,2026-05-07T09:42:31.676599Z
019e01d1-420a-0000-0000-56330fced4ef,tunde ogundele 1855,male,36,adult,CI,2026-05-07T09:42:31.690766Z
019e01d1-4212-0000-0000-2f07ab37c2a9,amara kamara 1860,male,14,teenager,AU,2026-05-07T09:42:31.698046Z
019e01d1-4214-0000-0000-3a3a79996c2c,david ganiyu 1862,male,70,senior,UG,2026-05-07T09:42:31.700821Z
019e01d1-4216-0000-0000-f34249a052ec,lydia traore 1863,male,19,teenager,IN,2026-05-07T09:42:31.702315Z
019e01d1-4219-0000-0000-ffc7848f6429,remi lawal 1865,male,45,adult,IN,2026-05-07T09:42:31.705303Z
019e01d1-421b-0000-0000-47eab7f51def,tunde traore 1866,male,52,adult,AU,2026-05-07T09:42:31.707164Z
019e01d1-4221-0000-0000-a50ef224da10,uche vincent 1870,male,66,senior,UG,2026-05-07T09:42:31.713205Z
019e01d1-4222-0000-0000-ea19162ed859,victor xavier 1871,male,54,adult,ZA,2026-05-07T09:42:31.714577Z
019e01d1-4226-0000-0000-01d48898ec13,efosa kalu 1874,male,1,child,JP,2026-05-07T09:42:31.718872Z
019e01d1-4228-0000-0000-183d7bb7d73f,bolu ganiyu 1875,male,57,adult,CA,2026-05-07T09:42:31.720357Z
019e01d1-4229-0000-0000-441d869af7a3,patience peters 1876,male,68,senior,NG,2026-05-07T09:42:31.721795Z
019e01d1-422c-0000-0000-9b9ab660de4d,dayo okonkwo 1878,male,16,teenager,CI,2026-05-07T09:42:31.724748Z
019e01d1-4231-0000-0000-68850d42697e,irene peters 1881,male,65,senior,DE,2026-05-07T09:42:31.730007Z
019e01d1-4234-0000-0000-3a9ce929daef,vivian adesanya 1883,male,9,child,ZA,2026-05-07T09:42:31.732986Z
019e01d1-4237-0000-0000-970bba8e3099,amara taiwo 1885,male,33,adult,US,2026-05-07T09:42:31.735941Z
019e01d1-423a-0000-0000-784ed6d75e91,mercy chukwu 1887,male,79,senior,CN,2026-05-07T09:42:31.738784Z
019e01d1-423c-0000-0000-7df876a502cc,nora usman 1888,male,41,adult,NG,2026-05-07T09:42:31.740220Z
019e01d1-423f-0000-0000-5c6580f0a5d1,seun usman 1890,male,49,adult,CN,2026-05-07T09:42:31.743053Z
019e01d1-4242-0000-0000-e2a37f30d5c4,ifeoma xavier 1892,male,84,senior,CI,2026-05-07T09:42:31.746162Z
019e01d1-4243-0000-0000-387780394857,sola xavier 1893,male,78,senior,SN,2026-05-07T09:42:31.747650Z
019e01d1-4245-0000-0000-4355d39b8793,chidi yakubu 1894,male,56,adult,SN,2026-05-07T09:42:31.749339Z
019e01d1-4248-0000-0000-adfa8566016e,nkem traore 1896,male,48,adult,EG,2026-05-07T09:42:31.752510Z
019e01d1-4249-0000-0000-5ec88f6f1891,david quadri 1897,male,43,adult,CN,2026-05-07T09:42:31.754007Z
019e01d1-424d-0000-0000-6e1c01115e65,timothy musa 1899,male,53,adult,JP,2026-05-07T09:42:31.757296Z
019e01d1-4256-0000-0000-d7b915de088c,tunde okonkwo 1905,male,49,adult,NG,2026-05-07T09:42:31.766233Z
019e01d1-425e-0000-0000-1f2e1fd19708,chidi adekunle 1910,male,13,teenager,ZA,2026-05-07T09:42:31.774601Z
019e01d1-4264-0000-0000-f0de0751b88e,seun idowu 1914,male,66,senior,JP,2026-05-07T09:42:31.780970Z
019e01d1-4270-0000-0000-4450cab2eed5,felix osei 1922,male,47,adult,UG,2026-05-07T09:42:31.792997Z
019e01d1-4272-0000-0000-430199965075,felix bakare 1923,male,32,adult,JP,2026-05-07T09:42:31.794660Z
019e01d1-4274-0000-0000-212ca7c17fb4,jide chukwu 1924,male,78,senior,CN,2026-05-07T09:42:31.796461Z
019e01d1-4275-0000-0000-9e22b1a04f5b,susan kalu 1925,male,5,child,TZ,2026-05-07T09:42:31.797973Z
019e01d1-4279-0000-0000-ae0174df04c5,pita traore 1927,male,29,adult,GB,2026-05-07T09:42:31.801476Z
019e01d1-427b-0000-0000-971c52abffd9,lola usman 1928,male,23,adult,KE,2026-05-07T09:42:31.803028Z
019e01d1-427c-0000-0000-5e102b8c7bc7,kunle yusuf 1929,male,55,adult,GB,2026-05-07T09:42:31.804545Z
019e01d1-427e-0000-0000-809d56a564b3,folake mensah 1930,male,13,teenager,AU,2026-05-07T09:42:31.806111Z
019e01d1-4281-0000-0000-85322dee1ee6,precious williams 1932,male,25,adult,TZ,2026-05-07T09:42:31.809320Z
019e01d1-4286-0000-0000-875c8eff3ed7,victor salami 1935,male,74,senior,CA,2026-05-07T09:42:31.814399Z
019e01d1-4289-0000-0000-ff995c480048,xola chukwu 1937,male,5,child,CN,2026-05-07T09:42:31.817306Z
019e01d1-428e-0000-0000-341c8ab83f26,toyin hassan 1940,male,69,senior,AU,2026-05-07T09:42:31.822185Z
019e01d1-4296-0000-0000-2b51242931f6,rasheed diallo 1945,male,46,adult,ZA,2026-05-07T09:42:31.830428Z
019e01d1-4298-0000-0000-347a67f83743,moses vincent 1946,male,38,adult,JP,2026-05-07T09:42:31.832226Z
019e01d1-429f-0000-0000-7f4a72e0e2cd,jide usman 1951,male,19,teenager,CA,2026-05-07T09:42:31.839927Z
019e01d1-42a6-0000-0000-28200f7a9fd1,kemi yusuf 1955,male,32,adult,GB,2026-05-07T09:42:31.846889Z
019e01d1-42a8-0000-0000-6980f9627c9d,ikenna peters 1956,male,61,senior,IN,2026-05-07T09:42:31.848845Z
019e01d1-42ac-0000-0000-c79990d3589d,yusuf ogundele 1958,male,32,adult,FR,2026-05-07T09:42:31.852448Z
019e01d1-42ae-0000-0000-952e7f9cedb3,victor mba 1959,male,83,senior,NG,2026-05-07T09:42:31.854105Z
019e01d1-42af-0000-0000-8e9ac5f8a51c,precious adesanya 1960,male,39,adult,AU,2026-05-07T09:42:31.855797Z
019e01d1-42b4-0000-0000-497b4e4b43dd,obiora yakubu 1963,male,50,adult,ZA,2026-05-07T09:42:31.860413Z
019e01d1-42b5-0000-0000-a895add5ae69,ximena johnson 1964,male,62,senior,SN,2026-05-07T09:42:31.861916Z
019e01d1-42b7-0000-0000-8b6e9c148d7d,yemi musa 1965,male,50,adult,ET,2026-05-07T09:42:31.863528Z
019e01d1-42b9-0000-0000-b5cdf3b2f890,zainab ibrahim 1966,male,18,teenager,AU,2026-05-07T09:42:31.865076Z
019e01d1-42ba-0000-0000-8aba61e10a76,timothy mensah 1967,male,45,adult,CN,2026-05-07T09:42:31.866654Z
019e01d1-42bc-0000-0000-2c3b1ccbc476,yemi yusuf 1968,male,58,adult,ET,2026-05-07T09:42:31.868163Z
019e01d1-42bd-0000-0000-7141c8fb2c17,lawal dada 1969,male,12,child,EG,2026-05-07T09:42:31.869756Z
019e01d1-42c0-0000-0000-19c836117b2f,ngozi okonkwo 1970,male,51,adult,UG,2026-05-07T09:42:31.872259Z
019e01d1-42c1-0000-0000-a7e43a800f08,adaeze eze 1971,male,36,adult,FR,2026-05-07T09:42:31.873787Z
019e01d1-42c6-0000-0000-5b79c7c0ec6c,ola dada 1974,male,40,adult,GH,2026-05-07T09:42:31.878373Z
019e01d1-42da-0000-0000-2e9c46457897,bolu ganiyu 1982,male,43,adult,IN,2026-05-07T09:42:31.898428Z
019e01d1-42dd-0000-0000-45fc0fb03161,henry hassan 1984,male,23,adult,CI,2026-05-07T09:42:31.901642Z
019e01d1-42e1-0000-0000-5fb6edf14f45,zara traore 1986,male,85,senior,GH,2026-05-07T09:42:31.905716Z
019e01d1-42e3-0000-0000-934a20d5ca94,efosa mba 1987,male,11,child,US,2026-05-07T09:42:31.907291Z
019e01d1-42e6-0000-0000-bb8ff367eb82,richard vincent 1989,male,1,child,ET,2026-05-07T09:42:31.910491Z
019e01d1-42eb-0000-0000-5f341f71ebc7,kunle adekunle 1991,male,79,senior,ET,2026-05-07T09:42:31.915916Z
019e01d1-42fa-0000-0000-ac1e8eaa422c,queen adekunle 1998,male,70,senior,ZA,2026-05-07T09:42:31.930509Z
019e01d1-434a-0000-0000-2f8e2108a9b0,james dada 2001,male,83,senior,JP,2026-05-07T09:42:32.010780Z
019e01d1-434c-0000-0000-52fd9dfacf32,yusuf peters 2002,male,84,senior,SN,2026-05-07T09:42:32.012992Z
019e01d1-434f-0000-0000-feb0684da3bd,rasheed adekunle 2003,male,59,adult,EG,2026-05-07T09:42:32.015082Z
019e01d1-4352-0000-0000-5f7dfbd6910d,lydia musa 2005,male,45,adult,IN,2026-05-07T09:42:32.019019Z
019e01d1-4354-0000-0000-32a6d8dcdc44,grace adekunle 2006,male,64,senior,GB,2026-05-07T09:42:32.020619Z
019e01d1-4356-0000-0000-de29bb42cd70,yvonne dada 2007,male,69,senior,DE,2026-05-07T09:42:32.022616Z
019e01d1-4358-0000-0000-120f42850d79,ola mba 2008,male,5,child,NG,2026-05-07T09:42:32.024106Z
019e01d1-435c-0000-0000-d9ce574351c4,william traore 2011,male,74,senior,BR,2026-05-07T09:42:32.028643Z
019e01d1-435f-0000-0000-5405e8a23f77,xerxes peters 2013,male,78,senior,GH,2026-05-07T09:42:32.031928Z
019e01d1-4361-0000-0000-9b4e10836c9a,remi okonkwo 2014,male,72,senior,DE,2026-05-07T09:42:32.033361Z
019e01d1-4362-0000-0000-a4e814eecc3f,ximena usman 2015,male,24,adult,CN,2026-05-07T09:42:32.034779Z
019e01d1-4364-0000-0000-de9a99625a09,obiora nwosu 2016,male,28,adult,JP,2026-05-07T09:42:32.036214Z
019e01d1-4365-0000-0000-d7f1e75aa013,ifeoma williams 2017,male,76,senior,GH,2026-05-07T09:42:32.037668Z
019e01d1-4367-0000-0000-1cbd67038a29,james kamara 2018,male,18,teenager,TZ,2026-05-07T09:42:32.039135Z
019e01d1-4368-0000-0000-1eae90331f1c,cynthia mensah 2019,male,4,child,US,2026-05-07T09:42:32.040797Z
019e01d1-436b-0000-0000-ce36ac6eae5b,patience raji 2021,male,30,adult,CN,2026-05-07T09:42:32.043834Z
019e01d1-437b-0000-0000-840549e6ec51,seun ogundele 2023,male,82,senior,JP,2026-05-07T09:42:32.059190Z
019e01d1-437d-0000-0000-f712ce382fe0,queen peters 2024,male,81,senior,ET,2026-05-07T09:42:32.061392Z
019e01d1-4384-0000-0000-2bc8502f2695,tunde salami 2028,male,69,senior,IN,2026-05-07T09:42:32.068451Z
019e01d1-4389-0000-0000-3221a98430bd,yvonne okonkwo 2031,male,52,adult,KE,2026-05-07T09:42:32.073562Z
019e01d1-438f-0000-0000-1c81b83c08d3,irene idowu 2035,male,17,teenager,ET,2026-05-07T09:42:32.079480Z
019e01d1-4391-0000-0000-b3c1b8d0ccf5,richard chukwu 2036,male,12,child,CI,2026-05-07T09:42:32.081044Z
019e01d1-4392-0000-0000-29d27146e46c,helen okonkwo 2037,male,8,child,EG,2026-05-07T09:42:32.082499Z
019e01d1-4395-0000-0000-65a957e88fa8,uche ibrahim 2039,male,72,senior,KE,2026-05-07T09:42:32.085430Z
019e01d1-4396-0000-0000-74c3f9b999d6,jide ibrahim 2040,male,14,teenager,CA,2026-05-07T09:42:32.086974Z
019e01d1-439b-0000-0000-07ec11f9b926,bolu mensah 2043,male,63,senior,CA,2026-05-07T09:42:32.092014Z
019e01d1-439e-0000-0000-2faf625771d9,onome ibrahim 2044,male,75,senior,US,2026-05-07T09:42:32.094030Z
019e01d1-439f-0000-0000-2536386c69b9,toyin fashola 2045,male,23,adult,CA,2026-05-07T09:42:32.095585Z
019e01d1-43a1-0000-0000-45272caa078b,moses musa 2046,male,60,senior,UG,2026-05-07T09:42:32.097134Z
019e01d1-43a3-0000-0000-1938f2e29eda,amara kamara 2047,male,22,adult,ET,2026-05-07T09:42:32.099098Z
019e01d1-43a6-0000-0000-83860469d0e9,patience johnson 2049,male,64,senior,CI,2026-05-07T09:42:32.102878Z
019e01d1-43aa-0000-0000-91450c90817c,usman ganiyu 2051,male,51,adult,JP,2026-05-07T09:42:32.106708Z
019e01d1-43ad-0000-0000-7dee0dabcf3e,lydia williams 2052,male,32,adult,NG,2026-05-07T09:42:32.109108Z
019e01d1-43b0-0000-0000-e5839bd85a06,kemi ogundele 2054,male,43,adult,ET,2026-05-07T09:42:32.112430Z
019e01d1-43b2-0000-0000-a0df850bb713,richard quadri 2055,male,53,adult,EG,2026-05-07T09:42:32.114028Z
019e01d1-43b3-0000-0000-528ab14a5c58,sola okonkwo 2056,male,14,teenager,GH,2026-05-07T09:42:32.115643Z
019e01d1-43b7-0000-0000-e3f84e3f18d8,kunle fashola 2058,male,53,adult,JP,2026-05-07T09:42:32.119393Z
019e01d1-43b9-0000-0000-721027901d16,funmi usman 2059,male,20,adult,CA,2026-05-07T09:42:32.121160Z
019e01d1-43ba-0000-0000-a49dc5e91aa8,cynthia raji 2060,male,11,child,CI,2026-05-07T09:42:32.122616Z
019e01d1-43bd-0000-0000-7228a52722e6,hauwa raji 2062,male,85,senior,ZA,2026-05-07T09:42:32.125530Z
019e01d1-43bf-0000-0000-a4a7fe6acaea,funmi hassan 2063,male,74,senior,IN,2026-05-07T09:42:32.127514Z
019e01d1-43c2-0000-0000-dbf4c2841fbd,adaeze lawal 2065,male,68,senior,KE,2026-05-07T09:42:32.130722Z
019e01d1-43c5-0000-0000-5c8977d31070,emeka chukwu 2067,male,69,senior,KE,2026-05-07T09:42:32.133831Z
019e01d1-43cc-0000-0000-3e4f5139aa4e,usman quadri 2070,male,78,senior,CA,2026-05-07T09:42:32.140155Z
019e01d1-43cd-0000-0000-9a81f2117408,chiamaka bakare 2071,male,45,adult,UG,2026-05-07T09:42:32.141962Z
019e01d1-43cf-0000-0000-0755220852a1,grace eze 2072,male,70,senior,KE,2026-05-07T09:42:32.143649Z
019e01d1-43d4-0000-0000-36e2117171f5,xerxes lawal 2075,male,13,teenager,FR,2026-05-07T09:42:32.148799Z
019e01d1-43d6-0000-0000-6c440c521fc5,tunde kalu 2076,male,32,adult,DE,2026-05-07T09:42:32.150554Z
019e01d1-43d9-0000-0000-3f435d4c9383,blessing kalu 2078,male,66,senior,SN,2026-05-07T09:42:32.153945Z
019e01d1-43db-0000-0000-806fbb2d9ab9,lola williams 2079,male,19,teenager,DE,2026-05-07T09:42:32.155833Z
019e01d1-43dd-0000-0000-104158590192,ngozi fashola 2080,male,70,senior,EG,2026-05-07T09:42:32.157566Z
019e01d1-43df-0000-0000-a5da53cbd74c,mercy eze 2081,male,32,adult,BR,2026-05-07T09:42:32.159136Z
019e01d1-43e0-0000-0000-a16c1fecf60d,esther taiwo 2082,male,73,senior,AU,2026-05-07T09:42:32.160824Z
019e01d1-43e5-0000-0000-1642202f8911,kunle chukwu 2084,male,67,senior,CN,2026-05-07T09:42:32.165257Z
019e01d1-43e6-0000-0000-cf832f75ddc0,lola johnson 2085,male,62,senior,UG,2026-05-07T09:42:32.166810Z
019e01d1-43ea-0000-0000-1e2b2712a51d,vivian taiwo 2087,male,60,senior,KE,2026-05-07T09:42:32.170590Z
019e01d1-43ef-0000-0000-40f04524e86d,kehinde raji 2090,male,51,adult,GH,2026-05-07T09:42:32.175550Z
019e01d1-43f2-0000-0000-4991f1e8a2fd,toyin chukwu 2092,male,12,child,CI,2026-05-07T09:42:32.178546Z
019e01d1-43f8-0000-0000-084afeed2239,sola eze 2096,male,20,adult,UG,2026-05-07T09:42:32.184850Z
019e01d1-43fd-0000-0000-7e9b90d218ee,jumoke mensah 2099,male,48,adult,GB,2026-05-07T09:42:32.189459Z
019e01d1-4406-0000-0000-5cf6edb30807,grace usman 2105,male,48,adult,US,2026-05-07T09:42:32.198055Z
019e01d1-4407-0000-0000-2b45901b8737,gbenga johnson 2106,male,3,child,GB,2026-05-07T09:42:32.199484Z
019e01d1-440a-0000-0000-2ac77bbe2202,jide yakubu 2108,male,69,senior,BR,2026-05-07T09:42:32.202799Z
019e01d1-440c-0000-0000-dcb1df375d90,babatunde chukwu 2109,male,64,senior,NG,2026-05-07T09:42:32.204419Z
019e01d1-440f-0000-0000-f0ee470ea139,yemi ibrahim 2111,male,35,adult,US,2026-05-07T09:42:32.207469Z
019e01d1-4411-0000-0000-d25edf7ae979,ximena quadri 2112,male,17,teenager,EG,2026-05-07T09:42:32.209026Z
019e01d1-4412-0000-0000-44c3ca1f0382,dimma traore 2113,male,36,adult,CN,2026-05-07T09:42:32.210961Z
019e01d1-4414-0000-0000-8af090eeea88,jumoke quadri 2114,male,58,adult,DE,2026-05-07T09:42:32.212531Z
019e01d1-4417-0000-0000-ba917705cc9c,toyin ogundele 2116,male,15,teenager,TZ,2026-05-07T09:42:32.215656Z
019e01d1-4419-0000-0000-c98cc8db338b,mercy mba 2117,male,36,adult,UG,2026-05-07T09:42:32.217182Z
019e01d1-441a-0000-0000-524d0e2eb851,chidi yusuf 2118,male,11,child,SN,2026-05-07T09:42:32.218896Z
019e01d1-441c-0000-0000-2f3f21c6c31c,voke ibrahim 2119,male,52,adult,NG,2026-05-07T09:42:32.220579Z
019e01d1-4421-0000-0000-8c1f544ac3cb,tunde chukwu 2122,male,14,teenager,US,2026-05-07T09:42:32.225749Z
019e01d1-4423-0000-0000-a226bdaf146d,esther ganiyu 2123,male,64,senior,JP,2026-05-07T09:42:32.227229Z
019e01d1-4429-0000-0000-ac7e79a75864,nora ganiyu 2127,male,24,adult,CA,2026-05-07T09:42:32.233737Z
019e01d1-442f-0000-0000-c64e6e169259,usman nwosu 2131,male,63,senior,NG,2026-05-07T09:42:32.239748Z
019e01d1-4439-0000-0000-a500bccb1339,remi williams 2134,male,54,adult,IN,2026-05-07T09:42:32.249107Z
019e01d1-443b-0000-0000-89e909bbf306,udoka yusuf 2135,male,44,adult,SN,2026-05-07T09:42:32.251346Z
019e01d1-443c-0000-0000-160256cada56,remi xavier 2136,male,33,adult,IN,2026-05-07T09:42:32.253019Z
019e01d1-4444-0000-0000-fc692763e13d,nora raji 2140,male,17,teenager,GH,2026-05-07T09:42:32.260152Z
019e01d1-4445-0000-0000-3d5d54172ff1,dayo raji 2141,male,66,senior,CA,2026-05-07T09:42:32.261842Z
019e01d1-4447-0000-0000-dba3db16da3d,rasheed yakubu 2142,male,57,adult,ZA,2026-05-07T09:42:32.263438Z
019e01d1-444a-0000-0000-10cb9bd86127,gbenga chukwu 2144,male,44,adult,NG,2026-05-07T09:42:32.266934Z
019e01d1-444e-0000-0000-b6dc40c82e7a,lydia chukwu 2146,male,17,teenager,UG,2026-05-07T09:42:32.270647Z
019e01d1-4450-0000-0000-5b60e48c5ed5,remi idowu 2147,male,1,child,ZA,2026-05-07T09:42:32.272263Z
019e01d1-4453-0000-0000-bd4ec0752a3f,moses musa 2149,male,1,child,FR,2026-05-07T09:42:32.275379Z
019e01d1-4456-0000-0000-4a32dce49530,victor yakubu 2151,male,9,child,US,2026-05-07T09:42:32.278827Z
019e01d1-445a-0000-0000-149fa183aaf6,qudus diallo 2153,male,80,senior,ZA,2026-05-07T09:42:32.282166Z
019e01d1-4460-0000-0000-a1a61d687039,folake nwosu 2157,male,52,adult,SN,2026-05-07T09:42:32.288645Z
019e01d1-4462-0000-0000-9944c7ce8afa,folake lawal 2158,male,13,teenager,TZ,2026-05-07T09:42:32.290363Z
019e01d1-4464-0000-0000-9ba632339bae,emeka yakubu 2159,male,12,child,NG,2026-05-07T09:42:32.292122Z
019e01d1-4469-0000-0000-521d2364d94c,hauwa kalu 2162,male,7,child,KE,2026-05-07T09:42:32.297294Z
019e01d1-446a-0000-0000-93678f9f8ebc,irene traore 2163,male,9,child,ET,2026-05-07T09:42:32.298886Z
019e01d1-446c-0000-0000-9d9c77d89010,onome mba 2164,male,60,senior,IN,2026-05-07T09:42:32.300797Z
019e01d1-446e-0000-0000-6dac05e39fb3,seun johnson 2165,male,74,senior,ZA,2026-05-07T09:42:32.302478Z
019e01d1-4471-0000-0000-80c1f46d118f,helen kamara 2167,male,6,child,CI,2026-05-07T09:42:32.305473Z
019e01d1-4474-0000-0000-5d9095da30d3,remi quadri 2169,male,4,child,JP,2026-05-07T09:42:32.308560Z
019e01d1-4476-0000-0000-da079e15addd,toyin adesanya 2170,male,18,teenager,ZA,2026-05-07T09:42:32.310345Z
019e01d1-4477-0000-0000-3c975b8e0842,susan diallo 2171,male,67,senior,TZ,2026-05-07T09:42:32.312024Z
019e01d1-447b-0000-0000-5252b9dcba98,lydia idowu 2173,male,63,senior,FR,2026-05-07T09:42:32.315562Z
019e01d1-4481-0000-0000-9f5295e25c09,adaeze idowu 2177,male,68,senior,DE,2026-05-07T09:42:32.321783Z
019e01d1-4483-0000-0000-36ff65479a6b,cynthia lawal 2178,male,66,senior,BR,2026-05-07T09:42:32.323390Z
019e01d1-448e-0000-0000-0286ffc939c5,queen musa 2185,male,15,teenager,SN,2026-05-07T09:42:32.334776Z
019e01d1-4493-0000-0000-963f4c49e93e,vivian nwosu 2188,male,47,adult,GH,2026-05-07T09:42:32.339650Z
019e01d1-4498-0000-0000-53238d3e253c,moses eze 2191,male,7,child,TZ,2026-05-07T09:42:32.344932Z
019e01d1-449e-0000-0000-037c37395dc8,obiora chukwu 2194,male,54,adult,GB,2026-05-07T09:42:32.350802Z
019e01d1-44a0-0000-0000-b97d526eb81f,esther ganiyu 2195,male,15,teenager,US,2026-05-07T09:42:32.352338Z
019e01d1-44a1-0000-0000-6c62703a73a3,bolu usman 2196,male,66,senior,US,2026-05-07T09:42:32.354001Z
019e01d1-44a3-0000-0000-46d44fa13c2b,nora yakubu 2197,male,28,adult,JP,2026-05-07T09:42:32.355608Z
019e01d1-44a7-0000-0000-e5275163c1ea,usman bakare 2199,male,37,adult,UG,2026-05-07T09:42:32.359063Z
019e01d1-44aa-0000-0000-6eba32ff6de3,hauwa lawal 2201,male,8,child,UG,2026-05-07T09:42:32.362200Z
019e01d1-44ad-0000-0000-40cd7f9311b1,funmi peters 2203,male,3,child,IN,2026-05-07T09:42:32.365066Z
019e01d1-44af-0000-0000-1e14f9409e7c,ngozi salami 2204,male,79,senior,AU,2026-05-07T09:42:32.367176Z
019e01d1-44b0-0000-0000-b82f80b3f32e,yemi idowu 2205,male,7,child,IN,2026-05-07T09:42:32.368733Z
019e01d1-44b2-0000-0000-d285ded93810,helen hassan 2206,male,38,adult,UG,2026-05-07T09:42:32.370310Z
019e01d1-44b6-0000-0000-d27ea2fa5c50,irene williams 2209,male,43,adult,NG,2026-05-07T09:42:32.374933Z
019e01d1-44b8-0000-0000-a48573fbb216,yusuf xavier 2210,male,67,senior,JP,2026-05-07T09:42:32.376407Z
019e01d1-44ba-0000-0000-01bf2feae195,zainab yusuf 2211,male,26,adult,FR,2026-05-07T09:42:32.378279Z
019e01d1-44bd-0000-0000-2e06c45c2c33,efosa peters 2213,male,20,adult,JP,2026-05-07T09:42:32.381658Z
019e01d1-44bf-0000-0000-6d08b6d40c7d,wunmi traore 2214,male,6,child,NG,2026-05-07T09:42:32.383617Z
019e01d1-44c2-0000-0000-9fe4eea2a3b3,xerxes adesanya 2216,male,79,senior,GB,2026-05-07T09:42:32.386930Z
019e01d1-44c4-0000-0000-e41cd3e8a6a3,victor salami 2217,male,33,adult,GB,2026-05-07T09:42:32.388394Z
019e01d1-44c7-0000-0000-7edab45110bb,kehinde musa 2219,male,58,adult,EG,2026-05-07T09:42:32.391423Z
019e01d1-44d4-0000-0000-0dbb7b9b38d1,rasheed mba 2226,male,54,adult,UG,2026-05-07T09:42:32.404371Z
019e01d1-44d6-0000-0000-fe198756726b,precious mba 2227,male,3,child,UG,2026-05-07T09:42:32.406540Z
019e01d1-44d9-0000-0000-3039cb901cdb,xerxes lawal 2229,male,19,teenager,ET,2026-05-07T09:42:32.409756Z
019e01d1-44dc-0000-0000-109821685332,lawal musa 2231,male,11,child,FR,2026-05-07T09:42:32.412901Z
019e01d1-44de-0000-0000-fa2afaa30218,yemi mensah 2232,male,37,adult,GH,2026-05-07T09:42:32.414459Z
019e01d1-44e0-0000-0000-899acedcfa28,cynthia vincent 2233,male,9,child,UG,2026-05-07T09:42:32.416197Z
019e01d1-44e1-0000-0000-c41aceb98713,chidi hassan 2234,male,66,senior,SN,2026-05-07T09:42:32.417635Z
019e01d1-44e3-0000-0000-c58173dc9deb,susan johnson 2235,male,81,senior,GB,2026-05-07T09:42:32.419451Z
019e01d1-44ea-0000-0000-dc314419d87f,chidi dada 2239,male,81,senior,TZ,2026-05-07T09:42:32.426572Z
019e01d1-44f2-0000-0000-27ea3a0eb537,xerxes ganiyu 2244,male,14,teenager,BR,2026-05-07T09:42:32.434181Z
019e01d1-44f3-0000-0000-9de883f999c6,precious xavier 2245,male,35,adult,GB,2026-05-07T09:42:32.435771Z
019e01d1-44f5-0000-0000-22db5b111c79,remi williams 2246,male,33,adult,UG,2026-05-07T09:42:32.437397Z
019e01d1-44f8-0000-0000-d5c36243d50b,dimma ogundele 2248,male,5,child,UG,2026-05-07T09:42:32.440819Z
019e01d1-44fc-0000-0000-f55d86ea14f1,nora mba 2250,male,5,child,CI,2026-05-07T09:42:32.444088Z
019e01d1-44fd-0000-0000-f1acea0e47d1,jide dada 2251,male,1,child,JP,2026-05-07T09:42:32.445751Z
019e01d1-4502-0000-0000-dae60dda3bd3,tunde kamara 2254,male,34,adult,BR,2026-05-07T09:42:32.450255Z
019e01d1-4503-0000-0000-1ba06d8f3e3b,chidi nwosu 2255,male,53,adult,CA,2026-05-07T09:42:32.451667Z
019e01d1-4505-0000-0000-93772d191c1f,kunle osei 2256,male,9,child,NG,2026-05-07T09:42:32.453163Z
019e01d1-4506-0000-0000-d2397df6d1c9,yusuf raji 2257,male,14,teenager,IN,2026-05-07T09:42:32.454744Z
019e01d1-450c-0000-0000-96c53a1a89a9,seun taiwo 2261,male,63,senior,GB,2026-05-07T09:42:32.461004Z
019e01d1-450e-0000-0000-5a8a2cbeac0c,efosa ganiyu 2262,male,80,senior,FR,2026-05-07T09:42:32.462688Z
019e01d1-4510-0000-0000-f76e94b046ad,zainab nwosu 2263,male,49,adult,SN,2026-05-07T09:42:32.464292Z
019e01d1-4511-0000-0000-70d27b3ca2bc,william osei 2264,male,25,adult,DE,2026-05-07T09:42:32.465741Z
019e01d1-4513-0000-0000-e57e5a3286f2,ifeoma fashola 2265,male,49,adult,BR,2026-05-07T09:42:32.467875Z
019e01d1-4516-0000-0000-8d061ca5626e,gbenga idowu 2267,male,84,senior,EG,2026-05-07T09:42:32.471024Z
019e01d1-4518-0000-0000-a892b0b3f701,lydia raji 2268,male,52,adult,KE,2026-05-07T09:42:32.472525Z
019e01d1-451a-0000-0000-4eec1a2f6bc3,wunmi hassan 2269,male,64,senior,SN,2026-05-07T09:42:32.474028Z
019e01d1-451b-0000-0000-09058cf21271,precious adesanya 2270,male,30,adult,DE,2026-05-07T09:42:32.475458Z
019e01d1-451e-0000-0000-6ce048105716,xerxes ibrahim 2272,male,12,child,UG,2026-05-07T09:42:32.479007Z
019e01d1-4520-0000-0000-517ac515f4da,udoka traore 2273,male,48,adult,US,2026-05-07T09:42:32.480747Z
019e01d1-4525-0000-0000-59c46f5fc538,dayo yakubu 2276,male,78,senior,BR,2026-05-07T09:42:32.485634Z
019e01d1-4527-0000-0000-26ff9f789887,toyin musa 2277,male,1,child,GB,2026-05-07T09:42:32.487488Z
019e01d1-4528-0000-0000-de6c32133179,victor ogundele 2278,male,85,senior,SN,2026-05-07T09:42:32.489010Z
019e01d1-452a-0000-0000-586bcd43e5e7,bolu nwosu 2279,male,61,senior,GB,2026-05-07T09:42:32.490505Z
019e01d1-452c-0000-0000-e49d0ab90526,susan mensah 2280,male,35,adult,TZ,2026-05-07T09:42:32.492115Z
019e01d1-452d-0000-0000-9f539de212db,blessing williams 2281,male,78,senior,CI,2026-05-07T09:42:32.493753Z
019e01d1-452f-0000-0000-ee115741c777,onome traore 2282,male,11,child,AU,2026-05-07T09:42:32.495171Z
019e01d1-4532-0000-0000-6a553fa84f07,voke kalu 2284,male,51,adult,CA,2026-05-07T09:42:32.498197Z
019e01d1-4533-0000-0000-26684d2a447b,bolu ogundele 2285,male,12,child,TZ,2026-05-07T09:42:32.499678Z
019e01d1-4539-0000-0000-38104ffc5670,voke salami 2289,male,52,adult,CA,2026-05-07T09:42:32.505208Z
019e01d1-453d-0000-0000-98da305da89c,nkem adekunle 2291,male,10,child,SN,2026-05-07T09:42:32.509170Z
019e01d1-4545-0000-0000-58af5f72fd14,kemi chukwu 2296,male,6,child,CA,2026-05-07T09:42:32.517582Z
019e01d1-4547-0000-0000-7d8eb4e34e1c,onome peters 2297,male,55,adult,CN,2026-05-07T09:42:32.519477Z
019e01d1-4548-0000-0000-ab7f2301b853,onome ganiyu 2298,male,85,senior,GH,2026-05-07T09:42:32.520930Z
019e01d1-454a-0000-0000-0e8d6bef0ea5,yusuf musa 2299,male,62,senior,US,2026-05-07T09:42:32.522344Z
019e01d1-454d-0000-0000-fc593c5b2db5,uche xavier 2301,male,61,senior,GB,2026-05-07T09:42:32.525399Z
019e01d1-454e-0000-0000-aed3bec31dc0,folake diallo 2302,male,60,senior,FR,2026-05-07T09:42:32.526855Z
019e01d1-4550-0000-0000-58a9ed98b01f,richard adesanya 2303,male,42,adult,FR,2026-05-07T09:42:32.528408Z
019e01d1-4553-0000-0000-b22525fbdf05,cynthia salami 2305,male,65,senior,BR,2026-05-07T09:42:32.531444Z
019e01d1-4556-0000-0000-325c8745ca7a,grace quadri 2307,male,10,child,GB,2026-05-07T09:42:32.534580Z
019e01d1-4557-0000-0000-356f0ab13bfc,james kalu 2308,male,46,adult,BR,2026-05-07T09:42:32.536023Z
019e01d1-455a-0000-0000-2fe5485c1e7a,wunmi mba 2310,male,49,adult,NG,2026-05-07T09:42:32.538904Z
019e01d1-455e-0000-0000-4dab7314733a,xerxes peters 2312,male,62,senior,BR,2026-05-07T09:42:32.542381Z
019e01d1-455f-0000-0000-5206688fead3,esther okonkwo 2313,male,84,senior,US,2026-05-07T09:42:32.543935Z
019e01d1-4563-0000-0000-e142b463f8cd,jumoke mensah 2315,male,82,senior,UG,2026-05-07T09:42:32.547349Z
019e01d1-4564-0000-0000-11e02aab5909,wale mensah 2316,male,11,child,IN,2026-05-07T09:42:32.548827Z
019e01d1-4567-0000-0000-8f132a9600c0,susan eze 2318,male,42,adult,AU,2026-05-07T09:42:32.551721Z
019e01d1-4569-0000-0000-4f76d4482075,hauwa johnson 2319,male,26,adult,SN,2026-05-07T09:42:32.553151Z
019e01d1-456a-0000-0000-33ef63d1ffd4,patience musa 2320,male,22,adult,CN,2026-05-07T09:42:32.554752Z
019e01d1-456d-0000-0000-80b6d60e7686,babatunde ibrahim 2322,male,27,adult,EG,2026-05-07T09:42:32.557709Z
019e01d1-4570-0000-0000-6ea4d414de23,onome ogundele 2324,male,75,senior,TZ,2026-05-07T09:42:32.560753Z
019e01d1-4577-0000-0000-ad09ffaea2cd,ngozi yusuf 2328,male,12,child,GH,2026-05-07T09:42:32.567277Z
019e01d1-4578-0000-0000-e635322bbb77,irene usman 2329,male,40,adult,CA,2026-05-07T09:42:32.568836Z
019e01d1-457b-0000-0000-8dc55cd9baab,xola ibrahim 2331,male,82,senior,KE,2026-05-07T09:42:32.571756Z
019e01d1-4580-0000-0000-93512d573033,lola hassan 2334,male,39,adult,GB,2026-05-07T09:42:32.576293Z
019e01d1-4581-0000-0000-a5ab18f20b6e,sola ibrahim 2335,male,4,child,IN,2026-05-07T09:42:32.577819Z
019e01d1-4583-0000-0000-b80e7904f894,kehinde yusuf 2336,male,73,senior,GH,2026-05-07T09:42:32.579418Z
019e01d1-4585-0000-0000-ac2f4ec04d69,ngozi bakare 2337,male,75,senior,CI,2026-05-07T09:42:32.581578Z
019e01d1-4588-0000-0000-f377fe2cb10b,godwin okonkwo 2338,male,77,senior,JP,2026-05-07T09:42:32.584080Z
019e01d1-458d-0000-0000-be64ab869d2a,lydia ibrahim 2340,male,84,senior,CN,2026-05-07T09:42:32.589395Z
019e01d1-458f-0000-0000-53c29de729ce,ngozi williams 2341,male,13,teenager,FR,2026-05-07T09:42:32.591095Z
019e01d1-4593-0000-0000-e6116d3ac3d2,seun fashola 2344,male,70,senior,EG,2026-05-07T09:42:32.595727Z
019e01d1-4596-0000-0000-44e893b367ab,ahmed peters 2346,male,54,adult,KE,2026-05-07T09:42:32.598693Z
019e01d1-459c-0000-0000-af7c441959e9,ngozi xavier 2350,male,38,adult,GB,2026-05-07T09:42:32.604883Z
019e01d1-45a4-0000-0000-14867e2afb4b,wale kalu 2352,male,37,adult,AU,2026-05-07T09:42:32.612446Z
019e01d1-45ad-0000-0000-05725f6c3749,adaeze diallo 2355,male,34,adult,TZ,2026-05-07T09:42:32.621095Z
019e01d1-45b0-0000-0000-98fde82cd447,folake peters 2357,male,71,senior,CA,2026-05-07T09:42:32.624466Z
019e01d1-45b1-0000-0000-2e1f75200bf8,grace williams 2358,male,25,adult,KE,2026-05-07T09:42:32.625944Z
019e01d1-45b3-0000-0000-ca9d0432ada5,lawal lawal 2359,male,70,senior,ZA,2026-05-07T09:42:32.627320Z
019e01d1-45b7-0000-0000-add3a511660f,godwin mensah 2362,male,33,adult,GH,2026-05-07T09:42:32.631842Z
019e01d1-45ba-0000-0000-112fa14f59ee,timothy ogundele 2364,male,74,senior,TZ,2026-05-07T09:42:32.634827Z
019e01d1-45be-0000-0000-4b507e29204f,hauwa mensah 2366,male,64,senior,UG,2026-05-07T09:42:32.638032Z
019e01d1-45c2-0000-0000-557203532df9,vivian eze 2369,male,41,adult,NG,2026-05-07T09:42:32.642930Z
019e01d1-45c4-0000-0000-fb1c349046d3,kehinde mba 2370,male,28,adult,KE,2026-05-07T09:42:32.644405Z
019e01d1-45c5-0000-0000-793c5c29b2a6,vivian salami 2371,male,67,senior,IN,2026-05-07T09:42:32.645926Z
019e01d1-45c8-0000-0000-eae18c814530,dayo musa 2372,male,57,adult,SN,2026-05-07T09:42:32.648247Z
019e01d1-45cb-0000-0000-373f4c111f7a,folake mba 2374,male,2,child,BR,2026-05-07T09:42:32.651586Z
019e01d1-45cd-0000-0000-5fff16e78d55,xola musa 2375,male,2,child,ET,2026-05-07T09:42:32.653212Z
019e01d1-45ce-0000-0000-a3cbd3a245a9,seun bakare 2376,male,26,adult,US,2026-05-07T09:42:32.654656Z
019e01d1-45d1-0000-0000-c63cd0252fa8,voke traore 2378,male,2,child,EG,2026-05-07T09:42:32.657693Z
019e01d1-45d3-0000-0000-409ceb3ff093,uche raji 2379,male,62,senior,EG,2026-05-07T09:42:32.659248Z
019e01d1-45da-0000-0000-bbf480febc63,efosa adesanya 2383,male,54,adult,AU,2026-05-07T09:42:32.666232Z
019e01d1-45db-0000-0000-3cd1a57dbd21,funmi usman 2384,male,52,adult,ET,2026-05-07T09:42:32.667771Z
019e01d1-45dd-0000-0000-34a00baccee8,toyin quadri 2385,male,10,child,ET,2026-05-07T09:42:32.669214Z
019e01d1-45de-0000-0000-d40a40f38c3c,henry ogundele 2386,male,76,senior,CI,2026-05-07T09:42:32.670746Z
019e01d1-45e1-0000-0000-125789b614d2,gbenga hassan 2388,male,82,senior,FR,2026-05-07T09:42:32.673837Z
019e01d1-45e6-0000-0000-4245e38740f3,lawal mba 2391,male,38,adult,CI,2026-05-07T09:42:32.678451Z
019e01d1-45ea-0000-0000-e8a67d0da3c9,lola idowu 2394,male,11,child,IN,2026-05-07T09:42:32.682883Z
019e01d1-45ec-0000-0000-18a3340c843a,zainab hassan 2395,male,49,adult,US,2026-05-07T09:42:32.684310Z
019e01d1-45f0-0000-0000-9b6ee55a7912,felix ganiyu 2398,male,32,adult,AU,2026-05-07T09:42:32.688669Z
019e01d1-45f4-0000-0000-ca538277c79f,esther hassan 2400,male,53,adult,CA,2026-05-07T09:42:32.692076Z
019e01d1-45f5-0000-0000-cf2e47ed3120,wunmi ganiyu 2401,male,58,adult,FR,2026-05-07T09:42:32.693616Z
019e01d1-45f7-0000-0000-45547aa2276e,william okonkwo 2402,male,59,adult,BR,2026-05-07T09:42:32.695173Z
019e01d1-45f8-0000-0000-5e60e46d5877,chidi peters 2403,male,68,senior,UG,2026-05-07T09:42:32.696922Z
019e01d1-45fa-0000-0000-338a9695f74e,lawal eze 2404,male,85,senior,JP,2026-05-07T09:42:32.698445Z
019e01d1-45fb-0000-0000-a6eb8a8d88c3,william diallo 2405,male,13,teenager,GH,2026-05-07T09:42:32.699865Z
019e01d1-45fd-0000-0000-da798b747827,sola idowu 2406,male,5,child,EG,2026-05-07T09:42:32.701561Z
019e01d1-45fe-0000-0000-3f061bc32cd4,grace idowu 2407,male,13,teenager,US,2026-05-07T09:42:32.703023Z
019e01d1-4601-0000-0000-76bd8e56f76c,chiamaka adekunle 2408,male,11,child,CA,2026-05-07T09:42:32.705796Z
019e01d1-4607-0000-0000-30f2aafd06c1,gbenga chukwu 2411,male,26,adult,NG,2026-05-07T09:42:32.711111Z
019e01d1-460a-0000-0000-2525054d05eb,qudus idowu 2412,male,44,adult,FR,2026-05-07T09:42:32.714578Z
019e01d1-460c-0000-0000-5eaed3f3d302,gbenga peters 2413,male,25,adult,SN,2026-05-07T09:42:32.716136Z
019e01d1-460e-0000-0000-28049fcb87f5,nora nwosu 2414,male,38,adult,UG,2026-05-07T09:42:32.718060Z
019e01d1-460f-0000-0000-63894add1e23,blessing quadri 2415,male,17,teenager,SN,2026-05-07T09:42:32.719648Z
019e01d1-4612-0000-0000-40040e12a9cd,dayo quadri 2417,male,44,adult,DE,2026-05-07T09:42:32.722859Z
019e01d1-4615-0000-0000-4086822b2393,ikenna traore 2418,male,68,senior,ET,2026-05-07T09:42:32.725243Z
019e01d1-4620-0000-0000-400873ff7c33,pita eze 2425,male,12,child,US,2026-05-07T09:42:32.736840Z
019e01d1-4625-0000-0000-8d6fae6cb381,ngozi idowu 2428,male,24,adult,SN,2026-05-07T09:42:32.741530Z
019e01d1-462a-0000-0000-f9496a9f467a,william kamara 2431,male,3,child,AU,2026-05-07T09:42:32.746454Z
019e01d1-462e-0000-0000-785eb2294f94,chidi quadri 2433,male,22,adult,US,2026-05-07T09:42:32.750209Z
019e01d1-4639-0000-0000-0ea578fed48a,lydia fashola 2440,male,81,senior,ET,2026-05-07T09:42:32.761898Z
019e01d1-463f-0000-0000-3ab6d5ff63d2,godwin salami 2443,male,17,teenager,US,2026-05-07T09:42:32.767042Z
019e01d1-4640-0000-0000-047223b2a737,onome ganiyu 2444,male,15,teenager,TZ,2026-05-07T09:42:32.768678Z
019e01d1-4642-0000-0000-f740538c1392,voke mba 2445,male,53,adult,AU,2026-05-07T09:42:32.770345Z
019e01d1-4645-0000-0000-a256bca6cf1b,kehinde chukwu 2447,male,65,senior,ZA,2026-05-07T09:42:32.773159Z
019e01d1-464b-0000-0000-4b3805e75e03,seun yusuf 2451,male,23,adult,CA,2026-05-07T09:42:32.779332Z
019e01d1-464c-0000-0000-37478be90074,esther mensah 2452,male,16,teenager,CA,2026-05-07T09:42:32.780731Z
019e01d1-4651-0000-0000-e4fff76e10ac,ngozi xavier 2455,male,19,teenager,DE,2026-05-07T09:42:32.785120Z
019e01d1-4655-0000-0000-cab3a29182f0,godwin adekunle 2458,male,63,senior,GH,2026-05-07T09:42:32.789556Z
019e01d1-465f-0000-0000-a59c5935914f,patience chukwu 2463,male,8,child,BR,2026-05-07T09:42:32.799048Z
019e01d1-4661-0000-0000-6fceeb48949b,uche xavier 2465,male,42,adult,DE,2026-05-07T09:42:32.801984Z
019e01d1-4665-0000-0000-bd82268943a6,blessing ogundele 2467,male,22,adult,GB,2026-05-07T09:42:32.805309Z
019e01d1-466f-0000-0000-44130e1471bf,godwin kamara 2473,male,1,child,TZ,2026-05-07T09:42:32.815684Z
019e01d1-4671-0000-0000-c51ae9cf4c1f,david ibrahim 2474,male,18,teenager,JP,2026-05-07T09:42:32.817281Z
019e01d1-4672-0000-0000-d65cb82a8913,kemi peters 2475,male,6,child,EG,2026-05-07T09:42:32.818747Z
019e01d1-4675-0000-0000-81dd5076a7d1,sola salami 2477,male,76,senior,BR,2026-05-07T09:42:32.821823Z
019e01d1-4677-0000-0000-0486f0f1c4eb,ngozi raji 2478,male,64,senior,ET,2026-05-07T09:42:32.823288Z
019e01d1-467f-0000-0000-730777f7c891,gbenga osei 2483,male,19,teenager,US,2026-05-07T09:42:32.831389Z
019e01d1-4680-0000-0000-05a78406dee1,rasheed kamara 2484,male,63,senior,ET,2026-05-07T09:42:32.832986Z
019e01d1-4685-0000-0000-7f9173331072,adaeze ibrahim 2487,male,78,senior,NG,2026-05-07T09:42:32.837228Z
019e01d1-4688-0000-0000-7b0162e6df9a,lola lawal 2489,male,15,teenager,ET,2026-05-07T09:42:32.840056Z
019e01d1-468d-0000-0000-dab20be98529,irene diallo 2493,male,47,adult,CN,2026-05-07T09:42:32.845738Z
019e01d1-4696-0000-0000-5841a1d719d3,qudus williams 2499,male,16,teenager,US,2026-05-07T09:42:32.854965Z
019e01d1-4698-0000-0000-2976bf941f0b,queen xavier 2500,male,28,adult,NG,2026-05-07T09:42:32.856408Z
019e01d1-469e-0000-0000-70bce8b8f12c,mercy traore 2504,male,40,adult,US,2026-05-07T09:42:32.862624Z
019e01d1-46a1-0000-0000-e12b20441123,tunde idowu 2506,male,41,adult,FR,2026-05-07T09:42:32.865529Z
019e01d1-46a7-0000-0000-d675b3d2e638,william ogundele 2509,male,82,senior,DE,2026-05-07T09:42:32.871405Z
019e01d1-46ab-0000-0000-8cb3c0c9c2f7,zainab bakare 2512,male,51,adult,BR,2026-05-07T09:42:32.875793Z
019e01d1-46ad-0000-0000-e230becebee5,yvonne fashola 2513,male,58,adult,IN,2026-05-07T09:42:32.877266Z
019e01d1-46b1-0000-0000-a2f7fae1aacd,henry taiwo 2516,male,2,child,CA,2026-05-07T09:42:32.881322Z
019e01d1-46b2-0000-0000-76a1e8b70b2f,richard hassan 2517,male,68,senior,NG,2026-05-07T09:42:32.882666Z
019e01d1-46b3-0000-0000-41598a41429f,victor bakare 2518,male,25,adult,CI,2026-05-07T09:42:32.884003Z
019e01d1-46b6-0000-0000-41005bd3bedf,yusuf lawal 2520,male,14,teenager,NG,2026-05-07T09:42:32.886924Z
019e01d1-46bf-0000-0000-68ae210bf675,yvonne peters 2526,male,5,child,UG,2026-05-07T09:42:32.895537Z
019e01d1-46c1-0000-0000-654a2ee80696,usman fashola 2527,male,11,child,TZ,2026-05-07T09:42:32.897059Z
019e01d1-46c2-0000-0000-97b9d7fd9363,yusuf mensah 2528,male,11,child,SN,2026-05-07T09:42:32.898463Z
019e01d1-46c3-0000-0000-3602083dfbd3,zara mensah 2529,male,59,adult,ET,2026-05-07T09:42:32.899938Z
019e01d1-46c6-0000-0000-bf2bdec50cc7,queen salami 2531,male,52,adult,UG,2026-05-07T09:42:32.902905Z
019e01d1-46ca-0000-0000-91a2c7621f6a,henry adekunle 2533,male,46,adult,CN,2026-05-07T09:42:32.906567Z
019e01d1-46cd-0000-0000-062e76d45bf3,amara adesanya 2535,male,15,teenager,CA,2026-05-07T09:42:32.909367Z
019e01d1-46ce-0000-0000-d85eb40ca508,xola chukwu 2536,male,74,senior,FR,2026-05-07T09:42:32.910830Z
019e01d1-46d0-0000-0000-bab77796ae56,xola yakubu 2537,male,80,senior,EG,2026-05-07T09:42:32.912139Z
019e01d1-46d4-0000-0000-c6cb4b308495,tunde salami 2540,male,76,senior,EG,2026-05-07T09:42:32.916553Z
019e01d1-46d8-0000-0000-20a87ab7506d,ximena dada 2542,male,22,adult,IN,2026-05-07T09:42:32.920208Z
019e01d1-46d9-0000-0000-c9d61944bcf1,emeka yakubu 2543,male,18,teenager,TZ,2026-05-07T09:42:32.921769Z
019e01d1-46db-0000-0000-8de83e4db189,babatunde yusuf 2544,male,17,teenager,ZA,2026-05-07T09:42:32.923421Z
019e01d1-46dd-0000-0000-f538a9cd010a,lola ibrahim 2545,male,85,senior,CA,2026-05-07T09:42:32.925594Z
019e01d1-46df-0000-0000-e6e548c928b7,kemi xavier 2546,male,25,adult,JP,2026-05-07T09:42:32.927916Z
019e01d1-46e4-0000-0000-31179eea5f5d,precious xavier 2549,male,49,adult,AU,2026-05-07T09:42:32.932905Z
019e01d1-46eb-0000-0000-9df25dfe4746,onome ganiyu 2553,male,19,teenager,US,2026-05-07T09:42:32.939897Z
019e01d1-46ee-0000-0000-14b0054b4449,lydia taiwo 2555,male,56,adult,IN,2026-05-07T09:42:32.942954Z
019e01d1-46f0-0000-0000-e00ef01b8557,vivian bakare 2556,male,63,senior,US,2026-05-07T09:42:32.944470Z
019e01d1-46fa-0000-0000-de86e68940a4,helen lawal 2562,male,43,adult,EG,2026-05-07T09:42:32.954473Z
019e01d1-46fc-0000-0000-d815fa0ea760,funmi salami 2563,male,33,adult,UG,2026-05-07T09:42:32.956235Z
019e01d1-46ff-0000-0000-ad5322a00bd9,xerxes idowu 2565,male,33,adult,CA,2026-05-07T09:42:32.959170Z
019e01d1-4700-0000-0000-f2b8aca2cee0,chiamaka quadri 2566,male,39,adult,TZ,2026-05-07T09:42:32.960675Z
019e01d1-4702-0000-0000-a3ef0dcfe030,ahmed salami 2567,male,78,senior,FR,2026-05-07T09:42:32.962170Z
019e01d1-4706-0000-0000-8c8df94fe0ec,henry nwosu 2570,male,11,child,TZ,2026-05-07T09:42:32.967009Z
019e01d1-470a-0000-0000-5eab8daa8ecb,udoka adekunle 2572,male,53,adult,CN,2026-05-07T09:42:32.970664Z
019e01d1-4711-0000-0000-372ca363410f,xola johnson 2576,male,52,adult,US,2026-05-07T09:42:32.977035Z
019e01d1-4714-0000-0000-a59593e723da,felix taiwo 2578,male,33,adult,FR,2026-05-07T09:42:32.980188Z
019e01d1-4718-0000-0000-fa498d405989,lola adekunle 2581,male,26,adult,UG,2026-05-07T09:42:32.984595Z
019e01d1-471f-0000-0000-afd699b918cf,yusuf fashola 2585,male,65,senior,BR,2026-05-07T09:42:32.991399Z
019e01d1-4720-0000-0000-1bc26ab1e673,victor kamara 2586,male,5,child,US,2026-05-07T09:42:32.992834Z
019e01d1-4722-0000-0000-baf049efa991,patience ganiyu 2587,male,20,adult,GH,2026-05-07T09:42:32.994340Z
019e01d1-4723-0000-0000-96b25bd6e8ee,toyin diallo 2588,male,78,senior,CI,2026-05-07T09:42:32.995691Z
019e01d1-4727-0000-0000-5d77f0579843,timothy nwosu 2590,male,50,adult,ZA,2026-05-07T09:42:32.999218Z
019e01d1-472b-0000-0000-b14f9eb104bd,tunde fashola 2593,male,57,adult,EG,2026-05-07T09:42:33.003544Z
019e01d1-472c-0000-0000-7b267cfc4c95,funmi fashola 2594,male,34,adult,ZA,2026-05-07T09:42:33.004972Z
019e01d1-472e-0000-0000-ad54ffa3d291,amara osei 2595,male,32,adult,GH,2026-05-07T09:42:33.006542Z
019e01d1-472f-0000-0000-78f5d9de1445,chidi mba 2596,male,22,adult,TZ,2026-05-07T09:42:33.007986Z
019e01d1-4731-0000-0000-437f8913a59a,ahmed vincent 2597,male,54,adult,GH,2026-05-07T09:42:33.009528Z
019e01d1-4732-0000-0000-a93bd9300a56,jide yusuf 2598,male,45,adult,DE,2026-05-07T09:42:33.010917Z
019e01d1-4737-0000-0000-40abf9c8c80d,ifeoma fashola 2601,male,19,teenager,AU,2026-05-07T09:42:33.015462Z
019e01d1-4739-0000-0000-0729642f1322,precious yakubu 2602,male,63,senior,IN,2026-05-07T09:42:33.017285Z
019e01d1-473a-0000-0000-94d25aa88ad2,victor osei 2603,male,31,adult,SN,2026-05-07T09:42:33.018729Z
019e01d1-473c-0000-0000-fd5eefc40a5c,onome kalu 2604,male,55,adult,SN,2026-05-07T09:42:33.020532Z
019e01d1-473f-0000-0000-01b568d363ce,susan quadri 2606,male,73,senior,NG,2026-05-07T09:42:33.023637Z
019e01d1-4741-0000-0000-e0f2c830d21e,pita usman 2607,male,54,adult,JP,2026-05-07T09:42:33.025141Z
019e01d1-4744-0000-0000-cf18ed655660,jide salami 2609,male,41,adult,CI,2026-05-07T09:42:33.028742Z
019e01d1-4749-0000-0000-d6c38652b7cc,chiamaka hassan 2612,male,35,adult,KE,2026-05-07T09:42:33.033616Z
019e01d1-474c-0000-0000-bf6c2e4aba98,patience ibrahim 2614,male,69,senior,NG,2026-05-07T09:42:33.036891Z
019e01d1-4752-0000-0000-b5f35875f308,efosa chukwu 2618,male,83,senior,JP,2026-05-07T09:42:33.042712Z
019e01d1-4758-0000-0000-0f6f38d5db94,grace eze 2621,male,34,adult,JP,2026-05-07T09:42:33.048454Z
019e01d1-4759-0000-0000-decff3635279,blessing traore 2622,male,25,adult,SN,2026-05-07T09:42:33.049871Z
019e01d1-475d-0000-0000-82bdfe9506ca,qudus mba 2624,male,14,teenager,BR,2026-05-07T09:42:33.053760Z
019e01d1-475f-0000-0000-563f1914b393,gbenga salami 2625,male,45,adult,BR,2026-05-07T09:42:33.055318Z
019e01d1-4762-0000-0000-c4a5c0eaadd6,nora traore 2627,male,32,adult,GH,2026-05-07T09:42:33.058559Z
019e01d1-4764-0000-0000-6c1c539f671b,helen mba 2628,male,56,adult,ET,2026-05-07T09:42:33.060229Z
019e01d1-4768-0000-0000-e1a676f8e5cf,moses osei 2631,male,48,adult,ET,2026-05-07T09:42:33.064597Z
019e01d1-476b-0000-0000-c0f09ca51080,pita adekunle 2633,male,83,senior,SN,2026-05-07T09:42:33.067859Z
019e01d1-476e-0000-0000-20d034befe92,nora lawal 2635,male,72,senior,SN,2026-05-07T09:42:33.070693Z
019e01d1-4770-0000-0000-800996dcebbb,william yakubu 2636,male,34,adult,NG,2026-05-07T09:42:33.072444Z
019e01d1-4771-0000-0000-14dfe1980efc,sola salami 2637,male,21,adult,GB,2026-05-07T09:42:33.073935Z
019e01d1-4773-0000-0000-2c448b1a3767,lydia fashola 2638,male,35,adult,KE,2026-05-07T09:42:33.075333Z
019e01d1-4777-0000-0000-297c1b074d27,patience xavier 2641,male,74,senior,UG,2026-05-07T09:42:33.079673Z
019e01d1-477b-0000-0000-95904c206b54,sola idowu 2644,male,44,adult,US,2026-05-07T09:42:33.083805Z
019e01d1-477f-0000-0000-f856ce7d3453,onome salami 2646,male,84,senior,AU,2026-05-07T09:42:33.087037Z
019e01d1-4780-0000-0000-f31211a318d2,wunmi musa 2647,male,35,adult,BR,2026-05-07T09:42:33.088843Z
019e01d1-4782-0000-0000-88414539b18c,wale mensah 2648,male,66,senior,AU,2026-05-07T09:42:33.090390Z
019e01d1-4783-0000-0000-0720496fa844,ximena vincent 2649,male,67,senior,EG,2026-05-07T09:42:33.091852Z
019e01d1-4785-0000-0000-a4eab2978e7f,emeka eze 2650,male,57,adult,ZA,2026-05-07T09:42:33.093384Z
019e01d1-4786-0000-0000-18f01d08eac7,kunle kamara 2651,male,71,senior,FR,2026-05-07T09:42:33.094852Z
019e01d1-478f-0000-0000-dd02642e8bfb,wale idowu 2656,male,23,adult,CI,2026-05-07T09:42:33.103249Z
019e01d1-4790-0000-0000-c70a0ae58911,yvonne mensah 2657,male,70,senior,KE,2026-05-07T09:42:33.104678Z
019e01d1-4795-0000-0000-2283805e27a1,onome ibrahim 2660,male,18,teenager,CI,2026-05-07T09:42:33.110008Z
019e01d1-4797-0000-0000-6c1c07870e02,james ogundele 2661,male,51,adult,SN,2026-05-07T09:42:33.111478Z
019e01d1-4798-0000-0000-5b3c431fbd0d,cynthia kamara 2662,male,23,adult,BR,2026-05-07T09:42:33.112873Z
019e01d1-47a2-0000-0000-56c95c7fcc4f,cynthia usman 2668,male,54,adult,TZ,2026-05-07T09:42:33.122547Z
019e01d1-47a3-0000-0000-41d55c307145,mercy kalu 2669,male,63,senior,BR,2026-05-07T09:42:33.123937Z
019e01d1-47ac-0000-0000-f6c82c5e54bc,amara traore 2674,male,15,teenager,GH,2026-05-07T09:42:33.132240Z
019e01d1-47ae-0000-0000-673165942317,onome nwosu 2675,male,56,adult,FR,2026-05-07T09:42:33.134120Z
019e01d1-47b1-0000-0000-dd6c09edfa05,richard quadri 2677,male,35,adult,GB,2026-05-07T09:42:33.137226Z
019e01d1-47b2-0000-0000-1413ca43976a,adaeze ogundele 2678,male,71,senior,FR,2026-05-07T09:42:33.138899Z
019e01d1-47b4-0000-0000-b6a06876af13,emeka peters 2679,male,77,senior,CA,2026-05-07T09:42:33.140246Z
019e01d1-47b6-0000-0000-79b76b01bdb4,xola ganiyu 2680,male,70,senior,FR,2026-05-07T09:42:33.142026Z
019e01d1-47b9-0000-0000-c00bd511d389,uche dada 2682,male,69,senior,ET,2026-05-07T09:42:33.145216Z
019e01d1-47bc-0000-0000-faa6140d5996,victor usman 2684,male,83,senior,GB,2026-05-07T09:42:33.148361Z
019e01d1-47bd-0000-0000-e9695d5a63c7,dayo taiwo 2685,male,52,adult,BR,2026-05-07T09:42:33.149919Z
019e01d1-47c0-0000-0000-07beb3907eb0,godwin adekunle 2687,male,10,child,CI,2026-05-07T09:42:33.152885Z
019e01d1-47c2-0000-0000-86c38eae930f,remi eze 2688,male,13,teenager,GB,2026-05-07T09:42:33.154453Z
019e01d1-47c3-0000-0000-c37317401316,ahmed dada 2689,male,14,teenager,CA,2026-05-07T09:42:33.155998Z
019e01d1-47d3-0000-0000-72f01b9cfd3b,mercy peters 2699,male,6,child,CI,2026-05-07T09:42:33.171540Z
019e01d1-47d5-0000-0000-dd4c4c197be5,helen nwosu 2700,male,16,teenager,FR,2026-05-07T09:42:33.173170Z
019e01d1-47de-0000-0000-3a0f15a262b0,hauwa lawal 2706,male,21,adult,FR,2026-05-07T09:42:33.182314Z
019e01d1-47e3-0000-0000-49d933efea00,lola nwosu 2709,male,72,senior,IN,2026-05-07T09:42:33.187150Z
019e01d1-47e7-0000-0000-f937fb883e47,esther usman 2712,male,78,senior,CN,2026-05-07T09:42:33.191775Z
019e01d1-47e9-0000-0000-01d77c1bf459,adaeze adekunle 2713,male,39,adult,KE,2026-05-07T09:42:33.193172Z
019e01d1-47ec-0000-0000-f82bb43d81d0,helen usman 2715,male,81,senior,EG,2026-05-07T09:42:33.196037Z
019e01d1-47ed-0000-0000-9ea7089b75d4,zainab nwosu 2716,male,65,senior,CA,2026-05-07T09:42:33.197426Z
019e01d1-47f2-0000-0000-ae4946c893a8,usman dada 2719,male,58,adult,DE,2026-05-07T09:42:33.202386Z
019e01d1-47f3-0000-0000-b722ef6885dd,lola williams 2720,male,8,child,TZ,2026-05-07T09:42:33.203833Z
019e01d1-47f6-0000-0000-9d6454e8e088,jide williams 2722,male,41,adult,FR,2026-05-07T09:42:33.206709Z
019e01d1-47f8-0000-0000-11e61dedb7ad,amara okonkwo 2723,male,83,senior,GH,2026-05-07T09:42:33.208305Z
019e01d1-47f9-0000-0000-c12c5b9d0b60,voke quadri 2724,male,34,adult,CI,2026-05-07T09:42:33.209736Z
019e01d1-47fb-0000-0000-1f365a6301eb,vivian adekunle 2725,male,32,adult,US,2026-05-07T09:42:33.211182Z
019e01d1-47ff-0000-0000-5f856a6e8842,queen williams 2728,male,75,senior,AU,2026-05-07T09:42:33.215643Z
019e01d1-4801-0000-0000-95586d48df96,yvonne kalu 2729,male,10,child,CI,2026-05-07T09:42:33.217236Z
019e01d1-4804-0000-0000-eee6024b9b52,wale kamara 2731,male,3,child,ET,2026-05-07T09:42:33.220051Z
019e01d1-4805-0000-0000-0d0b3d052a8c,yvonne yusuf 2732,male,62,senior,IN,2026-05-07T09:42:33.221522Z
019e01d1-4807-0000-0000-8d90d1faf014,cynthia yusuf 2733,male,80,senior,UG,2026-05-07T09:42:33.223593Z
019e01d1-4809-0000-0000-df91874513a2,chidi usman 2734,male,72,senior,EG,2026-05-07T09:42:33.225460Z
019e01d1-4810-0000-0000-506b4b61e19e,sola osei 2738,male,39,adult,KE,2026-05-07T09:42:33.232378Z
019e01d1-4815-0000-0000-32b47b52c6e4,hauwa eze 2741,male,81,senior,JP,2026-05-07T09:42:33.237120Z
019e01d1-481b-0000-0000-a3688a80bb4b,blessing peters 2745,male,10,child,GB,2026-05-07T09:42:33.243290Z
019e01d1-481c-0000-0000-edd9eab05965,kunle okonkwo 2746,male,29,adult,IN,2026-05-07T09:42:33.244848Z
019e01d1-4824-0000-0000-2c2cc1466836,qudus yakubu 2751,male,65,senior,ET,2026-05-07T09:42:33.252479Z
019e01d1-4827-0000-0000-0d8abc7408ea,pita ogundele 2753,male,61,senior,CA,2026-05-07T09:42:33.255833Z
019e01d1-482e-0000-0000-f4958cd9ba9d,grace peters 2756,male,37,adult,BR,2026-05-07T09:42:33.262219Z
019e01d1-4831-0000-0000-9d5ad1a1c41c,yvonne nwosu 2758,male,51,adult,CA,2026-05-07T09:42:33.265133Z
019e01d1-4835-0000-0000-62438d26abe0,gbenga diallo 2761,male,17,teenager,CA,2026-05-07T09:42:33.269705Z
019e01d1-4836-0000-0000-361bb4f6685b,irene musa 2762,male,50,adult,CI,2026-05-07T09:42:33.270997Z
019e01d1-4838-0000-0000-2efadde8df6d,efosa osei 2763,male,73,senior,JP,2026-05-07T09:42:33.272390Z
019e01d1-4839-0000-0000-261a3a295eab,ximena adesanya 2764,male,16,teenager,FR,2026-05-07T09:42:33.273854Z
019e01d1-483b-0000-0000-057d0c4f2afd,bolu usman 2765,male,62,senior,IN,2026-05-07T09:42:33.275375Z
019e01d1-483c-0000-0000-3716ca4fce47,wale kamara 2766,male,70,senior,CN,2026-05-07T09:42:33.277024Z
019e01d1-4840-0000-0000-bba3bfd95850,cynthia traore 2768,male,58,adult,DE,2026-05-07T09:42:33.280137Z
019e01d1-4841-0000-0000-58bf159dff75,dimma ogundele 2769,male,11,child,CI,2026-05-07T09:42:33.281812Z
019e01d1-4844-0000-0000-1a67ef87be1f,onome adekunle 2771,male,48,adult,ET,2026-05-07T09:42:33.284961Z
019e01d1-4847-0000-0000-d563f449a774,zara eze 2773,male,58,adult,ZA,2026-05-07T09:42:33.288011Z
019e01d1-4849-0000-0000-c8bba30ce056,adaeze mba 2774,male,14,teenager,GB,2026-05-07T09:42:33.289400Z
019e01d1-484a-0000-0000-89dad3220b0e,xerxes peters 2775,male,20,adult,TZ,2026-05-07T09:42:33.290844Z
019e01d1-484e-0000-0000-cebf86bf9da3,zainab okonkwo 2777,male,64,senior,BR,2026-05-07T09:42:33.294503Z
019e01d1-484f-0000-0000-b1fe69b39efa,godwin fashola 2778,male,8,child,TZ,2026-05-07T09:42:33.295914Z
019e01d1-4851-0000-0000-efa03e73b051,qudus xavier 2779,male,10,child,BR,2026-05-07T09:42:33.297484Z
019e01d1-4856-0000-0000-195741b7215f,dimma eze 2782,male,54,adult,IN,2026-05-07T09:42:33.302167Z
019e01d1-4857-0000-0000-e8f800af6e3f,jumoke ganiyu 2783,male,40,adult,CN,2026-05-07T09:42:33.303758Z
019e01d1-4859-0000-0000-504977d54e72,ikenna peters 2784,male,16,teenager,EG,2026-05-07T09:42:33.305307Z
019e01d1-485b-0000-0000-9640eca1eb76,babatunde hassan 2785,male,6,child,NG,2026-05-07T09:42:33.307151Z
019e01d1-485c-0000-0000-8b3c64eea6d1,chidi idowu 2786,male,23,adult,TZ,2026-05-07T09:42:33.308548Z
019e01d1-485d-0000-0000-441e9cd9605d,dayo raji 2787,male,81,senior,IN,2026-05-07T09:42:33.309979Z
019e01d1-4862-0000-0000-af4e5ea31956,kemi idowu 2790,male,3,child,NG,2026-05-07T09:42:33.314685Z
019e01d1-4864-0000-0000-246039ee4602,david vincent 2791,male,11,child,DE,2026-05-07T09:42:33.316234Z
019e01d1-4865-0000-0000-c3e50c1edfb7,timothy lawal 2792,male,60,senior,SN,2026-05-07T09:42:33.317667Z
019e01d1-4868-0000-0000-2a410a5d433d,felix mba 2794,male,82,senior,NG,2026-05-07T09:42:33.320669Z
019e01d1-486c-0000-0000-3323e2c463f1,ifeoma williams 2797,male,23,adult,CI,2026-05-07T09:42:33.324950Z
019e01d1-4870-0000-0000-2b79c515108a,jide adesanya 2799,male,55,adult,GB,2026-05-07T09:42:33.328344Z
019e01d1-4873-0000-0000-052d6164dec0,usman dada 2801,male,13,teenager,CA,2026-05-07T09:42:33.331244Z
019e01d1-4879-0000-0000-91ec978814e3,udoka osei 2805,male,9,child,CA,2026-05-07T09:42:33.337327Z
019e01d1-487a-0000-0000-efb764e7c5c8,obiora musa 2806,male,56,adult,BR,2026-05-07T09:42:33.338791Z
019e01d1-487f-0000-0000-e51d380dfb0c,hauwa bakare 2809,male,53,adult,JP,2026-05-07T09:42:33.343591Z
019e01d1-4881-0000-0000-80edaa5593ca,mercy adekunle 2810,male,3,child,NG,2026-05-07T09:42:33.345060Z
019e01d1-4882-0000-0000-18ac90b6e46b,chidi lawal 2811,male,13,teenager,US,2026-05-07T09:42:33.346577Z
019e01d1-4883-0000-0000-d72096bbb2db,uche fashola 2812,male,23,adult,UG,2026-05-07T09:42:33.348011Z
019e01d1-4885-0000-0000-cc094ad50bd1,cynthia vincent 2813,male,48,adult,US,2026-05-07T09:42:33.349446Z
019e01d1-488e-0000-0000-9bbe64625f48,godwin ganiyu 2819,male,12,child,IN,2026-05-07T09:42:33.358765Z
019e01d1-4890-0000-0000-53b9f425a6e1,felix dada 2820,male,56,adult,US,2026-05-07T09:42:33.360521Z
019e01d1-4893-0000-0000-f3e66667ba26,william adesanya 2822,male,18,teenager,BR,2026-05-07T09:42:33.363545Z
019e01d1-4898-0000-0000-1fccfea645c3,nora mensah 2825,male,63,senior,US,2026-05-07T09:42:33.368815Z
019e01d1-489a-0000-0000-702d78cfdd66,onome traore 2826,male,6,child,CI,2026-05-07T09:42:33.370393Z
019e01d1-489b-0000-0000-0b5cbecba6e1,james dada 2827,male,61,senior,CN,2026-05-07T09:42:33.371906Z
019e01d1-48a0-0000-0000-d97ffa56cf1f,jide traore 2830,male,12,child,FR,2026-05-07T09:42:33.376477Z
019e01d1-48a5-0000-0000-3a8ea211074f,mercy usman 2833,male,27,adult,EG,2026-05-07T09:42:33.381061Z
019e01d1-48a6-0000-0000-161399763be0,gbenga usman 2834,male,38,adult,AU,2026-05-07T09:42:33.382532Z
019e01d1-48a8-0000-0000-7d37ab797ea4,zara johnson 2835,male,3,child,US,2026-05-07T09:42:33.384023Z
019e01d1-48a9-0000-0000-9673e4787ef2,babatunde johnson 2836,male,62,senior,IN,2026-05-07T09:42:33.385430Z
019e01d1-48ac-0000-0000-692279a149a5,onome yakubu 2838,male,48,adult,DE,2026-05-07T09:42:33.388507Z
019e01d1-48ae-0000-0000-85e49aeef8d6,ximena kamara 2839,male,33,adult,AU,2026-05-07T09:42:33.390164Z
019e01d1-48af-0000-0000-0c45e6b954b4,uche diallo 2840,male,54,adult,EG,2026-05-07T09:42:33.391614Z
019e01d1-48b1-0000-0000-b5e7bdabd02f,uche xavier 2841,male,40,adult,NG,2026-05-07T09:42:33.393055Z
019e01d1-48b2-0000-0000-29555bdeed63,zara williams 2842,male,53,adult,CN,2026-05-07T09:42:33.394555Z
019e01d1-48b5-0000-0000-7e39d2bbb6d2,lawal ibrahim 2844,male,29,adult,KE,2026-05-07T09:42:33.397321Z
019e01d1-48b6-0000-0000-54d7292a6b6f,ikenna xavier 2845,male,78,senior,FR,2026-05-07T09:42:33.398812Z
019e01d1-48b8-0000-0000-54a0dea79b15,timothy williams 2846,male,11,child,JP,2026-05-07T09:42:33.400268Z
019e01d1-48bd-0000-0000-d0cfb3f33773,moses nwosu 2848,male,37,adult,DE,2026-05-07T09:42:33.405451Z
019e01d1-48c1-0000-0000-86161afbbae9,amara kamara 2850,male,69,senior,TZ,2026-05-07T09:42:33.409075Z
019e01d1-48c2-0000-0000-3f19f9f4f49a,usman bakare 2851,male,27,adult,GB,2026-05-07T09:42:33.410635Z
019e01d1-48c4-0000-0000-3c4f71dce254,yusuf nwosu 2852,male,61,senior,BR,2026-05-07T09:42:33.412156Z
019e01d1-48cb-0000-0000-a7842f9e2c15,ifeoma eze 2856,male,39,adult,KE,2026-05-07T09:42:33.419750Z
019e01d1-48cd-0000-0000-27d6ba2b72df,chiamaka williams 2857,male,17,teenager,JP,2026-05-07T09:42:33.421258Z
019e01d1-48d3-0000-0000-8e1d07ad02b7,seun bakare 2861,male,59,adult,CI,2026-05-07T09:42:33.427528Z
019e01d1-48d6-0000-0000-a7eb352e5c8f,william mba 2863,male,9,child,SN,2026-05-07T09:42:33.430643Z
019e01d1-48d8-0000-0000-6681a6c44948,hauwa peters 2864,male,53,adult,GH,2026-05-07T09:42:33.432512Z
019e01d1-48da-0000-0000-6ab92f722e0c,grace adekunle 2865,male,54,adult,JP,2026-05-07T09:42:33.434159Z
019e01d1-48db-0000-0000-64d8c968e9f9,adaeze ganiyu 2866,male,52,adult,SN,2026-05-07T09:42:33.435834Z
019e01d1-48dd-0000-0000-a2e86ce88410,chidi osei 2867,male,11,child,SN,2026-05-07T09:42:33.437325Z
019e01d1-48de-0000-0000-8f34ac412f29,rasheed johnson 2868,male,13,teenager,IN,2026-05-07T09:42:33.438661Z
019e01d1-48df-0000-0000-7afa816ec536,onome osei 2869,male,13,teenager,SN,2026-05-07T09:42:33.439989Z
019e01d1-48e1-0000-0000-0dfdda4eb12a,irene usman 2870,male,42,adult,JP,2026-05-07T09:42:33.441374Z
019e01d1-48e2-0000-0000-0642f8b6971b,jumoke kalu 2871,male,24,adult,SN,2026-05-07T09:42:33.442798Z
019e01d1-48e4-0000-0000-3ed02817e88e,xerxes hassan 2872,male,60,senior,CN,2026-05-07T09:42:33.444259Z
019e01d1-48e5-0000-0000-6d74b7eed1ed,cynthia eze 2873,male,45,adult,JP,2026-05-07T09:42:33.445671Z
019e01d1-48e7-0000-0000-fc3490469863,wunmi yakubu 2874,male,27,adult,GB,2026-05-07T09:42:33.447253Z
019e01d1-48e8-0000-0000-5a578ca6a22d,amara peters 2875,male,22,adult,FR,2026-05-07T09:42:33.448601Z
019e01d1-48e9-0000-0000-ad943405234e,zara osei 2876,male,71,senior,NG,2026-05-07T09:42:33.449980Z
019e01d1-48ee-0000-0000-e2e286a04ea1,jumoke quadri 2879,male,65,senior,KE,2026-05-07T09:42:33.454425Z
019e01d1-48f0-0000-0000-871a3c20ebf2,ifeoma dada 2880,male,7,child,CI,2026-05-07T09:42:33.456025Z
019e01d1-48f1-0000-0000-e1df5bbaa489,moses williams 2881,male,18,teenager,CI,2026-05-07T09:42:33.457492Z
019e01d1-48f3-0000-0000-15d69e5d6b8f,richard johnson 2882,male,63,senior,JP,2026-05-07T09:42:33.459156Z
019e01d1-48f9-0000-0000-36918340e4cb,chiamaka ibrahim 2886,male,32,adult,ET,2026-05-07T09:42:33.465106Z
019e01d1-48fa-0000-0000-f4014e7e2400,grace vincent 2887,male,51,adult,ET,2026-05-07T09:42:33.466934Z
019e01d1-48ff-0000-0000-79d065c4ff5b,patience peters 2890,male,26,adult,BR,2026-05-07T09:42:33.471410Z
019e01d1-4902-0000-0000-56f151747aa0,blessing yakubu 2892,male,59,adult,US,2026-05-07T09:42:33.474246Z
019e01d1-4907-0000-0000-fe90501d679f,emeka peters 2895,male,7,child,KE,2026-05-07T09:42:33.480011Z
019e01d1-490b-0000-0000-dd8326df813c,ahmed okonkwo 2897,male,68,senior,NG,2026-05-07T09:42:33.483337Z
019e01d1-4910-0000-0000-1bba7fdd5ade,kehinde usman 2900,male,45,adult,JP,2026-05-07T09:42:33.488305Z
019e01d1-4913-0000-0000-af33fcd95d7c,musa ibrahim 2902,male,34,adult,CN,2026-05-07T09:42:33.491770Z
019e01d1-4916-0000-0000-64caa23551dd,wale xavier 2904,male,56,adult,CA,2026-05-07T09:42:33.494951Z
019e01d1-4918-0000-0000-2d7d0412e8fe,emeka dada 2905,male,63,senior,EG,2026-05-07T09:42:33.496398Z
019e01d1-4919-0000-0000-2e088318776c,jide usman 2906,male,8,child,TZ,2026-05-07T09:42:33.497857Z
019e01d1-491e-0000-0000-1614034f0b37,efosa idowu 2909,male,6,child,TZ,2026-05-07T09:42:33.502595Z
019e01d1-4923-0000-0000-5f00829b04b1,udoka raji 2912,male,64,senior,JP,2026-05-07T09:42:33.507220Z
019e01d1-492d-0000-0000-2ddc38fd1aaf,cynthia musa 2919,male,12,child,GH,2026-05-07T09:42:33.517820Z
019e01d1-4931-0000-0000-11bd59388432,hauwa ogundele 2921,male,78,senior,FR,2026-05-07T09:42:33.521093Z
019e01d1-4932-0000-0000-1f5aef35bbb6,babatunde okonkwo 2922,male,58,adult,EG,2026-05-07T09:42:33.522869Z
019e01d1-4934-0000-0000-d9d84cc45a52,kehinde mba 2923,male,60,senior,CI,2026-05-07T09:42:33.524464Z
019e01d1-4936-0000-0000-a94cc8300952,godwin eze 2924,male,56,adult,TZ,2026-05-07T09:42:33.526260Z
019e01d1-493a-0000-0000-33eeab41093e,usman kamara 2927,male,5,child,JP,2026-05-07T09:42:33.530927Z
019e01d1-493c-0000-0000-ff3d8b463b68,david idowu 2928,male,41,adult,IN,2026-05-07T09:42:33.532336Z
019e01d1-493f-0000-0000-eaef1195da4e,james adekunle 2930,male,21,adult,JP,2026-05-07T09:42:33.535364Z
019e01d1-4940-0000-0000-132f466c7b00,nkem lawal 2931,male,9,child,US,2026-05-07T09:42:33.536785Z
019e01d1-494b-0000-0000-04d26da1c614,lola mba 2938,male,47,adult,BR,2026-05-07T09:42:33.547154Z
019e01d1-494c-0000-0000-a8c0d4587ea6,jide hassan 2939,male,80,senior,FR,2026-05-07T09:42:33.548790Z
019e01d1-494f-0000-0000-a4a6f86ac215,zainab kamara 2941,male,20,adult,EG,2026-05-07T09:42:33.551829Z
019e01d1-4957-0000-0000-4e81a819ec57,kunle lawal 2946,male,77,senior,DE,2026-05-07T09:42:33.559491Z
019e01d1-495a-0000-0000-a6399ecc1e16,godwin adekunle 2948,male,36,adult,US,2026-05-07T09:42:33.562590Z
019e01d1-495b-0000-0000-aabf7bc08641,amara idowu 2949,male,4,child,TZ,2026-05-07T09:42:33.563937Z
019e01d1-495d-0000-0000-264467943b38,william chukwu 2950,male,69,senior,IN,2026-05-07T09:42:33.565387Z
019e01d1-495e-0000-0000-9332e3309778,pita nwosu 2951,male,76,senior,DE,2026-05-07T09:42:33.566869Z
019e01d1-4960-0000-0000-064584f045eb,grace diallo 2952,male,39,adult,DE,2026-05-07T09:42:33.568393Z
019e01d1-4961-0000-0000-4f1068a90ed6,obiora chukwu 2953,male,82,senior,IN,2026-05-07T09:42:33.569801Z
019e01d1-4964-0000-0000-f9da495a2584,moses yusuf 2955,male,51,adult,US,2026-05-07T09:42:33.572503Z
019e01d1-4968-0000-0000-e4b73bdadf0c,vivian williams 2958,male,69,senior,DE,2026-05-07T09:42:33.576946Z
019e01d1-496a-0000-0000-a08f9c8a47c4,precious adesanya 2959,male,69,senior,DE,2026-05-07T09:42:33.578392Z
019e01d1-496e-0000-0000-9eef030ca4a2,godwin ogundele 2962,male,2,child,GB,2026-05-07T09:42:33.582494Z
019e01d1-496f-0000-0000-bc7f7d90125c,jide dada 2963,male,44,adult,CA,2026-05-07T09:42:33.584010Z
019e01d1-4975-0000-0000-2831f085a9d8,kunle nwosu 2967,male,33,adult,EG,2026-05-07T09:42:33.589649Z
019e01d1-4977-0000-0000-07ecd148f04d,yemi ganiyu 2968,male,74,senior,AU,2026-05-07T09:42:33.591323Z
019e01d1-497b-0000-0000-e65d2f2d7968,seun musa 2971,male,81,senior,CI,2026-05-07T09:42:33.595897Z
019e01d1-498b-0000-0000-e2f9ea07ba70,lola peters 2982,male,1,child,SN,2026-05-07T09:42:33.611346Z
019e01d1-498e-0000-0000-3cdfea3358c9,ola bakare 2984,male,26,adult,CA,2026-05-07T09:42:33.614495Z
019e01d1-4990-0000-0000-b5103f874184,ikenna vincent 2985,male,35,adult,EG,2026-05-07T09:42:33.616310Z
019e01d1-4996-0000-0000-d3d00a00d729,patience peters 2989,male,71,senior,NG,2026-05-07T09:42:33.622487Z
019e01d1-4999-0000-0000-9dfe06379c7e,kehinde ganiyu 2991,male,73,senior,GH,2026-05-07T09:42:33.625665Z
019e01d1-499c-0000-0000-d0d29ca88294,toyin kalu 2993,male,47,adult,EG,2026-05-07T09:42:33.628479Z
019e01d1-499d-0000-0000-f5cc9f808243,zainab kalu 2994,male,58,adult,BR,2026-05-07T09:42:33.630011Z
019e01d1-499f-0000-0000-a3d5f41530c7,david quadri 2995,male,37,adult,ET,2026-05-07T09:42:33.631452Z
019e01d1-49a3-0000-0000-236204ca78d9,yemi mba 2998,male,47,adult,NG,2026-05-07T09:42:33.635578Z
019e01d1-49a6-0000-0000-6018a69c3294,funmi yusuf 3000,male,68,senior,ET,2026-05-07T09:42:33.638374Z
019e01d1-49e0-0000-0000-0f9382575422,lawal eze 3001,male,23,adult,BR,2026-05-07T09:42:33.696579Z
019e01d1-49e2-0000-0000-320c320db3d4,hauwa johnson 3002,male,42,adult,US,2026-05-07T09:42:33.698312Z
019e01d1-49e3-0000-0000-174705e8ce45,ola yusuf 3003,male,37,adult,NG,2026-05-07T09:42:33.699773Z
019e01d1-49e5-0000-0000-3766779f9036,obiora raji 3004,male,24,adult,NG,2026-05-07T09:42:33.701168Z
019e01d1-49e6-0000-0000-95c5dfd3518a,voke ibrahim 3005,male,70,senior,KE,2026-05-07T09:42:33.702680Z
019e01d1-49ec-0000-0000-f875189ce79c,david lawal 3009,male,49,adult,BR,2026-05-07T09:42:33.708951Z
019e01d1-49ee-0000-0000-50b8aefbf35e,udoka adekunle 3010,male,51,adult,UG,2026-05-07T09:42:33.710382Z
019e01d1-49ef-0000-0000-4067579eec98,ximena quadri 3011,male,46,adult,CN,2026-05-07T09:42:33.711809Z
019e01d1-49f9-0000-0000-e60dd1fd1f62,patience yakubu 3016,male,63,senior,BR,2026-05-07T09:42:33.721098Z
019e01d1-49fb-0000-0000-48a30336b3f4,mercy adesanya 3017,male,58,adult,CI,2026-05-07T09:42:33.723923Z
019e01d1-49fe-0000-0000-4b76fa669b0a,wale williams 3018,male,71,senior,BR,2026-05-07T09:42:33.726162Z
019e01d1-4a03-0000-0000-b658ede68c30,dayo yusuf 3021,male,74,senior,BR,2026-05-07T09:42:33.731331Z
019e01d1-4a07-0000-0000-fc26f92537cd,helen yusuf 3024,male,19,teenager,UG,2026-05-07T09:42:33.735862Z
019e01d1-4a0e-0000-0000-34581c7269d5,kemi taiwo 3028,male,75,senior,GH,2026-05-07T09:42:33.742026Z
019e01d1-4a0f-0000-0000-e2c96da5d310,tunde mensah 3029,male,57,adult,US,2026-05-07T09:42:33.743415Z
019e01d1-4a11-0000-0000-b50ce702da5e,grace mba 3030,male,5,child,GH,2026-05-07T09:42:33.745048Z
019e01d1-4a1a-0000-0000-7cb01913538a,ximena musa 3036,male,85,senior,JP,2026-05-07T09:42:33.754268Z
019e01d1-4a1b-0000-0000-10f90cf8df78,helen ogundele 3037,male,44,adult,JP,2026-05-07T09:42:33.755711Z
019e01d1-4a24-0000-0000-5c2101d78115,efosa chukwu 3043,male,47,adult,NG,2026-05-07T09:42:33.764367Z
019e01d1-4a2b-0000-0000-a4c09a15d590,godwin fashola 3048,male,4,child,KE,2026-05-07T09:42:33.771560Z
019e01d1-4a2f-0000-0000-9ec6928a92b9,precious johnson 3051,male,13,teenager,IN,2026-05-07T09:42:33.775918Z
019e01d1-4a31-0000-0000-d090091a4d2e,yvonne musa 3052,male,69,senior,CI,2026-05-07T09:42:33.777428Z
019e01d1-4a32-0000-0000-0d39398c3b20,jide okonkwo 3053,male,5,child,SN,2026-05-07T09:42:33.778897Z
019e01d1-4a36-0000-0000-b392acee0770,obiora salami 3055,male,54,adult,ET,2026-05-07T09:42:33.782303Z
019e01d1-4a3a-0000-0000-9d99d790711d,wunmi kamara 3058,male,76,senior,UG,2026-05-07T09:42:33.786852Z
019e01d1-4a3d-0000-0000-3f09ace68d59,zara dada 3060,male,21,adult,AU,2026-05-07T09:42:33.789788Z
019e01d1-4a3f-0000-0000-8c576f72613e,cynthia chukwu 3061,male,82,senior,GB,2026-05-07T09:42:33.791248Z
019e01d1-4a40-0000-0000-14b9902b4fbe,richard vincent 3062,male,43,adult,CA,2026-05-07T09:42:33.792665Z
019e01d1-4a43-0000-0000-4749324d1d37,xerxes vincent 3064,male,25,adult,ET,2026-05-07T09:42:33.795573Z
019e01d1-4a44-0000-0000-7c45996f6520,seun xavier 3065,male,83,senior,SN,2026-05-07T09:42:33.796997Z
019e01d1-4a48-0000-0000-f1309392650c,emeka yakubu 3067,male,46,adult,JP,2026-05-07T09:42:33.800313Z
019e01d1-4a4a-0000-0000-ebd57f4516c2,kemi quadri 3068,male,79,senior,TZ,2026-05-07T09:42:33.802192Z
019e01d1-4a4b-0000-0000-1f900eb24460,seun johnson 3069,male,15,teenager,NG,2026-05-07T09:42:33.803709Z
019e01d1-4a4d-0000-0000-c3f6f824feb7,musa nwosu 3070,male,36,adult,CA,2026-05-07T09:42:33.805037Z
019e01d1-4a50-0000-0000-ed41b6e64c34,timothy chukwu 3072,male,52,adult,ZA,2026-05-07T09:42:33.808085Z
019e01d1-4a52-0000-0000-012db0661847,ifeoma adesanya 3074,male,56,adult,GH,2026-05-07T09:42:33.810933Z
019e01d1-4a57-0000-0000-4d8e7eb71799,queen peters 3077,male,63,senior,CA,2026-05-07T09:42:33.815767Z
019e01d1-4a59-0000-0000-0fb889c310d5,zara williams 3078,male,54,adult,GH,2026-05-07T09:42:33.817205Z
019e01d1-4a5e-0000-0000-ebd27560186d,yusuf ganiyu 3082,male,70,senior,GH,2026-05-07T09:42:33.822723Z
019e01d1-4a5f-0000-0000-d15fdeb028c1,patience idowu 3083,male,14,teenager,NG,2026-05-07T09:42:33.824004Z
019e01d1-4a61-0000-0000-f0280f9b0c7c,chidi ganiyu 3084,male,33,adult,EG,2026-05-07T09:42:33.825319Z
019e01d1-4a62-0000-0000-a38134ec4241,usman peters 3085,male,16,teenager,JP,2026-05-07T09:42:33.826735Z
019e01d1-4a75-0000-0000-ff46ecc9bcbe,esther bakare 3098,male,8,child,FR,2026-05-07T09:42:33.845083Z
019e01d1-4a78-0000-0000-281a294aca08,chiamaka ogundele 3100,male,7,child,US,2026-05-07T09:42:33.848371Z
019e01d1-4a7e-0000-0000-4e5a9f04cd7f,musa williams 3104,male,37,adult,TZ,2026-05-07T09:42:33.854288Z
019e01d1-4a7f-0000-0000-8b78cec42f97,emeka kalu 3105,male,3,child,IN,2026-05-07T09:42:33.855805Z
019e01d1-4a84-0000-0000-f28c8870755e,richard usman 3108,male,50,adult,CI,2026-05-07T09:42:33.860294Z
019e01d1-4a8a-0000-0000-d83bb8c7b170,remi taiwo 3112,male,15,teenager,EG,2026-05-07T09:42:33.866332Z
019e01d1-4a8e-0000-0000-f200af126ef7,timothy bakare 3115,male,29,adult,CA,2026-05-07T09:42:33.870678Z
019e01d1-4a8f-0000-0000-a0f363f94cb6,yemi adekunle 3116,male,76,senior,CA,2026-05-07T09:42:33.872019Z
019e01d1-4a9e-0000-0000-6d58a06bf196,musa kamara 3126,male,12,child,UG,2026-05-07T09:42:33.886698Z
019e01d1-4aa6-0000-0000-89395d1f65dc,lydia musa 3130,male,52,adult,ZA,2026-05-07T09:42:33.894838Z
019e01d1-4aa8-0000-0000-5fea38d0f5bd,dayo diallo 3131,male,41,adult,EG,2026-05-07T09:42:33.896216Z
019e01d1-4aac-0000-0000-650864e1353e,wale quadri 3133,male,54,adult,GH,2026-05-07T09:42:33.900453Z
019e01d1-4ab0-0000-0000-f3f51fc538fe,udoka traore 3136,male,6,child,GH,2026-05-07T09:42:33.904588Z
019e01d1-4ab3-0000-0000-684ddedac89c,gbenga quadri 3137,male,7,child,UG,2026-05-07T09:42:33.907891Z
019e01d1-4ab6-0000-0000-86a5bb3b6729,bolu hassan 3138,male,68,senior,US,2026-05-07T09:42:33.910370Z
019e01d1-4abb-0000-0000-94e201d5f866,obiora nwosu 3140,male,14,teenager,CI,2026-05-07T09:42:33.915223Z
019e01d1-4ac3-0000-0000-363457ef76a8,dayo usman 3144,male,19,teenager,UG,2026-05-07T09:42:33.923719Z
019e01d1-4ac8-0000-0000-3f86733fcf8d,chiamaka dada 3147,male,10,child,GB,2026-05-07T09:42:33.928092Z
019e01d1-4acc-0000-0000-2ed72e87d1e0,usman osei 3150,male,53,adult,EG,2026-05-07T09:42:33.932487Z
019e01d1-4acf-0000-0000-36e9732c65b2,godwin ganiyu 3152,male,26,adult,ZA,2026-05-07T09:42:33.935717Z
019e01d1-4ad1-0000-0000-d20c0ad78b77,precious vincent 3153,male,29,adult,TZ,2026-05-07T09:42:33.937211Z
019e01d1-4ad2-0000-0000-1dbe847011bd,ola ganiyu 3154,male,72,senior,CI,2026-05-07T09:42:33.938757Z
019e01d1-4ad5-0000-0000-15d4dc4f8148,uche ibrahim 3156,male,47,adult,TZ,2026-05-07T09:42:33.941454Z
019e01d1-4ad8-0000-0000-c94944264b9b,remi dada 3158,male,28,adult,BR,2026-05-07T09:42:33.944041Z
019e01d1-4ada-0000-0000-80a3f298487a,zainab mba 3160,male,54,adult,AU,2026-05-07T09:42:33.946752Z
019e01d1-4adc-0000-0000-52a23fd50b58,musa chukwu 3161,male,42,adult,EG,2026-05-07T09:42:33.948212Z
019e01d1-4ade-0000-0000-a8d496805141,moses diallo 3163,male,59,adult,ET,2026-05-07T09:42:33.950973Z
019e01d1-4ae6-0000-0000-a82a536e01c3,vivian kamara 3168,male,22,adult,ZA,2026-05-07T09:42:33.958629Z
019e01d1-4aec-0000-0000-1808bbbdcf0d,richard vincent 3172,male,43,adult,IN,2026-05-07T09:42:33.964515Z
019e01d1-4af2-0000-0000-15b892b96f9e,dimma adekunle 3176,male,62,senior,US,2026-05-07T09:42:33.970120Z
019e01d1-4af3-0000-0000-fc7e3e296e8a,esther fashola 3177,male,33,adult,SN,2026-05-07T09:42:33.971632Z
019e01d1-4af6-0000-0000-776ed84c91b1,patience lawal 3179,male,68,senior,CN,2026-05-07T09:42:33.974639Z
019e01d1-4af7-0000-0000-013d61dd8a6f,gbenga osei 3180,male,22,adult,NG,2026-05-07T09:42:33.975992Z
019e01d1-4afc-0000-0000-80892fb79b79,vivian bakare 3183,male,24,adult,SN,2026-05-07T09:42:33.980480Z
019e01d1-4aff-0000-0000-2b4d0a490be9,zara peters 3185,male,75,senior,TZ,2026-05-07T09:42:33.983420Z
019e01d1-4b00-0000-0000-9e7b44759eaa,victor usman 3186,male,22,adult,GB,2026-05-07T09:42:33.984779Z
019e01d1-4b07-0000-0000-c2dc3909cc0c,onome traore 3191,male,63,senior,NG,2026-05-07T09:42:33.991910Z
019e01d1-4b09-0000-0000-584fe4a152e4,mercy chukwu 3192,male,6,child,ZA,2026-05-07T09:42:33.993463Z
019e01d1-4b0b-0000-0000-0de4f0ff0e73,blessing kamara 3193,male,15,teenager,GB,2026-05-07T09:42:33.995122Z
019e01d1-4b0f-0000-0000-a8f7446cffb2,cynthia hassan 3196,male,39,adult,TZ,2026-05-07T09:42:33.999570Z
019e01d1-4b14-0000-0000-6fe8fd1295e9,rasheed bakare 3199,male,39,adult,GB,2026-05-07T09:42:34.004027Z
019e01d1-4b17-0000-0000-511268f0be95,ifeoma yusuf 3200,male,84,senior,FR,2026-05-07T09:42:34.007143Z
019e01d1-4b19-0000-0000-57e8e44f007a,godwin musa 3201,male,43,adult,IN,2026-05-07T09:42:34.009238Z
019e01d1-4b1a-0000-0000-521def3f6bea,queen musa 3202,male,81,senior,SN,2026-05-07T09:42:34.010835Z
019e01d1-4b1f-0000-0000-8d2e85de4258,kemi okonkwo 3205,male,49,adult,GB,2026-05-07T09:42:34.015662Z
019e01d1-4b23-0000-0000-fbe9c3c6f518,seun hassan 3208,male,43,adult,NG,2026-05-07T09:42:34.020006Z
019e01d1-4b25-0000-0000-347942137ce1,zainab idowu 3209,male,72,senior,GB,2026-05-07T09:42:34.021668Z
019e01d1-4b28-0000-0000-db7dea55dca7,zara traore 3211,male,9,child,JP,2026-05-07T09:42:34.024643Z
019e01d1-4b2c-0000-0000-d681f9f5d94f,susan nwosu 3213,male,70,senior,IN,2026-05-07T09:42:34.028298Z
019e01d1-4b34-0000-0000-13fe2aaff0cc,voke dada 3217,male,11,child,JP,2026-05-07T09:42:34.036976Z
019e01d1-4b3b-0000-0000-62c08244ecea,lydia diallo 3221,male,48,adult,IN,2026-05-07T09:42:34.043140Z
019e01d1-4b41-0000-0000-993a541954cb,yusuf raji 3225,male,37,adult,TZ,2026-05-07T09:42:34.049448Z
019e01d1-4b43-0000-0000-f03cffef58a9,zainab osei 3226,male,51,adult,JP,2026-05-07T09:42:34.051428Z
019e01d1-4b44-0000-0000-479d1ff65f25,folake traore 3227,male,82,senior,KE,2026-05-07T09:42:34.052998Z
019e01d1-4b47-0000-0000-6c65dd1ecd61,grace bakare 3229,male,8,child,US,2026-05-07T09:42:34.055955Z
019e01d1-4b49-0000-0000-13c1e0275042,ifeoma idowu 3230,male,17,teenager,US,2026-05-07T09:42:34.057536Z
019e01d1-4b4b-0000-0000-194230545174,jumoke vincent 3231,male,9,child,GH,2026-05-07T09:42:34.059866Z
019e01d1-4b4d-0000-0000-52afc58580b1,udoka xavier 3232,male,22,adult,ET,2026-05-07T09:42:34.061391Z
019e01d1-4b4e-0000-0000-e1a0c626309c,ahmed bakare 3233,male,42,adult,GH,2026-05-07T09:42:34.062896Z
019e01d1-4b50-0000-0000-5083b69c4c5b,babatunde bakare 3234,male,77,senior,GB,2026-05-07T09:42:34.064292Z
019e01d1-4b53-0000-0000-c3bc0ed4e0a2,toyin idowu 3236,male,30,adult,EG,2026-05-07T09:42:34.067193Z
019e01d1-4b56-0000-0000-7f23dbe94400,seun salami 3238,male,65,senior,TZ,2026-05-07T09:42:34.070190Z
019e01d1-4b57-0000-0000-d70864cb037d,remi mba 3239,male,72,senior,DE,2026-05-07T09:42:34.071730Z
019e01d1-4b59-0000-0000-288b336077d3,adaeze usman 3240,male,59,adult,AU,2026-05-07T09:42:34.073136Z
019e01d1-4b5f-0000-0000-0c139cd978ce,ifeoma traore 3244,male,10,child,TZ,2026-05-07T09:42:34.079571Z
019e01d1-4b61-0000-0000-960619f9e086,dimma bakare 3245,male,42,adult,SN,2026-05-07T09:42:34.081158Z
019e01d1-4b67-0000-0000-0b11489bb1f4,chidi raji 3249,male,20,adult,BR,2026-05-07T09:42:34.087051Z
019e01d1-4b6c-0000-0000-616b54d2201d,david dada 3253,male,50,adult,KE,2026-05-07T09:42:34.092496Z
019e01d1-4b6d-0000-0000-65c4fb791685,obiora salami 3254,male,79,senior,FR,2026-05-07T09:42:34.093862Z
019e01d1-4b70-0000-0000-28a49a165ae4,rasheed lawal 3256,male,65,senior,CN,2026-05-07T09:42:34.096958Z
019e01d1-4b73-0000-0000-014e507dcdc9,amara mensah 3258,male,22,adult,CA,2026-05-07T09:42:34.099853Z
019e01d1-4b7b-0000-0000-5f315a536aed,kemi vincent 3263,male,61,senior,UG,2026-05-07T09:42:34.107105Z
019e01d1-4b7d-0000-0000-22796c7a07cb,precious bakare 3265,male,21,adult,GH,2026-05-07T09:42:34.110004Z
019e01d1-4b84-0000-0000-865c73d2bb4c,vivian nwosu 3269,male,17,teenager,TZ,2026-05-07T09:42:34.116482Z
019e01d1-4b87-0000-0000-c9dc2190ad21,dimma lawal 3271,male,79,senior,SN,2026-05-07T09:42:34.119983Z
019e01d1-4b89-0000-0000-efd02455b7dd,ifeoma dada 3272,male,15,teenager,UG,2026-05-07T09:42:34.121507Z
019e01d1-4b8d-0000-0000-2acb13b504cc,folake yakubu 3275,male,33,adult,IN,2026-05-07T09:42:34.125720Z
019e01d1-4b8f-0000-0000-547b49d7bede,xerxes traore 3276,male,71,senior,ZA,2026-05-07T09:42:34.127106Z
019e01d1-4b90-0000-0000-ddae2c889186,felix usman 3277,male,38,adult,IN,2026-05-07T09:42:34.128614Z
019e01d1-4b91-0000-0000-b13dfecda422,adaeze fashola 3278,male,52,adult,EG,2026-05-07T09:42:34.129988Z
019e01d1-4b93-0000-0000-f1ae44159903,victor eze 3279,male,1,child,IN,2026-05-07T09:42:34.131351Z
019e01d1-4b99-0000-0000-fb723785b17b,remi vincent 3283,male,28,adult,IN,2026-05-07T09:42:34.137466Z
019e01d1-4b9b-0000-0000-011dcacb155b,obiora okonkwo 3284,male,65,senior,GB,2026-05-07T09:42:34.139125Z
019e01d1-4b9d-0000-0000-5228c89c3057,precious peters 3286,male,79,senior,NG,2026-05-07T09:42:34.142021Z
019e01d1-4b9f-0000-0000-9cc9da7f5a8e,precious dada 3287,male,1,child,CI,2026-05-07T09:42:34.143468Z
019e01d1-4ba5-0000-0000-f4e4bcdfd196,victor quadri 3291,male,45,adult,EG,2026-05-07T09:42:34.149432Z
019e01d1-4ba6-0000-0000-2b126dfbbc6a,dimma okonkwo 3292,male,13,teenager,AU,2026-05-07T09:42:34.150759Z
019e01d1-4ba9-0000-0000-8c198db71c53,godwin usman 3294,male,68,senior,JP,2026-05-07T09:42:34.153529Z
019e01d1-4bac-0000-0000-e5ec4dba698e,mercy vincent 3296,male,3,child,TZ,2026-05-07T09:42:34.156256Z
019e01d1-4bad-0000-0000-329ea48a46c8,dayo xavier 3297,male,29,adult,KE,2026-05-07T09:42:34.157705Z
019e01d1-4bb2-0000-0000-6befaf0ae7c6,queen fashola 3300,male,3,child,KE,2026-05-07T09:42:34.162207Z
019e01d1-4bb3-0000-0000-a8c455f60c82,gbenga mensah 3301,male,72,senior,TZ,2026-05-07T09:42:34.163802Z
019e01d1-4bb5-0000-0000-0523b0714a70,nora mensah 3302,male,55,adult,JP,2026-05-07T09:42:34.165140Z
019e01d1-4bb6-0000-0000-1cd9dfb87c0a,funmi vincent 3303,male,74,senior,UG,2026-05-07T09:42:34.166686Z
019e01d1-4bbd-0000-0000-7315360da6cd,uche yakubu 3307,male,13,teenager,UG,2026-05-07T09:42:34.173331Z
019e01d1-4bbe-0000-0000-a228b7056d1d,ximena xavier 3308,male,15,teenager,US,2026-05-07T09:42:34.174769Z
019e01d1-4bc0-0000-0000-4807f5df0ade,queen kamara 3309,male,51,adult,NG,2026-05-07T09:42:34.176130Z
019e01d1-4bc4-0000-0000-7f752ae251cb,chiamaka vincent 3312,male,21,adult,UG,2026-05-07T09:42:34.180772Z
019e01d1-4bc6-0000-0000-7d9f5451b8f3,lawal adekunle 3313,male,75,senior,BR,2026-05-07T09:42:34.182134Z
019e01d1-4bca-0000-0000-2422363f22e5,adaeze kamara 3316,male,48,adult,US,2026-05-07T09:42:34.186645Z
019e01d1-4bcd-0000-0000-a77cd9591808,yvonne kamara 3318,male,82,senior,NG,2026-05-07T09:42:34.189619Z
019e01d1-4bd0-0000-0000-f4e6b1182514,usman mensah 3320,male,38,adult,GB,2026-05-07T09:42:34.192536Z
019e01d1-4bdc-0000-0000-a2639fcefecf,kehinde salami 3328,male,8,child,EG,2026-05-07T09:42:34.204277Z
019e01d1-4bdf-0000-0000-2c24356832f9,hauwa bakare 3330,male,10,child,SN,2026-05-07T09:42:34.207457Z
019e01d1-4be1-0000-0000-beebbd87904a,obiora quadri 3331,male,33,adult,IN,2026-05-07T09:42:34.209105Z
019e01d1-4be2-0000-0000-4ab07fecc271,ngozi fashola 3332,male,44,adult,ET,2026-05-07T09:42:34.210562Z
019e01d1-4be5-0000-0000-490655f32c0e,yvonne yusuf 3334,male,45,adult,ZA,2026-05-07T09:42:34.213427Z
019e01d1-4be7-0000-0000-3757c56abec9,henry eze 3335,male,45,adult,GH,2026-05-07T09:42:34.215098Z
019e01d1-4be9-0000-0000-4ff6ed8a93de,voke musa 3336,male,47,adult,ZA,2026-05-07T09:42:34.217191Z
019e01d1-4bec-0000-0000-15f4286ad2f6,chidi taiwo 3338,male,44,adult,IN,2026-05-07T09:42:34.220410Z
019e01d1-4bed-0000-0000-f1a6e12702ae,richard raji 3339,male,22,adult,FR,2026-05-07T09:42:34.221885Z
019e01d1-4bef-0000-0000-2502bc1bedd0,ximena diallo 3340,male,65,senior,FR,2026-05-07T09:42:34.223312Z
019e01d1-4bf0-0000-0000-5c85b80ea783,mercy mensah 3341,male,31,adult,NG,2026-05-07T09:42:34.224670Z
019e01d1-4bf5-0000-0000-de5371bfc9da,toyin diallo 3344,male,74,senior,FR,2026-05-07T09:42:34.229904Z
019e01d1-4bfc-0000-0000-a98231e81928,james yakubu 3348,male,61,senior,BR,2026-05-07T09:42:34.236034Z
019e01d1-4bfd-0000-0000-17cfc578109c,remi hassan 3349,male,56,adult,DE,2026-05-07T09:42:34.237460Z
019e01d1-4bfe-0000-0000-d70ea6eebb30,gbenga mba 3350,male,72,senior,CI,2026-05-07T09:42:34.238920Z
019e01d1-4c01-0000-0000-73fcf9f31e1e,toyin okonkwo 3352,male,51,adult,ET,2026-05-07T09:42:34.241929Z
019e01d1-4c03-0000-0000-72612cb1c4f9,precious chukwu 3353,male,71,senior,CI,2026-05-07T09:42:34.243356Z
019e01d1-4c08-0000-0000-349c1814b693,sola musa 3356,male,45,adult,IN,2026-05-07T09:42:34.248112Z
019e01d1-4c0f-0000-0000-318eba3075f7,adaeze lawal 3361,male,18,teenager,GH,2026-05-07T09:42:34.255929Z
019e01d1-4c11-0000-0000-6eba9e1dc2dd,ngozi dada 3362,male,49,adult,NG,2026-05-07T09:42:34.257333Z
019e01d1-4c12-0000-0000-adf4f3c7bf13,nora ganiyu 3363,male,28,adult,CI,2026-05-07T09:42:34.258797Z
019e01d1-4c14-0000-0000-fb662fb19590,emeka ganiyu 3364,male,66,senior,KE,2026-05-07T09:42:34.260286Z
019e01d1-4c15-0000-0000-9358f6110e06,patience adesanya 3365,male,72,senior,GB,2026-05-07T09:42:34.261831Z
019e01d1-4c18-0000-0000-f401e65b9436,ifeoma adesanya 3367,male,80,senior,FR,2026-05-07T09:42:34.264719Z
019e01d1-4c1d-0000-0000-19eb50940640,ahmed raji 3370,male,54,adult,KE,2026-05-07T09:42:34.269406Z
019e01d1-4c24-0000-0000-79bbd978f591,wunmi kalu 3375,male,59,adult,SN,2026-05-07T09:42:34.276918Z
019e01d1-4c26-0000-0000-2adf89279aea,henry idowu 3376,male,57,adult,ZA,2026-05-07T09:42:34.278496Z
019e01d1-4c27-0000-0000-bf4031708c89,ximena osei 3377,male,31,adult,TZ,2026-05-07T09:42:34.279888Z
019e01d1-4c2c-0000-0000-d350079c6166,blessing traore 3380,male,33,adult,US,2026-05-07T09:42:34.284126Z
019e01d1-4c30-0000-0000-bbb37f976a8d,richard williams 3382,male,43,adult,FR,2026-05-07T09:42:34.288040Z
019e01d1-4c32-0000-0000-a83bc794490d,yvonne dada 3383,male,85,senior,CN,2026-05-07T09:42:34.290492Z
019e01d1-4c35-0000-0000-b5e1c3870f40,tunde bakare 3385,male,36,adult,JP,2026-05-07T09:42:34.293455Z
019e01d1-4c36-0000-0000-8c6810ee0230,david chukwu 3386,male,50,adult,GH,2026-05-07T09:42:34.294795Z
019e01d1-4c38-0000-0000-7ee77c8c3dee,godwin usman 3387,male,63,senior,GB,2026-05-07T09:42:34.296174Z
019e01d1-4c39-0000-0000-65b93aa405ff,precious mensah 3388,male,49,adult,KE,2026-05-07T09:42:34.297644Z
019e01d1-4c3c-0000-0000-99028cda7458,wale adesanya 3390,male,34,adult,CN,2026-05-07T09:42:34.300352Z
019e01d1-4c3d-0000-0000-91e86aab3eb1,godwin vincent 3391,male,10,child,SN,2026-05-07T09:42:34.301636Z
019e01d1-4c3f-0000-0000-f86756f28657,lawal nwosu 3392,male,29,adult,SN,2026-05-07T09:42:34.303316Z
019e01d1-4c41-0000-0000-86609621f9e4,jide musa 3394,male,66,senior,DE,2026-05-07T09:42:34.305979Z
019e01d1-4c45-0000-0000-cc0d47ce387c,nkem xavier 3396,male,52,adult,BR,2026-05-07T09:42:34.309107Z
019e01d1-4c46-0000-0000-869b2ea6b44a,nora idowu 3397,male,63,senior,EG,2026-05-07T09:42:34.310566Z
019e01d1-4c49-0000-0000-47b06d930735,timothy dada 3399,male,75,senior,SN,2026-05-07T09:42:34.313498Z
019e01d1-4c4b-0000-0000-c469682a5cf9,susan kalu 3400,male,81,senior,ZA,2026-05-07T09:42:34.315102Z
019e01d1-4c4e-0000-0000-06f93697b0ca,remi quadri 3402,male,5,child,UG,2026-05-07T09:42:34.318549Z
019e01d1-4c4f-0000-0000-5384c54fa0cb,uche quadri 3403,male,67,senior,US,2026-05-07T09:42:34.319861Z
019e01d1-4c51-0000-0000-e0eb9624b854,kehinde taiwo 3404,male,74,senior,DE,2026-05-07T09:42:34.321195Z
019e01d1-4c59-0000-0000-a33b8e7af487,wunmi taiwo 3410,male,41,adult,SN,2026-05-07T09:42:34.329880Z
019e01d1-4c5c-0000-0000-ea6807944a03,kemi taiwo 3412,male,49,adult,IN,2026-05-07T09:42:34.332829Z
019e01d1-4c60-0000-0000-697263ce768f,amara traore 3415,male,81,senior,DE,2026-05-07T09:42:34.336990Z
019e01d1-4c62-0000-0000-31c726ead6a5,moses ibrahim 3416,male,48,adult,FR,2026-05-07T09:42:34.338652Z
019e01d1-4c65-0000-0000-abba9d51d8e1,richard lawal 3418,male,62,senior,AU,2026-05-07T09:42:34.341498Z
019e01d1-4c6e-0000-0000-bd3a20be451f,mercy eze 3424,male,24,adult,IN,2026-05-07T09:42:34.350287Z
019e01d1-4c6f-0000-0000-783b4ddcd513,ahmed yusuf 3425,male,46,adult,TZ,2026-05-07T09:42:34.351705Z
019e01d1-4c71-0000-0000-29a6357eeeb3,ahmed kalu 3426,male,10,child,SN,2026-05-07T09:42:34.353098Z
019e01d1-4c72-0000-0000-84cee05136ff,folake osei 3427,male,8,child,BR,2026-05-07T09:42:34.354419Z
019e01d1-4c76-0000-0000-3a2824096a6b,kunle idowu 3430,male,62,senior,SN,2026-05-07T09:42:34.358437Z
019e01d1-4c77-0000-0000-97b44a07452e,qudus kalu 3431,male,14,teenager,FR,2026-05-07T09:42:34.359932Z
019e01d1-4c7c-0000-0000-17ecb9568248,susan xavier 3434,male,14,teenager,FR,2026-05-07T09:42:34.364864Z
019e01d1-4c7e-0000-0000-c7fd6868dc99,lola mensah 3435,male,59,adult,IN,2026-05-07T09:42:34.366664Z
019e01d1-4c80-0000-0000-cdb1de798dbf,onome adesanya 3436,male,54,adult,AU,2026-05-07T09:42:34.368186Z
019e01d1-4c81-0000-0000-37942aa8f089,cynthia hassan 3437,male,32,adult,TZ,2026-05-07T09:42:34.369568Z
019e01d1-4c82-0000-0000-76e11605f68a,victor adekunle 3438,male,13,teenager,CN,2026-05-07T09:42:34.371021Z
019e01d1-4c85-0000-0000-2af298f68e8f,seun diallo 3440,male,18,teenager,NG,2026-05-07T09:42:34.373919Z
019e01d1-4c87-0000-0000-3b74257b71a9,cynthia adekunle 3441,male,20,adult,EG,2026-05-07T09:42:34.375365Z
019e01d1-4c88-0000-0000-61d8e538cc72,david kamara 3442,male,30,adult,BR,2026-05-07T09:42:34.376879Z
019e01d1-4c8d-0000-0000-d41a4be51a02,amara osei 3445,male,44,adult,BR,2026-05-07T09:42:34.381083Z
019e01d1-4c92-0000-0000-8af9bed46f64,onome musa 3449,male,6,child,GH,2026-05-07T09:42:34.386547Z
019e01d1-4c93-0000-0000-d0bc4a39c664,chiamaka musa 3450,male,33,adult,CN,2026-05-07T09:42:34.388005Z
019e01d1-4c95-0000-0000-6a056146417a,xerxes adekunle 3451,male,6,child,CI,2026-05-07T09:42:34.389499Z
019e01d1-4c97-0000-0000-9bb91cbf1c92,ximena raji 3452,male,49,adult,JP,2026-05-07T09:42:34.391292Z
019e01d1-4c9a-0000-0000-8e131cda38fc,yemi chukwu 3454,male,17,teenager,CI,2026-05-07T09:42:34.394228Z
019e01d1-4c9e-0000-0000-784a4b12cd7e,mercy ganiyu 3457,male,51,adult,CA,2026-05-07T09:42:34.398700Z
019e01d1-4ca6-0000-0000-27dc39a57263,obiora bakare 3462,male,69,senior,ZA,2026-05-07T09:42:34.406266Z
019e01d1-4cab-0000-0000-94f2c034152c,dayo fashola 3465,male,32,adult,ZA,2026-05-07T09:42:34.411214Z
019e01d1-4cae-0000-0000-18921d85b858,onome mba 3467,male,58,adult,JP,2026-05-07T09:42:34.414071Z
019e01d1-4cb2-0000-0000-2b2ee7f5fa43,yvonne mba 3470,male,26,adult,CA,2026-05-07T09:42:34.418793Z
019e01d1-4cb8-0000-0000-0b386ef93400,wale ganiyu 3474,male,50,adult,CN,2026-05-07T09:42:34.424327Z
019e01d1-4cba-0000-0000-66ebf71f6a5a,helen raji 3476,male,9,child,UG,2026-05-07T09:42:34.426994Z
019e01d1-4cbc-0000-0000-03ccdf378304,uche kalu 3477,male,44,adult,US,2026-05-07T09:42:34.428343Z
019e01d1-4cbd-0000-0000-c6e438826ed2,grace idowu 3478,male,64,senior,UG,2026-05-07T09:42:34.429677Z
019e01d1-4cbf-0000-0000-b84cef4e9408,mercy eze 3479,male,44,adult,TZ,2026-05-07T09:42:34.431125Z
019e01d1-4cc0-0000-0000-884761c80988,cynthia bakare 3480,male,39,adult,DE,2026-05-07T09:42:34.432847Z
019e01d1-4cc6-0000-0000-7afceab65aa0,yemi ganiyu 3484,male,25,adult,JP,2026-05-07T09:42:34.438754Z
019e01d1-4cca-0000-0000-efa21bf86d62,ifeoma hassan 3486,male,63,senior,BR,2026-05-07T09:42:34.442392Z
019e01d1-4ccb-0000-0000-b203c2fb890b,chiamaka ganiyu 3487,male,38,adult,CN,2026-05-07T09:42:34.443924Z
019e01d1-4ccd-0000-0000-cdbe00f9e4a7,emeka idowu 3488,male,14,teenager,GB,2026-05-07T09:42:34.445367Z
019e01d1-4cd0-0000-0000-3e6be0559ff3,nora kamara 3490,male,34,adult,SN,2026-05-07T09:42:34.448565Z
019e01d1-4cd2-0000-0000-d14edf121be5,xerxes musa 3491,male,76,senior,GH,2026-05-07T09:42:34.450472Z
019e01d1-4cd7-0000-0000-6f231a6fe83d,susan hassan 3494,male,69,senior,CA,2026-05-07T09:42:34.455669Z
019e01d1-4cd9-0000-0000-1635b9a73ee9,babatunde taiwo 3495,male,23,adult,JP,2026-05-07T09:42:34.457108Z
019e01d1-4cda-0000-0000-089e4b45cb0f,toyin osei 3496,male,2,child,CN,2026-05-07T09:42:34.458727Z
019e01d1-4cdc-0000-0000-2df02e3c7221,adaeze mensah 3497,male,77,senior,FR,2026-05-07T09:42:34.460097Z
019e01d1-4cdd-0000-0000-a664e7948143,uche mensah 3498,male,61,senior,GH,2026-05-07T09:42:34.461620Z
019e01d1-4ce0-0000-0000-a5dbe1e125a9,qudus nwosu 3500,male,69,senior,DE,2026-05-07T09:42:34.464767Z
019e01d1-4ce4-0000-0000-9d38f8ee3f04,folake yakubu 3502,male,50,adult,BR,2026-05-07T09:42:34.468180Z
019e01d1-4ce5-0000-0000-f341a082c457,ngozi okonkwo 3503,male,76,senior,BR,2026-05-07T09:42:34.469949Z
019e01d1-4ce7-0000-0000-ed79afb9e3ea,ifeoma eze 3504,male,4,child,CA,2026-05-07T09:42:34.471784Z
019e01d1-4ce9-0000-0000-dca91a7ba95f,obiora johnson 3505,male,28,adult,GH,2026-05-07T09:42:34.473715Z
019e01d1-4cee-0000-0000-92c2a9c3e62e,rasheed fashola 3507,male,83,senior,CA,2026-05-07T09:42:34.478804Z
019e01d1-4cf4-0000-0000-8d2f015ba34f,emeka adesanya 3511,male,67,senior,CN,2026-05-07T09:42:34.484475Z
019e01d1-4cf5-0000-0000-81d88f4b46a7,moses fashola 3512,male,79,senior,IN,2026-05-07T09:42:34.485895Z
019e01d1-4cfb-0000-0000-16d2684a3070,toyin williams 3515,male,38,adult,SN,2026-05-07T09:42:34.491257Z
019e01d1-4cfc-0000-0000-42e0a8cf1d45,chiamaka lawal 3516,male,8,child,SN,2026-05-07T09:42:34.492695Z
019e01d1-4cfe-0000-0000-75ab8b0f3dda,moses ogundele 3517,male,31,adult,AU,2026-05-07T09:42:34.494346Z
019e01d1-4d02-0000-0000-cc1873b5b4ff,jumoke lawal 3520,male,74,senior,CN,2026-05-07T09:42:34.498840Z
019e01d1-4d04-0000-0000-9baada899a99,folake traore 3521,male,51,adult,SN,2026-05-07T09:42:34.500204Z
019e01d1-4d05-0000-0000-f6032c7ef73e,patience raji 3522,male,64,senior,FR,2026-05-07T09:42:34.501590Z
019e01d1-4d08-0000-0000-f9cb14ee84fa,chidi adesanya 3524,male,34,adult,SN,2026-05-07T09:42:34.504504Z
019e01d1-4d0a-0000-0000-ddd351233214,richard raji 3525,male,38,adult,CI,2026-05-07T09:42:34.506517Z
019e01d1-4d12-0000-0000-832ada306186,yemi ogundele 3530,male,71,senior,CI,2026-05-07T09:42:34.514837Z
019e01d1-4d18-0000-0000-109ad4b38023,onome dada 3534,male,39,adult,ET,2026-05-07T09:42:34.520866Z
019e01d1-4d1a-0000-0000-c436d11e34f6,uche bakare 3535,male,68,senior,CN,2026-05-07T09:42:34.522698Z
019e01d1-4d1c-0000-0000-b0cf1112fbfe,emeka adesanya 3536,male,45,adult,FR,2026-05-07T09:42:34.524493Z
019e01d1-4d1d-0000-0000-9e6677036317,james johnson 3537,male,81,senior,NG,2026-05-07T09:42:34.525956Z
019e01d1-4d20-0000-0000-330c0e206a10,lydia lawal 3538,male,57,adult,SN,2026-05-07T09:42:34.528166Z
019e01d1-4d21-0000-0000-d8792ef47498,funmi yusuf 3539,male,47,adult,TZ,2026-05-07T09:42:34.529776Z
019e01d1-4d25-0000-0000-25c42c4d3ea1,seun adekunle 3541,male,70,senior,UG,2026-05-07T09:42:34.533097Z
019e01d1-4d28-0000-0000-3073485614c8,ifeoma ibrahim 3543,male,34,adult,AU,2026-05-07T09:42:34.536294Z
019e01d1-4d2c-0000-0000-922a274fd1ac,remi johnson 3545,male,58,adult,NG,2026-05-07T09:42:34.540311Z
019e01d1-4d2d-0000-0000-4a23196b7db7,qudus ibrahim 3546,male,61,senior,US,2026-05-07T09:42:34.541666Z
019e01d1-4d31-0000-0000-42c6857a34bf,chiamaka salami 3549,male,51,adult,TZ,2026-05-07T09:42:34.545870Z
019e01d1-4d33-0000-0000-2d4972d3901f,toyin quadri 3550,male,12,child,BR,2026-05-07T09:42:34.547314Z
019e01d1-4d36-0000-0000-bd0ed668ff39,queen taiwo 3552,male,27,adult,NG,2026-05-07T09:42:34.550235Z
019e01d1-4d37-0000-0000-bf44a17bb354,felix adesanya 3553,male,45,adult,UG,2026-05-07T09:42:34.551787Z
019e01d1-4d39-0000-0000-3d5c9f6215ed,precious ibrahim 3554,male,59,adult,ET,2026-05-07T09:42:34.553293Z
019e01d1-4d3f-0000-0000-114430df3331,toyin okonkwo 3558,male,46,adult,AU,2026-05-07T09:42:34.559036Z
019e01d1-4d42-0000-0000-ca2197b35922,richard mba 3560,male,8,child,SN,2026-05-07T09:42:34.562106Z
019e01d1-4d43-0000-0000-c792c581215a,grace yusuf 3561,male,2,child,ET,2026-05-07T09:42:34.563493Z
019e01d1-4d46-0000-0000-768f4cd1ca49,grace hassan 3563,male,53,adult,DE,2026-05-07T09:42:34.566521Z
019e01d1-4d4a-0000-0000-d3664e9913c6,irene adekunle 3566,male,36,adult,EG,2026-05-07T09:42:34.570633Z
019e01d1-4d4b-0000-0000-11f508c65751,voke chukwu 3567,male,35,adult,AU,2026-05-07T09:42:34.571988Z
019e01d1-4d4d-0000-0000-69b4a9c57066,zainab johnson 3568,male,64,senior,NG,2026-05-07T09:42:34.573639Z
019e01d1-4d4f-0000-0000-db8024d7f309,voke bakare 3569,male,80,senior,SN,2026-05-07T09:42:34.575050Z
019e01d1-4d50-0000-0000-575ee4446f33,voke mba 3570,male,76,senior,BR,2026-05-07T09:42:34.576517Z
019e01d1-4d51-0000-0000-01706552bc04,chiamaka quadri 3571,male,3,child,CI,2026-05-07T09:42:34.577965Z
019e01d1-4d53-0000-0000-09d2ad1ec1d2,mercy eze 3572,male,83,senior,CI,2026-05-07T09:42:34.579399Z
019e01d1-4d57-0000-0000-ef369b7a3b47,timothy salami 3575,male,9,child,US,2026-05-07T09:42:34.583563Z
019e01d1-4d5a-0000-0000-4f6b9abe4f4e,zainab usman 3577,male,26,adult,NG,2026-05-07T09:42:34.586392Z
019e01d1-4d5c-0000-0000-e2f66118dd29,james yakubu 3578,male,31,adult,DE,2026-05-07T09:42:34.588089Z
019e01d1-4d5d-0000-0000-0def599040a5,ngozi kalu 3579,male,10,child,AU,2026-05-07T09:42:34.589357Z
019e01d1-4d61-0000-0000-baa395ef5ee5,yusuf kalu 3582,male,52,adult,TZ,2026-05-07T09:42:34.593703Z
019e01d1-4d64-0000-0000-4af10b99147d,david mba 3583,male,44,adult,ZA,2026-05-07T09:42:34.596105Z
019e01d1-4d6a-0000-0000-add9f3b8da68,victor raji 3587,male,32,adult,UG,2026-05-07T09:42:34.602287Z
019e01d1-4d6d-0000-0000-243a043ae82a,folake peters 3589,male,9,child,NG,2026-05-07T09:42:34.605190Z
019e01d1-4d6f-0000-0000-39c876ab8f3f,dayo nwosu 3591,male,76,senior,KE,2026-05-07T09:42:34.607908Z
019e01d1-4d71-0000-0000-4306bb1c4c2c,hauwa bakare 3592,male,9,child,EG,2026-05-07T09:42:34.609283Z
019e01d1-4d72-0000-0000-1b4bb53c02a6,babatunde taiwo 3593,male,66,senior,FR,2026-05-07T09:42:34.610736Z
019e01d1-4d78-0000-0000-335f740407e1,ximena musa 3597,male,8,child,ZA,2026-05-07T09:42:34.616428Z
019e01d1-4d79-0000-0000-652b0758d4eb,helen vincent 3598,male,67,senior,CA,2026-05-07T09:42:34.617818Z
019e01d1-4d7c-0000-0000-7ca250c0e835,felix fashola 3600,male,50,adult,BR,2026-05-07T09:42:34.620949Z
019e01d1-4d85-0000-0000-d564025fc6d2,babatunde peters 3605,male,13,teenager,NG,2026-05-07T09:42:34.629565Z
019e01d1-4d87-0000-0000-eaf4e09a5f78,esther quadri 3606,male,18,teenager,BR,2026-05-07T09:42:34.631073Z
019e01d1-4d88-0000-0000-8de9d77864bf,qudus idowu 3607,male,22,adult,ET,2026-05-07T09:42:34.632612Z
019e01d1-4d8b-0000-0000-259f286bd331,chiamaka lawal 3609,male,44,adult,CA,2026-05-07T09:42:34.635464Z
019e01d1-4d8c-0000-0000-a0e345626eb1,voke idowu 3610,male,19,teenager,FR,2026-05-07T09:42:34.636996Z
019e01d1-4d8e-0000-0000-268eb644e1d0,james eze 3611,male,48,adult,TZ,2026-05-07T09:42:34.638458Z
019e01d1-4d91-0000-0000-e10b547e6b09,jide diallo 3613,male,38,adult,KE,2026-05-07T09:42:34.641084Z
019e01d1-4d93-0000-0000-d15d5f6e9f47,yusuf johnson 3615,male,59,adult,US,2026-05-07T09:42:34.643769Z
019e01d1-4d96-0000-0000-34ca6364cd8f,yusuf lawal 3617,male,14,teenager,CN,2026-05-07T09:42:34.646637Z
019e01d1-4d9d-0000-0000-f373dd9ff126,efosa ibrahim 3621,male,19,teenager,DE,2026-05-07T09:42:34.653540Z
019e01d1-4d9e-0000-0000-5656addec1e7,zainab osei 3622,male,60,senior,GB,2026-05-07T09:42:34.655010Z
019e01d1-4da6-0000-0000-58f581fd0e15,ola salami 3627,male,12,child,UG,2026-05-07T09:42:34.662676Z
019e01d1-4da9-0000-0000-c5b9afc787db,rasheed diallo 3629,male,73,senior,AU,2026-05-07T09:42:34.665587Z
019e01d1-4dab-0000-0000-b9bb7c27bfa3,toyin mensah 3630,male,52,adult,GH,2026-05-07T09:42:34.667428Z
019e01d1-4db1-0000-0000-a15cdfccbf01,blessing diallo 3634,male,40,adult,EG,2026-05-07T09:42:34.673176Z
019e01d1-4db4-0000-0000-4f9b07e77e1a,ahmed quadri 3636,male,18,teenager,EG,2026-05-07T09:42:34.676070Z
019e01d1-4dc0-0000-0000-ecbb7307ad6d,felix kamara 3645,male,59,adult,GB,2026-05-07T09:42:34.688693Z
019e01d1-4dc2-0000-0000-7051b3f0fac0,xola lawal 3646,male,74,senior,TZ,2026-05-07T09:42:34.690184Z
019e01d1-4dc3-0000-0000-f0dffacf9d7a,folake usman 3647,male,59,adult,IN,2026-05-07T09:42:34.691625Z
019e01d1-4dc6-0000-0000-bad13124657f,dimma bakare 3649,male,35,adult,TZ,2026-05-07T09:42:34.694599Z
019e01d1-4dc8-0000-0000-8d63e86cd2a9,precious nwosu 3650,male,7,child,SN,2026-05-07T09:42:34.696233Z
019e01d1-4dce-0000-0000-23d6e6116d36,amara osei 3651,male,72,senior,JP,2026-05-07T09:42:34.702117Z
019e01d1-4dd6-0000-0000-72dbd0bc1031,adaeze yakubu 3654,male,14,teenager,ZA,2026-05-07T09:42:34.710974Z
019e01d1-4ddc-0000-0000-cadd8c37fefc,wale adekunle 3657,male,66,senior,SN,2026-05-07T09:42:34.716132Z
019e01d1-4ddf-0000-0000-6c34614e92cd,xola taiwo 3659,male,60,senior,US,2026-05-07T09:42:34.719451Z
019e01d1-4de4-0000-0000-dafdeea2de48,kehinde fashola 3662,male,18,teenager,FR,2026-05-07T09:42:34.724139Z
019e01d1-4de7-0000-0000-841c04712847,toyin diallo 3664,male,48,adult,GB,2026-05-07T09:42:34.727797Z
019e01d1-4de9-0000-0000-5833a2bdfa1c,gbenga okonkwo 3665,male,63,senior,JP,2026-05-07T09:42:34.729311Z
019e01d1-4ded-0000-0000-950a043fb41f,emeka yusuf 3667,male,45,adult,IN,2026-05-07T09:42:34.733760Z
019e01d1-4def-0000-0000-c210a3cc866b,qudus chukwu 3668,male,18,teenager,TZ,2026-05-07T09:42:34.735751Z
019e01d1-4df8-0000-0000-b9a6e3d587f8,lola williams 3673,male,67,senior,DE,2026-05-07T09:42:34.744904Z
019e01d1-4dfc-0000-0000-04623ddd7860,chidi xavier 3675,male,40,adult,FR,2026-05-07T09:42:34.748420Z
019e01d1-4dfe-0000-0000-9bdeff736c00,chidi traore 3676,male,68,senior,KE,2026-05-07T09:42:34.750040Z
019e01d1-4e01-0000-0000-a0bc3203a9c8,bolu ogundele 3678,male,67,senior,ZA,2026-05-07T09:42:34.753535Z
019e01d1-4e04-0000-0000-19ace43afa7e,qudus yakubu 3680,male,12,child,ZA,2026-05-07T09:42:34.756492Z
019e01d1-4e05-0000-0000-f8e1aaac4a92,pita ogundele 3681,male,21,adult,AU,2026-05-07T09:42:34.757947Z
019e01d1-4e07-0000-0000-2b7e4a0a4230,chidi vincent 3682,male,69,senior,GB,2026-05-07T09:42:34.759572Z
019e01d1-4e09-0000-0000-3c2a7c52122b,cynthia peters 3683,male,55,adult,FR,2026-05-07T09:42:34.761113Z
019e01d1-4e0d-0000-0000-7d69eaf983d7,musa okonkwo 3686,male,53,adult,ET,2026-05-07T09:42:34.765460Z
019e01d1-4e0e-0000-0000-4dac0553a3fa,obiora hassan 3687,male,28,adult,US,2026-05-07T09:42:34.767018Z
019e01d1-4e10-0000-0000-6d7b298bd725,dayo usman 3688,male,64,senior,AU,2026-05-07T09:42:34.768561Z
019e01d1-4e14-0000-0000-57c4294777e6,chidi peters 3691,male,82,senior,CN,2026-05-07T09:42:34.773029Z
019e01d1-4e16-0000-0000-873c134fdc51,patience musa 3692,male,52,adult,ET,2026-05-07T09:42:34.774619Z
019e01d1-4e18-0000-0000-b7fda77950fd,grace fashola 3693,male,46,adult,SN,2026-05-07T09:42:34.776155Z
019e01d1-4e1c-0000-0000-7459c32a3ff0,nkem ogundele 3696,male,79,senior,GB,2026-05-07T09:42:34.780155Z
019e01d1-4e1e-0000-0000-2373166e7a23,kunle mensah 3698,male,69,senior,DE,2026-05-07T09:42:34.782922Z
019e01d1-4e29-0000-0000-603ab50ae250,nkem raji 3703,male,59,adult,UG,2026-05-07T09:42:34.793736Z
019e01d1-4e2d-0000-0000-79eb84c30e0c,gbenga vincent 3705,male,17,teenager,SN,2026-05-07T09:42:34.797110Z
019e01d1-4e2e-0000-0000-7c9e1f3651cc,sola mensah 3706,male,36,adult,ET,2026-05-07T09:42:34.798599Z
019e01d1-4e31-0000-0000-c00903182a8a,moses lawal 3708,male,81,senior,GH,2026-05-07T09:42:34.801257Z
019e01d1-4e32-0000-0000-1face7883a65,nkem usman 3709,male,60,senior,ZA,2026-05-07T09:42:34.802769Z
019e01d1-4e34-0000-0000-4889f8201f60,ximena vincent 3710,male,24,adult,BR,2026-05-07T09:42:34.804280Z
019e01d1-4e37-0000-0000-55e188e0a006,zara xavier 3712,male,81,senior,CN,2026-05-07T09:42:34.807031Z
019e01d1-4e39-0000-0000-c9f31c480ff0,funmi okonkwo 3714,male,42,adult,CI,2026-05-07T09:42:34.809976Z
019e01d1-4e41-0000-0000-c61f71664ff2,esther kamara 3719,male,62,senior,ET,2026-05-07T09:42:34.817206Z
019e01d1-4e44-0000-0000-fe91bd7ed847,chiamaka osei 3721,male,12,child,FR,2026-05-07T09:42:34.820086Z
019e01d1-4e4a-0000-0000-432cc1ef0ee0,onome adekunle 3724,male,45,adult,FR,2026-05-07T09:42:34.826450Z
019e01d1-4e4c-0000-0000-9de744b4fb34,voke dada 3725,male,50,adult,KE,2026-05-07T09:42:34.828048Z
019e01d1-4e52-0000-0000-4df304ea3e21,jide hassan 3729,male,58,adult,DE,2026-05-07T09:42:34.834797Z
019e01d1-4e54-0000-0000-bf30a17982aa,folake raji 3730,male,82,senior,SN,2026-05-07T09:42:34.836678Z
019e01d1-4e56-0000-0000-9f6a91d0090d,gbenga ibrahim 3731,male,47,adult,ZA,2026-05-07T09:42:34.838134Z
019e01d1-4e57-0000-0000-36d93b4139a0,babatunde raji 3732,male,85,senior,GH,2026-05-07T09:42:34.839682Z
019e01d1-4e59-0000-0000-6a65637799a3,william quadri 3733,male,70,senior,SN,2026-05-07T09:42:34.841290Z
019e01d1-4e5a-0000-0000-25fec5ef53a5,james mba 3734,male,50,adult,TZ,2026-05-07T09:42:34.842702Z
019e01d1-4e5c-0000-0000-3fd4aa88b717,lydia usman 3735,male,83,senior,ET,2026-05-07T09:42:34.844152Z
019e01d1-4e5e-0000-0000-04caed1d6276,henry idowu 3736,male,47,adult,ZA,2026-05-07T09:42:34.846216Z
019e01d1-4e62-0000-0000-2dc0b6d376ac,timothy fashola 3739,male,17,teenager,CA,2026-05-07T09:42:34.850828Z
019e01d1-4e64-0000-0000-6f04d9ec42ad,blessing raji 3740,male,40,adult,SN,2026-05-07T09:42:34.852322Z
019e01d1-4e6b-0000-0000-b251bf400b4c,tunde yakubu 3745,male,60,senior,GH,2026-05-07T09:42:34.859734Z
019e01d1-4e6e-0000-0000-c3b23b251a75,musa yusuf 3747,male,63,senior,KE,2026-05-07T09:42:34.862695Z
019e01d1-4e73-0000-0000-14c0dc362007,ximena usman 3750,male,4,child,ET,2026-05-07T09:42:34.867505Z
019e01d1-4e75-0000-0000-644865112784,queen musa 3751,male,33,adult,CN,2026-05-07T09:42:34.869147Z
019e01d1-4e76-0000-0000-bbfc109d7b2e,zara nwosu 3752,male,70,senior,GH,2026-05-07T09:42:34.870676Z
019e01d1-4e78-0000-0000-3f44c6e3ff1d,kunle mba 3753,male,64,senior,DE,2026-05-07T09:42:34.872231Z
019e01d1-4e79-0000-0000-87c66a436cee,wunmi vincent 3754,male,79,senior,UG,2026-05-07T09:42:34.873677Z
019e01d1-4e7c-0000-0000-71a1cf5311b4,mercy diallo 3756,male,7,child,ET,2026-05-07T09:42:34.876543Z
019e01d1-4e7f-0000-0000-b4fa402a43ff,victor osei 3758,male,18,teenager,SN,2026-05-07T09:42:34.879274Z
019e01d1-4e83-0000-0000-885cb4ace1bb,onome diallo 3761,male,39,adult,EG,2026-05-07T09:42:34.883500Z
019e01d1-4e85-0000-0000-589b76f08187,david peters 3762,male,72,senior,KE,2026-05-07T09:42:34.885071Z
019e01d1-4e8f-0000-0000-a9d1116bf6df,lawal bakare 3766,male,83,senior,DE,2026-05-07T09:42:34.895140Z
019e01d1-4e92-0000-0000-407cf132fd93,ifeoma adekunle 3768,male,29,adult,GB,2026-05-07T09:42:34.898394Z
019e01d1-4e96-0000-0000-f04e1eabd25a,felix eze 3771,male,34,adult,ZA,2026-05-07T09:42:34.902799Z
019e01d1-4e99-0000-0000-f36d8f4391f3,adaeze lawal 3773,male,67,senior,EG,2026-05-07T09:42:34.905648Z
019e01d1-4e9f-0000-0000-2af5252d61de,victor williams 3777,male,79,senior,TZ,2026-05-07T09:42:34.911568Z
019e01d1-4ea4-0000-0000-98192bedb71d,james yusuf 3780,male,46,adult,SN,2026-05-07T09:42:34.916131Z
019e01d1-4ea7-0000-0000-3b24ea47b98d,henry musa 3782,male,33,adult,EG,2026-05-07T09:42:34.919216Z
019e01d1-4eaa-0000-0000-e9a6a28f8750,henry ogundele 3784,male,60,senior,AU,2026-05-07T09:42:34.922364Z
019e01d1-4eae-0000-0000-24d3a564299e,remi usman 3787,male,48,adult,TZ,2026-05-07T09:42:34.926786Z
019e01d1-4eb0-0000-0000-8617165f29a7,chidi taiwo 3788,male,55,adult,GB,2026-05-07T09:42:34.928505Z
019e01d1-4eb9-0000-0000-0286a58a186a,william raji 3794,male,29,adult,ET,2026-05-07T09:42:34.937876Z
019e01d1-4ebc-0000-0000-a9e5597ae48c,ifeoma adekunle 3796,male,47,adult,BR,2026-05-07T09:42:34.940922Z
019e01d1-4ebe-0000-0000-831e03388e4b,funmi usman 3797,male,10,child,BR,2026-05-07T09:42:34.942466Z
019e01d1-4ec3-0000-0000-57779b2d4204,voke ibrahim 3800,male,4,child,BR,2026-05-07T09:42:34.947437Z
019e01d1-4ec6-0000-0000-ac6a460fc5f5,queen raji 3802,male,83,senior,US,2026-05-07T09:42:34.950367Z
019e01d1-4ec9-0000-0000-06c5b080a9d8,kehinde quadri 3804,male,73,senior,CA,2026-05-07T09:42:34.953076Z
019e01d1-4eca-0000-0000-68bc1529bd65,udoka vincent 3805,male,73,senior,SN,2026-05-07T09:42:34.954573Z
019e01d1-4ece-0000-0000-5e558c2889be,lydia kalu 3807,male,42,adult,SN,2026-05-07T09:42:34.958209Z
019e01d1-4ed4-0000-0000-bbd8c17ab0fc,ahmed taiwo 3811,male,78,senior,ET,2026-05-07T09:42:34.964283Z
019e01d1-4ed7-0000-0000-f09fa9294891,vivian mensah 3813,male,45,adult,CN,2026-05-07T09:42:34.967322Z
019e01d1-4eda-0000-0000-49be2113b4ed,qudus quadri 3815,male,4,child,EG,2026-05-07T09:42:34.970365Z
019e01d1-4edc-0000-0000-07b0a1123e97,xerxes ganiyu 3816,male,64,senior,JP,2026-05-07T09:42:34.972107Z
019e01d1-4edd-0000-0000-2c91a72a1478,kehinde williams 3817,male,32,adult,GB,2026-05-07T09:42:34.973507Z
019e01d1-4ede-0000-0000-2486ef614615,timothy adekunle 3818,male,19,teenager,AU,2026-05-07T09:42:34.974952Z
019e01d1-4ee1-0000-0000-58a601d51b2e,kehinde adekunle 3820,male,26,adult,DE,2026-05-07T09:42:34.977908Z
019e01d1-4ee3-0000-0000-1a3b18f6d5b6,godwin traore 3821,male,58,adult,BR,2026-05-07T09:42:34.979419Z
019e01d1-4ee7-0000-0000-8015d0bf82a0,kemi bakare 3824,male,27,adult,JP,2026-05-07T09:42:34.983880Z
019e01d1-4ee9-0000-0000-78416c2be5c0,zara mba 3825,male,55,adult,KE,2026-05-07T09:42:34.985462Z
019e01d1-4eec-0000-0000-b84829850634,grace mensah 3826,male,8,child,ET,2026-05-07T09:42:34.988460Z
019e01d1-4efe-0000-0000-2a6c5abc6b33,kunle adesanya 3836,male,50,adult,ZA,2026-05-07T09:42:35.006289Z
019e01d1-4f00-0000-0000-56dc44cebecb,remi yakubu 3837,male,57,adult,GH,2026-05-07T09:42:35.008474Z
019e01d1-4f06-0000-0000-010315317f3d,kehinde williams 3840,male,36,adult,CN,2026-05-07T09:42:35.014348Z
019e01d1-4f0b-0000-0000-bb6d0fb55309,xola xavier 3843,male,5,child,CN,2026-05-07T09:42:35.019634Z
019e01d1-4f0d-0000-0000-05de7acdfdbc,adaeze okonkwo 3844,male,83,senior,CI,2026-05-07T09:42:35.021088Z
019e01d1-4f0e-0000-0000-1e8f6372d758,efosa vincent 3845,male,17,teenager,CI,2026-05-07T09:42:35.022635Z
019e01d1-4f12-0000-0000-22ebbce245e3,queen ibrahim 3847,male,39,adult,TZ,2026-05-07T09:42:35.026492Z
019e01d1-4f14-0000-0000-fb01319734e2,lydia okonkwo 3848,male,25,adult,SN,2026-05-07T09:42:35.028155Z
019e01d1-4f19-0000-0000-cc7c224fc081,adaeze ogundele 3851,male,61,senior,UG,2026-05-07T09:42:35.033062Z
019e01d1-4f1a-0000-0000-7f3cf1eb9e84,zara kalu 3852,male,72,senior,BR,2026-05-07T09:42:35.034548Z
019e01d1-4f1c-0000-0000-a69a97e733db,jide okonkwo 3853,male,58,adult,TZ,2026-05-07T09:42:35.036072Z
019e01d1-4f1d-0000-0000-9aab3d6228fc,ikenna mensah 3854,male,72,senior,NG,2026-05-07T09:42:35.037456Z
019e01d1-4f1e-0000-0000-83e108adc0ec,victor williams 3855,male,20,adult,AU,2026-05-07T09:42:35.038822Z
019e01d1-4f21-0000-0000-44f1f3269d17,helen yakubu 3857,male,11,child,CA,2026-05-07T09:42:35.041732Z
019e01d1-4f28-0000-0000-c84f44f34d90,bolu adesanya 3861,male,7,child,SN,2026-05-07T09:42:35.048138Z
019e01d1-4f2b-0000-0000-1d6d236c395a,adaeze fashola 3863,male,7,child,CA,2026-05-07T09:42:35.051034Z
019e01d1-4f2f-0000-0000-09422512d34b,yvonne kalu 3866,male,57,adult,JP,2026-05-07T09:42:35.055494Z
019e01d1-4f33-0000-0000-0b008eef8f2c,babatunde usman 3869,male,11,child,GH,2026-05-07T09:42:35.059920Z
019e01d1-4f36-0000-0000-9caa6d9c5129,onome ganiyu 3871,male,58,adult,ET,2026-05-07T09:42:35.062800Z
019e01d1-4f38-0000-0000-a2039e92bf3d,vivian salami 3872,male,16,teenager,JP,2026-05-07T09:42:35.064387Z
019e01d1-4f3c-0000-0000-d733c8be090b,helen eze 3875,male,53,adult,ZA,2026-05-07T09:42:35.068890Z
019e01d1-4f3f-0000-0000-7d4d17b3d3e0,gbenga adesanya 3877,male,5,child,TZ,2026-05-07T09:42:35.071704Z
019e01d1-4f41-0000-0000-0b53cc2397d3,voke fashola 3878,male,68,senior,CA,2026-05-07T09:42:35.073062Z
019e01d1-4f43-0000-0000-ff5cb27b6db5,cynthia idowu 3880,male,29,adult,GH,2026-05-07T09:42:35.076010Z
019e01d1-4f4b-0000-0000-2a1151445c3b,voke diallo 3885,male,32,adult,CI,2026-05-07T09:42:35.083055Z
019e01d1-4f51-0000-0000-3a7b28824de2,precious okonkwo 3889,male,84,senior,BR,2026-05-07T09:42:35.089257Z
019e01d1-4f54-0000-0000-96532ec782a2,ngozi ibrahim 3891,male,36,adult,IN,2026-05-07T09:42:35.092676Z
019e01d1-4f56-0000-0000-183576d995ae,grace idowu 3892,male,80,senior,ZA,2026-05-07T09:42:35.094147Z
019e01d1-4f59-0000-0000-273bf6f4ff10,victor ganiyu 3894,male,73,senior,DE,2026-05-07T09:42:35.097137Z
019e01d1-4f5c-0000-0000-e11839182600,xola mba 3896,male,39,adult,FR,2026-05-07T09:42:35.100313Z
019e01d1-4f5f-0000-0000-6164504430f6,babatunde okonkwo 3898,male,69,senior,ET,2026-05-07T09:42:35.103643Z
019e01d1-4f61-0000-0000-f0d5ca91be8e,kehinde diallo 3899,male,15,teenager,SN,2026-05-07T09:42:35.105254Z
019e01d1-4f62-0000-0000-8ee6ee942fa8,william diallo 3900,male,68,senior,CI,2026-05-07T09:42:35.106674Z
019e01d1-4f64-0000-0000-f03d5b8aa5a6,yvonne salami 3901,male,13,teenager,BR,2026-05-07T09:42:35.108070Z
019e01d1-4f65-0000-0000-ad4c8a606f0a,ikenna peters 3902,male,27,adult,TZ,2026-05-07T09:42:35.109496Z
019e01d1-4f6a-0000-0000-02fcada1d1ca,henry peters 3905,male,36,adult,AU,2026-05-07T09:42:35.114384Z
019e01d1-4f6c-0000-0000-47899742221c,gbenga eze 3906,male,55,adult,CN,2026-05-07T09:42:35.116217Z
019e01d1-4f6d-0000-0000-642b0a03f2a7,vivian eze 3907,male,75,senior,CA,2026-05-07T09:42:35.117664Z
019e01d1-4f70-0000-0000-271ae405816d,nkem diallo 3909,male,61,senior,FR,2026-05-07T09:42:35.120689Z
019e01d1-4f73-0000-0000-f7d5250ab777,funmi eze 3911,male,32,adult,US,2026-05-07T09:42:35.123821Z
019e01d1-4f7a-0000-0000-96eccdd0f216,bolu lawal 3915,male,64,senior,CN,2026-05-07T09:42:35.130498Z
019e01d1-4f7d-0000-0000-1acf6a8d430e,folake xavier 3917,male,71,senior,SN,2026-05-07T09:42:35.133795Z
019e01d1-4f80-0000-0000-0612e029e59e,dayo traore 3919,male,7,child,BR,2026-05-07T09:42:35.136714Z
019e01d1-4f82-0000-0000-180ac9bbf18c,bolu okonkwo 3920,male,21,adult,GB,2026-05-07T09:42:35.138671Z
019e01d1-4f86-0000-0000-6403f105b9d3,moses musa 3922,male,30,adult,CN,2026-05-07T09:42:35.142273Z
019e01d1-4f8a-0000-0000-2fa699c2896e,ola taiwo 3924,male,51,adult,CA,2026-05-07T09:42:35.146549Z
019e01d1-4f8c-0000-0000-c4964260ed3b,kunle dada 3925,male,53,adult,JP,2026-05-07T09:42:35.148196Z
019e01d1-4f90-0000-0000-e4fd14c5fbbb,timothy usman 3928,male,57,adult,AU,2026-05-07T09:42:35.152751Z
019e01d1-4f92-0000-0000-dda240f045d7,amara adekunle 3929,male,26,adult,IN,2026-05-07T09:42:35.154214Z
019e01d1-4f93-0000-0000-9ce951838d5e,ahmed mba 3930,male,35,adult,JP,2026-05-07T09:42:35.155604Z
019e01d1-4f96-0000-0000-eb7929e9fa95,jide bakare 3932,male,44,adult,GB,2026-05-07T09:42:35.158343Z
019e01d1-4f97-0000-0000-dde2b8836e82,xerxes ogundele 3933,male,79,senior,JP,2026-05-07T09:42:35.159695Z
019e01d1-4f9a-0000-0000-3f59756854bb,onome salami 3935,male,17,teenager,CN,2026-05-07T09:42:35.162311Z
019e01d1-4f9b-0000-0000-15d4d0a313e0,yemi osei 3936,male,63,senior,US,2026-05-07T09:42:35.163622Z
019e01d1-4f9e-0000-0000-db76376d2a93,esther kalu 3938,male,12,child,GB,2026-05-07T09:42:35.166621Z
019e01d1-4fa3-0000-0000-0ba16604e98c,felix quadri 3941,male,40,adult,JP,2026-05-07T09:42:35.171636Z
019e01d1-4fa6-0000-0000-c8cddc9e9465,ikenna ibrahim 3943,male,33,adult,DE,2026-05-07T09:42:35.174616Z
019e01d1-4fa8-0000-0000-d3932df27b59,nkem ganiyu 3944,male,5,child,JP,2026-05-07T09:42:35.176087Z
019e01d1-4fb3-0000-0000-c4b45a2b5891,dimma mensah 3950,male,58,adult,ZA,2026-05-07T09:42:35.187117Z
019e01d1-4fb4-0000-0000-234f7131b0f7,nkem quadri 3951,male,82,senior,CN,2026-05-07T09:42:35.188718Z
019e01d1-4fb6-0000-0000-00e43d1c98d6,ola taiwo 3952,male,56,adult,IN,2026-05-07T09:42:35.190119Z
019e01d1-4fb7-0000-0000-69b18f42b33c,xerxes fashola 3953,male,74,senior,ZA,2026-05-07T09:42:35.191617Z
019e01d1-4fb9-0000-0000-b8274cedc7c4,kehinde vincent 3954,male,36,adult,GH,2026-05-07T09:42:35.193138Z
019e01d1-4fbc-0000-0000-68e721c8e4e8,zara salami 3956,male,43,adult,GH,2026-05-07T09:42:35.196162Z
019e01d1-4fbd-0000-0000-8794d118ab84,blessing nwosu 3957,male,62,senior,ET,2026-05-07T09:42:35.197661Z
019e01d1-4fbf-0000-0000-e1dd96ed0d95,xerxes chukwu 3958,male,66,senior,NG,2026-05-07T09:42:35.199056Z
019e01d1-4fc3-0000-0000-575cad262183,dayo johnson 3961,male,40,adult,AU,2026-05-07T09:42:35.203679Z
019e01d1-4fc5-0000-0000-a50b5780a121,queen yusuf 3962,male,62,senior,CI,2026-05-07T09:42:35.205372Z
019e01d1-4fc7-0000-0000-057483837932,precious hassan 3963,male,64,senior,US,2026-05-07T09:42:35.207039Z
019e01d1-4fc8-0000-0000-6bc149969dbb,babatunde lawal 3964,male,53,adult,GB,2026-05-07T09:42:35.208663Z
019e01d1-4fca-0000-0000-de104525d2c5,voke quadri 3965,male,60,senior,ET,2026-05-07T09:42:35.210332Z
019e01d1-4fcb-0000-0000-ac9dba35e185,victor yusuf 3966,male,73,senior,UG,2026-05-07T09:42:35.211946Z
019e01d1-4fcd-0000-0000-33e7e00ede07,wunmi eze 3967,male,27,adult,AU,2026-05-07T09:42:35.213439Z
019e01d1-4fcf-0000-0000-dfea998021bd,cynthia nwosu 3968,male,1,child,NG,2026-05-07T09:42:35.215024Z
019e01d1-4fd1-0000-0000-d2800732ed02,susan diallo 3970,male,36,adult,AU,2026-05-07T09:42:35.217994Z
019e01d1-4fd5-0000-0000-e30b78923fca,kemi yusuf 3972,male,81,senior,ZA,2026-05-07T09:42:35.221253Z
019e01d1-4fdf-0000-0000-4d2914678dcb,blessing johnson 3979,male,6,child,CI,2026-05-07T09:42:35.231480Z
019e01d1-4fe0-0000-0000-bcbd489354b3,voke xavier 3980,male,45,adult,ET,2026-05-07T09:42:35.232889Z
019e01d1-4fe3-0000-0000-8d86ae1caf19,timothy traore 3982,male,30,adult,GH,2026-05-07T09:42:35.235727Z
019e01d1-4fe6-0000-0000-2e785391a4c8,remi fashola 3984,male,32,adult,SN,2026-05-07T09:42:35.238787Z
019e01d1-4ff0-0000-0000-143bfc20deb7,tunde kalu 3990,male,13,teenager,SN,2026-05-07T09:42:35.248082Z
019e01d1-4ff3-0000-0000-74a307b14670,yemi yakubu 3992,male,43,adult,ET,2026-05-07T09:42:35.251230Z
019e01d1-4ff6-0000-0000-5f6790aaa4e2,amara idowu 3994,male,8,child,BR,2026-05-07T09:42:35.254213Z
019e01d1-4ff9-0000-0000-3f615aae0181,james peters 3996,male,10,child,CI,2026-05-07T09:42:35.257094Z
019e01d1-4ffa-0000-0000-6f787d7fca27,helen salami 3997,male,5,child,IN,2026-05-07T09:42:35.258571Z
019e01d1-4ffc-0000-0000-34ca5a1de8c3,blessing mba 3998,male,58,adult,BR,2026-05-07T09:42:35.260112Z
019e01d1-4ffd-0000-0000-0a707801e5a5,usman mensah 3999,male,63,senior,GB,2026-05-07T09:42:35.261524Z
019e01d1-5048-0000-0000-878bffb2a02e,nkem vincent 4001,male,22,adult,ET,2026-05-07T09:42:35.336368Z
019e01d1-504a-0000-0000-18cc6ecc43aa,qudus salami 4002,male,63,senior,AU,2026-05-07T09:42:35.338381Z
019e01d1-5054-0000-0000-e67c25aaca59,ngozi ogundele 4005,male,46,adult,CA,2026-05-07T09:42:35.348867Z
019e01d1-505d-0000-0000-c195ad94fac1,james okonkwo 4007,male,76,senior,GH,2026-05-07T09:42:35.357191Z
019e01d1-5061-0000-0000-4a1731ae6c65,cynthia williams 4009,male,17,teenager,GH,2026-05-07T09:42:35.361035Z
019e01d1-5062-0000-0000-50f09a55e82c,helen bakare 4010,male,22,adult,UG,2026-05-07T09:42:35.362636Z
019e01d1-5069-0000-0000-947ba9814fe4,lola diallo 4014,male,15,teenager,BR,2026-05-07T09:42:35.369709Z
019e01d1-506d-0000-0000-92795fc33733,queen williams 4016,male,62,senior,BR,2026-05-07T09:42:35.373109Z
019e01d1-506f-0000-0000-5573d43eb7e8,david mba 4018,male,34,adult,ET,2026-05-07T09:42:35.376013Z
019e01d1-5071-0000-0000-2cc6c590556f,zainab adesanya 4019,male,41,adult,TZ,2026-05-07T09:42:35.377493Z
019e01d1-5072-0000-0000-a57f03b7c270,grace diallo 4020,male,14,teenager,FR,2026-05-07T09:42:35.378857Z
019e01d1-5074-0000-0000-30d7436eb886,yemi taiwo 4021,male,52,adult,GH,2026-05-07T09:42:35.380176Z
019e01d1-5077-0000-0000-270e54aa869a,chidi adesanya 4023,male,48,adult,JP,2026-05-07T09:42:35.383093Z
019e01d1-5079-0000-0000-c28d44e7f86c,onome nwosu 4025,male,25,adult,EG,2026-05-07T09:42:35.385900Z
019e01d1-507e-0000-0000-b62326d159a5,xerxes adesanya 4028,male,1,child,US,2026-05-07T09:42:35.390776Z
019e01d1-5080-0000-0000-9f5eed5ece5b,efosa raji 4029,male,7,child,SN,2026-05-07T09:42:35.392221Z
019e01d1-5081-0000-0000-6210bcc10b8c,jide ibrahim 4030,male,71,senior,TZ,2026-05-07T09:42:35.393671Z
019e01d1-508c-0000-0000-c6a9bd953be6,david kalu 4037,male,2,child,ZA,2026-05-07T09:42:35.404742Z
019e01d1-508e-0000-0000-ab184a4fae99,amara usman 4038,male,53,adult,ET,2026-05-07T09:42:35.406660Z
019e01d1-5092-0000-0000-4c65f7a0cf4c,chidi traore 4040,male,85,senior,AU,2026-05-07T09:42:35.410112Z
019e01d1-5096-0000-0000-7d5a6e10525d,grace raji 4043,male,47,adult,GB,2026-05-07T09:42:35.414588Z
019e01d1-5098-0000-0000-7460c5dcfbcc,jumoke eze 4044,male,32,adult,ZA,2026-05-07T09:42:35.416098Z
019e01d1-509b-0000-0000-2714a10672b4,ikenna nwosu 4046,male,7,child,AU,2026-05-07T09:42:35.419403Z
019e01d1-50a3-0000-0000-2199c198add8,zara diallo 4051,male,59,adult,CA,2026-05-07T09:42:35.427514Z
019e01d1-50a5-0000-0000-08395b71ce67,gbenga kalu 4052,male,66,senior,GB,2026-05-07T09:42:35.429092Z
019e01d1-50a6-0000-0000-4c1852575220,kemi dada 4053,male,26,adult,AU,2026-05-07T09:42:35.430696Z
019e01d1-50a9-0000-0000-b4f9674bb297,funmi williams 4055,male,73,senior,GB,2026-05-07T09:42:35.433536Z
019e01d1-50aa-0000-0000-21a0d1772177,xola traore 4056,male,81,senior,NG,2026-05-07T09:42:35.434917Z
019e01d1-50ad-0000-0000-333f79079bc3,patience quadri 4058,male,48,adult,ZA,2026-05-07T09:42:35.437798Z
019e01d1-50af-0000-0000-93a2df736c10,felix yusuf 4059,male,26,adult,SN,2026-05-07T09:42:35.439224Z
019e01d1-50b3-0000-0000-49ba677286dc,amara taiwo 4062,male,24,adult,EG,2026-05-07T09:42:35.443493Z
019e01d1-50b4-0000-0000-a66c83318e84,qudus salami 4063,male,7,child,CN,2026-05-07T09:42:35.444831Z
019e01d1-50b6-0000-0000-4c29b7a6fede,richard williams 4064,male,68,senior,CA,2026-05-07T09:42:35.446350Z
019e01d1-50ba-0000-0000-6f29c96bc36c,folake hassan 4066,male,66,senior,US,2026-05-07T09:42:35.450072Z
019e01d1-50bd-0000-0000-dfd1591216bb,vivian fashola 4068,male,13,teenager,SN,2026-05-07T09:42:35.453701Z
019e01d1-50c0-0000-0000-742340584db0,xola bakare 4069,male,11,child,DE,2026-05-07T09:42:35.456266Z
019e01d1-50c2-0000-0000-f6358964c69e,pita fashola 4070,male,1,child,UG,2026-05-07T09:42:35.458783Z
019e01d1-50c4-0000-0000-b25bd61cf0e2,tunde mba 4071,male,76,senior,DE,2026-05-07T09:42:35.460356Z
019e01d1-50c7-0000-0000-baff20c3138d,bolu dada 4073,male,83,senior,ZA,2026-05-07T09:42:35.463872Z
019e01d1-50d6-0000-0000-f6837925fb97,jide kamara 4077,male,39,adult,JP,2026-05-07T09:42:35.478217Z
019e01d1-50dc-0000-0000-6d3118f8e5f2,amara williams 4078,male,59,adult,UG,2026-05-07T09:42:35.484423Z
019e01d1-50ea-0000-0000-55ceea15fe09,precious eze 4083,male,37,adult,IN,2026-05-07T09:42:35.498382Z
019e01d1-50ec-0000-0000-fdcf376e10cc,udoka kalu 4084,male,80,senior,TZ,2026-05-07T09:42:35.500338Z
019e01d1-50f6-0000-0000-d2a653289b0e,patience kalu 4090,male,19,teenager,ZA,2026-05-07T09:42:35.510909Z
019e01d1-50fc-0000-0000-8571fcf11ffd,ahmed dada 4092,male,53,adult,DE,2026-05-07T09:42:35.516160Z
019e01d1-510d-0000-0000-7ae7fecdfe47,richard ogundele 4099,male,62,senior,TZ,2026-05-07T09:42:35.533885Z
019e01d1-510f-0000-0000-934e94344e2b,uche kalu 4100,male,64,senior,FR,2026-05-07T09:42:35.535458Z
019e01d1-511a-0000-0000-068d4db6ee5e,remi lawal 4104,male,44,adult,JP,2026-05-07T09:42:35.546503Z
019e01d1-5124-0000-0000-17a3beb9d2ee,kunle peters 4109,male,26,adult,EG,2026-05-07T09:42:35.556366Z
019e01d1-512a-0000-0000-aa19516e739a,yvonne dada 4111,male,48,adult,SN,2026-05-07T09:42:35.562865Z
019e01d1-512f-0000-0000-549c9788ed88,ikenna diallo 4113,male,76,senior,GB,2026-05-07T09:42:35.567429Z
019e01d1-5138-0000-0000-29871babb346,kehinde ibrahim 4117,male,11,child,ET,2026-05-07T09:42:35.576679Z
019e01d1-5140-0000-0000-dffd220385f6,chiamaka traore 4121,male,74,senior,GH,2026-05-07T09:42:35.584028Z
019e01d1-5142-0000-0000-ff2a467fe565,toyin quadri 4123,male,30,adult,KE,2026-05-07T09:42:35.586921Z
019e01d1-5144-0000-0000-3f08b8abfad7,ifeoma diallo 4124,male,53,adult,ET,2026-05-07T09:42:35.588370Z
019e01d1-514b-0000-0000-b1620f56fb54,chidi peters 4127,male,42,adult,ET,2026-05-07T09:42:35.595186Z
019e01d1-514f-0000-0000-ef520ec210f0,kunle ganiyu 4129,male,31,adult,UG,2026-05-07T09:42:35.599408Z
019e01d1-5151-0000-0000-c75fcb3e12d1,rasheed fashola 4130,male,39,adult,EG,2026-05-07T09:42:35.601215Z
019e01d1-5152-0000-0000-c340582c0eba,ximena diallo 4131,male,80,senior,BR,2026-05-07T09:42:35.602669Z
019e01d1-515b-0000-0000-fba7a4013620,felix traore 4134,male,54,adult,KE,2026-05-07T09:42:35.611508Z
019e01d1-516f-0000-0000-f183d8aa8e0e,irene williams 4139,male,68,senior,NG,2026-05-07T09:42:35.631670Z
019e01d1-5171-0000-0000-9d04cf42c807,xerxes lawal 4140,male,2,child,CN,2026-05-07T09:42:35.633526Z
019e01d1-5176-0000-0000-fe2c4b45d995,yvonne traore 4142,male,83,senior,BR,2026-05-07T09:42:35.638710Z
019e01d1-5178-0000-0000-d74737773cb9,seun ganiyu 4143,male,61,senior,DE,2026-05-07T09:42:35.640623Z
019e01d1-517a-0000-0000-d5d4a5da2d01,susan usman 4144,male,58,adult,CN,2026-05-07T09:42:35.642124Z
019e01d1-517b-0000-0000-269f0477b077,uche dada 4145,male,50,adult,GH,2026-05-07T09:42:35.643587Z
019e01d1-5184-0000-0000-6151c756677c,jumoke williams 4150,male,34,adult,SN,2026-05-07T09:42:35.652116Z
019e01d1-5185-0000-0000-f28c0d5593b9,blessing ogundele 4151,male,5,child,CN,2026-05-07T09:42:35.653525Z
019e01d1-5186-0000-0000-761c3aae408a,remi kamara 4152,male,33,adult,NG,2026-05-07T09:42:35.654819Z
019e01d1-5188-0000-0000-68c5fd9fec81,folake quadri 4153,male,76,senior,CN,2026-05-07T09:42:35.656328Z
019e01d1-518b-0000-0000-a619010dc4ba,susan traore 4155,male,8,child,GH,2026-05-07T09:42:35.659253Z
019e01d1-5192-0000-0000-c9d71ba5f258,grace vincent 4160,male,55,adult,KE,2026-05-07T09:42:35.666748Z
019e01d1-5199-0000-0000-fdd48e33810d,godwin peters 4164,male,47,adult,ZA,2026-05-07T09:42:35.673107Z
019e01d1-519e-0000-0000-cb631c0077d4,seun adekunle 4167,male,65,senior,JP,2026-05-07T09:42:35.678503Z
019e01d1-51a3-0000-0000-5e7f86e2d0b3,zara williams 4170,male,14,teenager,NG,2026-05-07T09:42:35.683155Z
019e01d1-51a8-0000-0000-722e2d27f7b6,kemi dada 4173,male,60,senior,GB,2026-05-07T09:42:35.688445Z
019e01d1-51b0-0000-0000-56b9485a9f82,victor ibrahim 4178,male,9,child,KE,2026-05-07T09:42:35.696312Z
019e01d1-51ba-0000-0000-91860e3e7020,emeka dada 4184,male,34,adult,JP,2026-05-07T09:42:35.706069Z
019e01d1-51bb-0000-0000-09168e8c6000,kehinde yakubu 4185,male,22,adult,UG,2026-05-07T09:42:35.707510Z
019e01d1-51c3-0000-0000-f1b6bc383c1d,tunde ganiyu 4190,male,14,teenager,CN,2026-05-07T09:42:35.716009Z
019e01d1-51c8-0000-0000-812430604ccf,helen ogundele 4193,male,21,adult,SN,2026-05-07T09:42:35.720330Z
019e01d1-51cc-0000-0000-38938a754e8b,jumoke osei 4194,male,14,teenager,CA,2026-05-07T09:42:35.724292Z
019e01d1-51cf-0000-0000-b1a5afabe592,usman usman 4196,male,66,senior,TZ,2026-05-07T09:42:35.727132Z
019e01d1-51d2-0000-0000-e8de991c10ec,emeka musa 4198,male,33,adult,AU,2026-05-07T09:42:35.730212Z
019e01d1-51d3-0000-0000-8d7170971035,jide xavier 4199,male,76,senior,FR,2026-05-07T09:42:35.731754Z
019e01d1-51d5-0000-0000-19578719d1ac,helen diallo 4200,male,9,child,CN,2026-05-07T09:42:35.733276Z
019e01d1-51d6-0000-0000-ea4fc9e19cfb,toyin fashola 4201,male,64,senior,AU,2026-05-07T09:42:35.734783Z
019e01d1-51d8-0000-0000-512ac0e536cf,efosa traore 4202,male,31,adult,JP,2026-05-07T09:42:35.736182Z
019e01d1-51d9-0000-0000-da7815b8ea11,voke usman 4203,male,6,child,JP,2026-05-07T09:42:35.737689Z
019e01d1-51f3-0000-0000-e681a3b9256d,dayo raji 4213,male,66,senior,JP,2026-05-07T09:42:35.763277Z
019e01d1-51f7-0000-0000-680c7c2107c6,xerxes yakubu 4215,male,43,adult,CA,2026-05-07T09:42:35.767169Z
019e01d1-51fa-0000-0000-4aee14937fc8,richard peters 4217,male,16,teenager,TZ,2026-05-07T09:42:35.770677Z
019e01d1-51fd-0000-0000-6063afcb933b,jumoke osei 4218,male,57,adult,BR,2026-05-07T09:42:35.773542Z
019e01d1-51ff-0000-0000-fe0e8db1ced7,nkem dada 4219,male,19,teenager,GB,2026-05-07T09:42:35.775344Z
019e01d1-5208-0000-0000-4b304fe91050,remi taiwo 4223,male,29,adult,TZ,2026-05-07T09:42:35.784859Z
019e01d1-520e-0000-0000-4ab3efce031d,zainab dada 4226,male,9,child,JP,2026-05-07T09:42:35.790049Z
019e01d1-5215-0000-0000-dfd93129559a,onome ganiyu 4230,male,76,senior,KE,2026-05-07T09:42:35.797577Z
019e01d1-5217-0000-0000-185c7705f912,nkem adekunle 4231,male,65,senior,UG,2026-05-07T09:42:35.799127Z
019e01d1-521b-0000-0000-21914824a256,chidi williams 4233,male,77,senior,ZA,2026-05-07T09:42:35.803654Z
019e01d1-521d-0000-0000-18da2a2e4c1c,blessing raji 4234,male,23,adult,UG,2026-05-07T09:42:35.805426Z
019e01d1-521f-0000-0000-504682624598,queen mba 4235,male,21,adult,ET,2026-05-07T09:42:35.807524Z
019e01d1-5221-0000-0000-6aa716f733e4,blessing johnson 4236,male,10,child,KE,2026-05-07T09:42:35.809113Z
019e01d1-522a-0000-0000-2980ce94efbe,henry adesanya 4242,male,80,senior,EG,2026-05-07T09:42:35.818301Z
019e01d1-5230-0000-0000-5a5c079b6513,felix xavier 4243,male,70,senior,TZ,2026-05-07T09:42:35.824315Z
019e01d1-5233-0000-0000-9b26aeee5cf3,chidi adesanya 4244,male,28,adult,UG,2026-05-07T09:42:35.827617Z
019e01d1-5237-0000-0000-fc38d5736b4a,pita dada 4245,male,80,senior,CI,2026-05-07T09:42:35.831336Z
019e01d1-5248-0000-0000-c73e3e603189,pita usman 4254,male,71,senior,DE,2026-05-07T09:42:35.848451Z
019e01d1-5250-0000-0000-2c937438b9bb,wale quadri 4259,male,68,senior,US,2026-05-07T09:42:35.856715Z
019e01d1-5252-0000-0000-b83d43b45a08,ngozi fashola 4260,male,7,child,UG,2026-05-07T09:42:35.858809Z
019e01d1-5257-0000-0000-5f5ff24527fb,hauwa hassan 4263,male,4,child,ZA,2026-05-07T09:42:35.863511Z
019e01d1-525a-0000-0000-371957c31ed7,usman yakubu 4265,male,8,child,CA,2026-05-07T09:42:35.866599Z
019e01d1-525c-0000-0000-d5e0cbcf1dcd,precious eze 4266,male,71,senior,GB,2026-05-07T09:42:35.868122Z
019e01d1-5260-0000-0000-946602ca2297,lawal vincent 4269,male,75,senior,ET,2026-05-07T09:42:35.872709Z
019e01d1-5262-0000-0000-4c453a91e90b,timothy yusuf 4270,male,13,teenager,KE,2026-05-07T09:42:35.874604Z
019e01d1-5264-0000-0000-e4d720c86f83,babatunde kamara 4271,male,48,adult,GH,2026-05-07T09:42:35.876103Z
019e01d1-5268-0000-0000-768207efac6b,tunde hassan 4273,male,44,adult,AU,2026-05-07T09:42:35.880061Z
019e01d1-526b-0000-0000-4a029e55340a,irene musa 4275,male,74,senior,US,2026-05-07T09:42:35.883553Z
019e01d1-526d-0000-0000-5993cbaa05df,precious williams 4276,male,1,child,KE,2026-05-07T09:42:35.885179Z
019e01d1-5272-0000-0000-53e24940437b,hauwa salami 4279,male,52,adult,GH,2026-05-07T09:42:35.890288Z
019e01d1-5273-0000-0000-c01de3dd8e4a,ahmed williams 4280,male,34,adult,CA,2026-05-07T09:42:35.891875Z
019e01d1-5275-0000-0000-771551810d86,sola usman 4281,male,33,adult,EG,2026-05-07T09:42:35.893711Z
019e01d1-5278-0000-0000-67911f7bce11,james lawal 4283,male,33,adult,EG,2026-05-07T09:42:35.896706Z
019e01d1-527a-0000-0000-f9bf76328d32,pita yakubu 4284,male,64,senior,UG,2026-05-07T09:42:35.898241Z
019e01d1-527d-0000-0000-53c30f7462da,adaeze yusuf 4286,male,20,adult,CI,2026-05-07T09:42:35.901546Z
019e01d1-5282-0000-0000-46aeb5900c3c,pita fashola 4289,male,70,senior,GB,2026-05-07T09:42:35.906494Z
019e01d1-5283-0000-0000-354bc941e528,funmi osei 4290,male,5,child,NG,2026-05-07T09:42:35.907951Z
019e01d1-5289-0000-0000-b92c8b00e04f,blessing yusuf 4293,male,27,adult,GB,2026-05-07T09:42:35.914000Z
019e01d1-5290-0000-0000-77c2582de8fd,kemi xavier 4297,male,12,child,CI,2026-05-07T09:42:35.920241Z
019e01d1-5291-0000-0000-e121c7d2dd43,vivian adesanya 4298,male,41,adult,DE,2026-05-07T09:42:35.921601Z
019e01d1-529f-0000-0000-689cf764e4f8,david vincent 4302,male,4,child,BR,2026-05-07T09:42:35.935609Z
019e01d1-52a1-0000-0000-4abe09cf8982,adaeze okonkwo 4303,male,66,senior,BR,2026-05-07T09:42:35.937256Z
019e01d1-52a2-0000-0000-7b2ca05e0368,emeka adesanya 4304,male,69,senior,GH,2026-05-07T09:42:35.938623Z
019e01d1-52a4-0000-0000-888664b5dead,musa vincent 4305,male,47,adult,DE,2026-05-07T09:42:35.940439Z
019e01d1-52a5-0000-0000-1ce19cd9d8fe,gbenga peters 4306,male,68,senior,CA,2026-05-07T09:42:35.941876Z
019e01d1-52b1-0000-0000-42be6fc657f1,gbenga diallo 4310,male,74,senior,BR,2026-05-07T09:42:35.953960Z
019e01d1-52b3-0000-0000-c3bb1a6d5b04,irene peters 4311,male,80,senior,GB,2026-05-07T09:42:35.955416Z
019e01d1-52b5-0000-0000-c09b512a56c6,helen kalu 4312,male,6,child,CI,2026-05-07T09:42:35.957049Z
019e01d1-52b6-0000-0000-f288c4f58c90,wunmi vincent 4313,male,6,child,CN,2026-05-07T09:42:35.959019Z
019e01d1-52b8-0000-0000-9765045f9488,zainab quadri 4314,male,16,teenager,TZ,2026-05-07T09:42:35.960499Z
019e01d1-52b9-0000-0000-2de71478fb0a,wale raji 4315,male,69,senior,EG,2026-05-07T09:42:35.961971Z
019e01d1-52bb-0000-0000-cf2d30f986ef,kunle williams 4316,male,72,senior,KE,2026-05-07T09:42:35.963581Z
019e01d1-52be-0000-0000-f1cc6c8e495c,irene hassan 4318,male,56,adult,US,2026-05-07T09:42:35.967015Z
019e01d1-52c0-0000-0000-753d3c86ad38,xerxes adesanya 4319,male,5,child,TZ,2026-05-07T09:42:35.968648Z
019e01d1-52c2-0000-0000-da372cff04fd,ikenna mensah 4320,male,14,teenager,EG,2026-05-07T09:42:35.970176Z
019e01d1-52d0-0000-0000-286c28afdfa1,timothy usman 4324,male,61,senior,GB,2026-05-07T09:42:35.984852Z
019e01d1-52d2-0000-0000-7f4cd944cec0,precious mba 4325,male,40,adult,JP,2026-05-07T09:42:35.986493Z
019e01d1-52d8-0000-0000-584078c28f0d,felix dada 4329,male,10,child,JP,2026-05-07T09:42:35.993007Z
019e01d1-52da-0000-0000-8cfc38c9e5cc,david mba 4330,male,63,senior,FR,2026-05-07T09:42:35.994441Z
019e01d1-52dd-0000-0000-354f5dc35d6e,precious quadri 4332,male,21,adult,KE,2026-05-07T09:42:35.997412Z
019e01d1-52de-0000-0000-47fce9a4e5fe,susan traore 4333,male,10,child,GH,2026-05-07T09:42:35.998883Z
019e01d1-52e3-0000-0000-f479ea7a4580,yemi yusuf 4336,male,60,senior,JP,2026-05-07T09:42:36.003555Z
019e01d1-52e5-0000-0000-bbd18ad253b6,irene mensah 4337,male,45,adult,ZA,2026-05-07T09:42:36.005094Z
019e01d1-52ea-0000-0000-9059f2526bd1,zara diallo 4340,male,20,adult,FR,2026-05-07T09:42:36.010499Z
019e01d1-52ec-0000-0000-7df5847b1388,moses ganiyu 4341,male,33,adult,BR,2026-05-07T09:42:36.012089Z
019e01d1-52fd-0000-0000-03ab8f85b9d9,sola ganiyu 4344,male,65,senior,NG,2026-05-07T09:42:36.030030Z
019e01d1-5307-0000-0000-8ae366faabaf,uche eze 4347,male,62,senior,CA,2026-05-07T09:42:36.039414Z
019e01d1-5313-0000-0000-984e6ffc11a0,yvonne kalu 4351,male,75,senior,AU,2026-05-07T09:42:36.051210Z
019e01d1-5316-0000-0000-3d9edf35fde5,pita usman 4352,male,85,senior,KE,2026-05-07T09:42:36.054038Z
019e01d1-5319-0000-0000-cf43c33e6a45,helen hassan 4354,male,46,adult,JP,2026-05-07T09:42:36.057887Z
019e01d1-5329-0000-0000-3dac10c8c99b,queen dada 4360,male,34,adult,KE,2026-05-07T09:42:36.073162Z
019e01d1-532a-0000-0000-70adf5bb9cc3,sola vincent 4361,male,25,adult,GB,2026-05-07T09:42:36.074841Z
019e01d1-532d-0000-0000-6ef31d12c115,bolu ganiyu 4362,male,85,senior,ET,2026-05-07T09:42:36.077505Z
019e01d1-5336-0000-0000-fef702a36ae5,jumoke eze 4366,male,84,senior,DE,2026-05-07T09:42:36.086782Z
019e01d1-5338-0000-0000-15f785514153,kehinde nwosu 4367,male,81,senior,FR,2026-05-07T09:42:36.088775Z
019e01d1-533a-0000-0000-513129fb21f4,blessing xavier 4368,male,27,adult,BR,2026-05-07T09:42:36.090620Z
019e01d1-5348-0000-0000-cd64f71d26dc,ikenna williams 4370,male,44,adult,NG,2026-05-07T09:42:36.104085Z
019e01d1-5355-0000-0000-5b7714e2561e,david yakubu 4376,male,75,senior,CA,2026-05-07T09:42:36.117157Z
019e01d1-5358-0000-0000-d68457f71e85,nkem diallo 4378,male,82,senior,FR,2026-05-07T09:42:36.120744Z
019e01d1-535e-0000-0000-54064b88abf6,patience ogundele 4381,male,27,adult,NG,2026-05-07T09:42:36.126289Z
019e01d1-5362-0000-0000-d8d0016d0efc,kemi dada 4383,male,40,adult,GB,2026-05-07T09:42:36.130055Z
019e01d1-5363-0000-0000-96fb280a5122,babatunde ganiyu 4384,male,78,senior,GH,2026-05-07T09:42:36.131747Z
019e01d1-5365-0000-0000-5c4db09b461b,ahmed osei 4385,male,51,adult,SN,2026-05-07T09:42:36.133379Z
019e01d1-536a-0000-0000-3bb09773d85b,ola chukwu 4386,male,78,senior,DE,2026-05-07T09:42:36.138272Z
019e01d1-5372-0000-0000-8b3916dbeaaf,folake bakare 4388,male,81,senior,CI,2026-05-07T09:42:36.146463Z
019e01d1-5374-0000-0000-426429c88716,adaeze dada 4389,male,57,adult,DE,2026-05-07T09:42:36.148979Z
019e01d1-5381-0000-0000-fcce066c56f9,qudus hassan 4394,male,82,senior,UG,2026-05-07T09:42:36.161119Z
019e01d1-5383-0000-0000-493a289d01b0,henry mba 4395,male,34,adult,CA,2026-05-07T09:42:36.163372Z
019e01d1-538a-0000-0000-e7e55e24e187,ahmed mensah 4397,male,25,adult,ZA,2026-05-07T09:42:36.170719Z
019e01d1-5398-0000-0000-585605eebd3e,henry chukwu 4399,male,80,senior,TZ,2026-05-07T09:42:36.184440Z
019e01d1-539b-0000-0000-d5065101cd94,lola xavier 4400,male,19,teenager,DE,2026-05-07T09:42:36.187086Z
019e01d1-539d-0000-0000-824ab372f946,udoka ibrahim 4401,male,65,senior,JP,2026-05-07T09:42:36.189278Z
019e01d1-539f-0000-0000-2738bd3fcef1,udoka usman 4402,male,14,teenager,AU,2026-05-07T09:42:36.191736Z
019e01d1-53a7-0000-0000-5c1f94f6fd97,mercy eze 4405,male,64,senior,CA,2026-05-07T09:42:36.199073Z
019e01d1-53a9-0000-0000-405ff208ddf8,dayo chukwu 4406,male,83,senior,GB,2026-05-07T09:42:36.201489Z
019e01d1-53ae-0000-0000-b27de10407a2,remi osei 4409,male,77,senior,UG,2026-05-07T09:42:36.206951Z
019e01d1-53b3-0000-0000-7a7bc300feca,lydia mensah 4411,male,53,adult,CN,2026-05-07T09:42:36.211457Z
019e01d1-53b5-0000-0000-54a091d30771,onome bakare 4412,male,7,child,UG,2026-05-07T09:42:36.213276Z
019e01d1-53b9-0000-0000-957d5d3376a9,nora raji 4413,male,84,senior,ZA,2026-05-07T09:42:36.217222Z
019e01d1-53ba-0000-0000-057b9d9ceaff,xola yusuf 4414,male,7,child,GB,2026-05-07T09:42:36.218959Z
019e01d1-53c8-0000-0000-41dbee1dd434,ola diallo 4417,male,25,adult,SN,2026-05-07T09:42:36.232623Z
019e01d1-53ca-0000-0000-46e67adf7b90,ola musa 4418,male,77,senior,CA,2026-05-07T09:42:36.234680Z
019e01d1-53ce-0000-0000-dbd8258ae53b,qudus yusuf 4420,male,69,senior,ZA,2026-05-07T09:42:36.238391Z
019e01d1-53d1-0000-0000-f8e9f8a77598,qudus lawal 4422,male,14,teenager,IN,2026-05-07T09:42:36.241954Z
019e01d1-53d3-0000-0000-7944c8568259,ahmed hassan 4423,male,31,adult,CI,2026-05-07T09:42:36.243732Z
019e01d1-53d7-0000-0000-8ebb2a6a7afe,hauwa usman 4425,male,32,adult,JP,2026-05-07T09:42:36.247245Z
019e01d1-53dd-0000-0000-b84620a614a6,helen mensah 4426,male,61,senior,ET,2026-05-07T09:42:36.253955Z
019e01d1-53e3-0000-0000-47d1f9126cfe,qudus ogundele 4429,male,19,teenager,AU,2026-05-07T09:42:36.259881Z
019e01d1-53e7-0000-0000-2b7029279d9b,ikenna bakare 4430,male,22,adult,CN,2026-05-07T09:42:36.264014Z
019e01d1-53f2-0000-0000-87fd06b17c77,tunde nwosu 4432,male,21,adult,EG,2026-05-07T09:42:36.274113Z
019e01d1-53f6-0000-0000-4d90dc01459a,remi johnson 4434,male,8,child,UG,2026-05-07T09:42:36.278785Z
019e01d1-53f8-0000-0000-f12ef0f27054,chidi yakubu 4435,male,21,adult,CA,2026-05-07T09:42:36.280840Z
019e01d1-5401-0000-0000-171724ebe20a,adaeze adekunle 4438,male,40,adult,CN,2026-05-07T09:42:36.289493Z
019e01d1-5403-0000-0000-be85375beeda,funmi yusuf 4439,male,45,adult,US,2026-05-07T09:42:36.291502Z
019e01d1-5416-0000-0000-c7336f3b6868,kunle taiwo 4444,male,23,adult,IN,2026-05-07T09:42:36.310302Z
019e01d1-5418-0000-0000-5033eb553b32,yemi lawal 4445,male,2,child,ET,2026-05-07T09:42:36.312051Z
019e01d1-541b-0000-0000-8e1bbfe8e3ec,lawal kamara 4447,male,20,adult,ZA,2026-05-07T09:42:36.315710Z
019e01d1-5421-0000-0000-fa1352355004,jumoke vincent 4449,male,57,adult,CI,2026-05-07T09:42:36.321222Z
019e01d1-5425-0000-0000-d30fc03a8123,ola ibrahim 4451,male,61,senior,TZ,2026-05-07T09:42:36.325094Z
019e01d1-5426-0000-0000-bc80b52ed702,voke osei 4452,male,36,adult,TZ,2026-05-07T09:42:36.326997Z
019e01d1-5429-0000-0000-343507a1d784,zara ogundele 4453,male,53,adult,ET,2026-05-07T09:42:36.329873Z
019e01d1-542d-0000-0000-008461c030b3,qudus idowu 4454,male,36,adult,KE,2026-05-07T09:42:36.333785Z
019e01d1-542f-0000-0000-f5124634986c,richard xavier 4455,male,16,teenager,ZA,2026-05-07T09:42:36.335575Z
019e01d1-5431-0000-0000-30ca152e9a21,kunle adekunle 4456,male,45,adult,NG,2026-05-07T09:42:36.337810Z
019e01d1-5435-0000-0000-c13dda3a6721,funmi salami 4458,male,16,teenager,ET,2026-05-07T09:42:36.341791Z
019e01d1-543f-0000-0000-3a1aebe6b33f,henry kamara 4461,male,47,adult,US,2026-05-07T09:42:36.351824Z
019e01d1-5441-0000-0000-79468c4724cd,musa salami 4462,male,35,adult,EG,2026-05-07T09:42:36.353871Z
019e01d1-5443-0000-0000-d740f2a20ad6,dayo raji 4463,male,2,child,CA,2026-05-07T09:42:36.355786Z
019e01d1-544b-0000-0000-bd46396522c8,grace diallo 4464,male,61,senior,ZA,2026-05-07T09:42:36.363392Z
019e01d1-5451-0000-0000-d7b64888c601,jumoke diallo 4467,male,44,adult,GB,2026-05-07T09:42:36.369565Z
019e01d1-5454-0000-0000-eba986c02f9f,gbenga mensah 4469,male,78,senior,GH,2026-05-07T09:42:36.372716Z
019e01d1-5456-0000-0000-248aec99883c,queen taiwo 4470,male,51,adult,ET,2026-05-07T09:42:36.374170Z
019e01d1-5457-0000-0000-e9c878a632f4,zainab williams 4471,male,19,teenager,ZA,2026-05-07T09:42:36.375583Z
019e01d1-545a-0000-0000-0b9a184b2f00,grace eze 4473,male,54,adult,CA,2026-05-07T09:42:36.378359Z
019e01d1-545b-0000-0000-6446c12a4c28,jumoke kamara 4474,male,10,child,JP,2026-05-07T09:42:36.379801Z
019e01d1-545e-0000-0000-265e9fe26e86,chiamaka mensah 4476,male,70,senior,ET,2026-05-07T09:42:36.382828Z
019e01d1-5460-0000-0000-bf413a473684,patience johnson 4477,male,69,senior,KE,2026-05-07T09:42:36.384190Z
019e01d1-5463-0000-0000-ae9a17058b10,kunle mensah 4479,male,17,teenager,BR,2026-05-07T09:42:36.387119Z
019e01d1-5465-0000-0000-93b52fe95be1,gbenga eze 4481,male,15,teenager,JP,2026-05-07T09:42:36.389993Z
019e01d1-5467-0000-0000-2fbdd9000ba1,kemi williams 4482,male,18,teenager,ET,2026-05-07T09:42:36.391421Z
019e01d1-546a-0000-0000-fd422ebc2b69,patience kamara 4484,male,51,adult,ZA,2026-05-07T09:42:36.394136Z
019e01d1-546b-0000-0000-17faed4fc8b9,patience peters 4485,male,21,adult,CA,2026-05-07T09:42:36.395810Z
019e01d1-5472-0000-0000-c5ac4ca9bfa2,dimma adesanya 4489,male,24,adult,CA,2026-05-07T09:42:36.402292Z
019e01d1-5478-0000-0000-677736e91ef4,bolu ibrahim 4493,male,52,adult,ZA,2026-05-07T09:42:36.408348Z
019e01d1-5479-0000-0000-ed66b3a9196f,adaeze xavier 4494,male,32,adult,CA,2026-05-07T09:42:36.409763Z
019e01d1-547c-0000-0000-c587936d1d08,ngozi fashola 4496,male,19,teenager,BR,2026-05-07T09:42:36.412788Z
019e01d1-547e-0000-0000-ad4684a0356b,chidi peters 4497,male,21,adult,EG,2026-05-07T09:42:36.414284Z
019e01d1-5481-0000-0000-d325584dcccd,tunde raji 4499,male,74,senior,TZ,2026-05-07T09:42:36.417390Z
019e01d1-5486-0000-0000-084c4562b6e5,nkem kamara 4502,male,13,teenager,TZ,2026-05-07T09:42:36.422367Z
019e01d1-5489-0000-0000-5feff7d31234,pita vincent 4504,male,7,child,DE,2026-05-07T09:42:36.425325Z
019e01d1-548a-0000-0000-d44b9d81891c,yvonne ogundele 4505,male,13,teenager,FR,2026-05-07T09:42:36.426754Z
019e01d1-548c-0000-0000-a20e7e3a3f51,dayo adekunle 4506,male,51,adult,UG,2026-05-07T09:42:36.428225Z
019e01d1-548f-0000-0000-db71fd858150,helen williams 4508,male,79,senior,US,2026-05-07T09:42:36.431457Z
019e01d1-5494-0000-0000-a6eab7a03538,ikenna diallo 4511,male,7,child,CI,2026-05-07T09:42:36.436363Z
019e01d1-5497-0000-0000-12fc2e9ffac5,seun lawal 4513,male,82,senior,CN,2026-05-07T09:42:36.439335Z
019e01d1-5498-0000-0000-94043c57185f,vivian adesanya 4514,male,82,senior,NG,2026-05-07T09:42:36.440732Z
019e01d1-549a-0000-0000-b5769710420c,voke ganiyu 4515,male,23,adult,CN,2026-05-07T09:42:36.442322Z
019e01d1-549b-0000-0000-693d8ec54df3,precious hassan 4516,male,44,adult,FR,2026-05-07T09:42:36.443776Z
019e01d1-549e-0000-0000-7bd06a908ffb,chidi yakubu 4518,male,56,adult,IN,2026-05-07T09:42:36.446762Z
019e01d1-54a9-0000-0000-c4d75ca0b51f,musa osei 4525,male,18,teenager,FR,2026-05-07T09:42:36.457476Z
019e01d1-54ab-0000-0000-b62c8ea88c85,zara mba 4526,male,26,adult,US,2026-05-07T09:42:36.459056Z
019e01d1-54ac-0000-0000-a4a04b33c263,grace johnson 4527,male,35,adult,CN,2026-05-07T09:42:36.460806Z
019e01d1-54ae-0000-0000-475324098c1d,irene hassan 4528,male,76,senior,FR,2026-05-07T09:42:36.462284Z
019e01d1-54af-0000-0000-cbe2ae14c34f,funmi yusuf 4529,male,20,adult,EG,2026-05-07T09:42:36.463754Z
019e01d1-54b4-0000-0000-a7620e926d62,victor ibrahim 4532,male,77,senior,DE,2026-05-07T09:42:36.468232Z
019e01d1-54b8-0000-0000-944965c8f3b9,kunle usman 4535,male,43,adult,DE,2026-05-07T09:42:36.472640Z
019e01d1-54bb-0000-0000-55820fbe1bb4,kemi ibrahim 4537,male,11,child,US,2026-05-07T09:42:36.475489Z
019e01d1-54bc-0000-0000-78f443d4b266,patience salami 4538,male,45,adult,AU,2026-05-07T09:42:36.476798Z
019e01d1-54bf-0000-0000-a26c3fee1a3e,amara kalu 4540,male,56,adult,ZA,2026-05-07T09:42:36.479768Z
019e01d1-54c1-0000-0000-1c2f3b575f2d,remi ibrahim 4541,male,77,senior,FR,2026-05-07T09:42:36.481123Z
019e01d1-54c2-0000-0000-c03c0f4fbb5e,patience adekunle 4542,male,59,adult,ET,2026-05-07T09:42:36.482532Z
019e01d1-54c6-0000-0000-91988bd86463,felix raji 4545,male,76,senior,CN,2026-05-07T09:42:36.486830Z
019e01d1-54cc-0000-0000-a0350380c790,pita idowu 4549,male,43,adult,JP,2026-05-07T09:42:36.492240Z
019e01d1-54d0-0000-0000-ff72a51bad89,zainab yusuf 4552,male,55,adult,BR,2026-05-07T09:42:36.496302Z
019e01d1-54d1-0000-0000-41d538e12b9b,richard vincent 4553,male,59,adult,GB,2026-05-07T09:42:36.497576Z
019e01d1-54d4-0000-0000-9f74cb231456,lydia peters 4555,male,66,senior,ET,2026-05-07T09:42:36.500334Z
019e01d1-54d7-0000-0000-8e4df8aacf38,pita osei 4557,male,69,senior,ET,2026-05-07T09:42:36.503567Z
019e01d1-54da-0000-0000-4f542b8c4d61,lola raji 4559,male,41,adult,CN,2026-05-07T09:42:36.506359Z
019e01d1-54dc-0000-0000-3b425045f783,ngozi ogundele 4560,male,38,adult,ET,2026-05-07T09:42:36.508166Z
019e01d1-54e2-0000-0000-232faf591c88,udoka mensah 4564,male,36,adult,IN,2026-05-07T09:42:36.514296Z
019e01d1-54e3-0000-0000-13cfa2de3d86,gbenga williams 4565,male,36,adult,SN,2026-05-07T09:42:36.515758Z
019e01d1-54e7-0000-0000-c35a35990760,folake johnson 4568,male,2,child,ZA,2026-05-07T09:42:36.519904Z
019e01d1-54eb-0000-0000-457888f4446c,patience taiwo 4570,male,73,senior,FR,2026-05-07T09:42:36.523082Z
019e01d1-54f6-0000-0000-ffe1cb20d049,grace taiwo 4577,male,46,adult,JP,2026-05-07T09:42:36.534194Z
019e01d1-54f9-0000-0000-bb5efe8eb470,xola eze 4579,male,58,adult,GB,2026-05-07T09:42:36.537099Z
019e01d1-54fe-0000-0000-718aa83d759a,wunmi fashola 4583,male,59,adult,EG,2026-05-07T09:42:36.542679Z
019e01d1-5503-0000-0000-431b556ca2cb,xola bakare 4586,male,9,child,US,2026-05-07T09:42:36.547607Z
019e01d1-5504-0000-0000-f4a530ed145e,esther mensah 4587,male,16,teenager,ET,2026-05-07T09:42:36.549019Z
019e01d1-5506-0000-0000-5bb7a0700f1e,wale ganiyu 4588,male,58,adult,BR,2026-05-07T09:42:36.550467Z
019e01d1-550f-0000-0000-767b84f43f8d,funmi lawal 4594,male,55,adult,FR,2026-05-07T09:42:36.559698Z
019e01d1-5514-0000-0000-3183059cf498,ifeoma kamara 4597,male,47,adult,FR,2026-05-07T09:42:36.564807Z
019e01d1-5517-0000-0000-22af251cff1a,cynthia adekunle 4599,male,13,teenager,JP,2026-05-07T09:42:36.568007Z
019e01d1-5519-0000-0000-e76c7520a12d,bolu fashola 4600,male,14,teenager,FR,2026-05-07T09:42:36.569882Z
019e01d1-551e-0000-0000-eec8b4439f8e,victor mba 4603,male,81,senior,ZA,2026-05-07T09:42:36.574656Z
019e01d1-5520-0000-0000-5cbeaf8c9021,remi hassan 4604,male,2,child,EG,2026-05-07T09:42:36.576092Z
019e01d1-5521-0000-0000-53b558f1ffe9,wale salami 4605,male,2,child,UG,2026-05-07T09:42:36.577748Z
019e01d1-5523-0000-0000-e7ed807a5200,dayo vincent 4606,male,6,child,CN,2026-05-07T09:42:36.579376Z
019e01d1-5526-0000-0000-aaf6bc732d97,esther bakare 4608,male,77,senior,CN,2026-05-07T09:42:36.582326Z
019e01d1-552e-0000-0000-acc98119fd11,moses salami 4614,male,69,senior,JP,2026-05-07T09:42:36.590911Z
019e01d1-5530-0000-0000-104e0bb846ea,helen vincent 4615,male,35,adult,ET,2026-05-07T09:42:36.592347Z
019e01d1-5539-0000-0000-5e70796643b9,wale xavier 4621,male,61,senior,CA,2026-05-07T09:42:36.601294Z
019e01d1-553b-0000-0000-3954a884395f,ximena kamara 4622,male,19,teenager,UG,2026-05-07T09:42:36.603087Z
019e01d1-553d-0000-0000-2fe9b0aca537,babatunde okonkwo 4624,male,69,senior,ZA,2026-05-07T09:42:36.605979Z
019e01d1-5542-0000-0000-8d521f1c5192,ahmed yusuf 4627,male,41,adult,CN,2026-05-07T09:42:36.610394Z
019e01d1-5544-0000-0000-525a2303fd78,nkem yakubu 4628,male,63,senior,ET,2026-05-07T09:42:36.612150Z
019e01d1-5547-0000-0000-66a903baed6f,vivian nwosu 4630,male,8,child,EG,2026-05-07T09:42:36.616012Z
019e01d1-554d-0000-0000-d5a0921e6352,james osei 4634,male,3,child,FR,2026-05-07T09:42:36.621591Z
019e01d1-554f-0000-0000-09d02ac90be6,amara ibrahim 4635,male,45,adult,UG,2026-05-07T09:42:36.623309Z
019e01d1-5554-0000-0000-70a07f41234d,nora adesanya 4638,male,30,adult,ET,2026-05-07T09:42:36.628346Z
019e01d1-555b-0000-0000-2b9915771425,pita chukwu 4643,male,46,adult,GB,2026-05-07T09:42:36.635733Z
019e01d1-555f-0000-0000-13e56459da8a,susan ibrahim 4645,male,83,senior,FR,2026-05-07T09:42:36.639082Z
019e01d1-5560-0000-0000-c25e6edc4fbe,cynthia salami 4646,male,3,child,DE,2026-05-07T09:42:36.640441Z
019e01d1-5561-0000-0000-8722b8bf0f7a,jumoke dada 4647,male,28,adult,AU,2026-05-07T09:42:36.641912Z
019e01d1-5563-0000-0000-f9884dfece50,remi musa 4648,male,80,senior,TZ,2026-05-07T09:42:36.643431Z
019e01d1-5569-0000-0000-15faff40bdd5,ikenna taiwo 4652,male,17,teenager,US,2026-05-07T09:42:36.649522Z
019e01d1-556a-0000-0000-0ba62357a99f,udoka dada 4653,male,33,adult,NG,2026-05-07T09:42:36.650833Z
019e01d1-556d-0000-0000-b257c86dac51,obiora ibrahim 4655,male,33,adult,DE,2026-05-07T09:42:36.653562Z
019e01d1-556e-0000-0000-639b0b5d906c,vivian raji 4656,male,24,adult,ZA,2026-05-07T09:42:36.655015Z
019e01d1-5570-0000-0000-3b65fc4629cc,emeka johnson 4657,male,22,adult,DE,2026-05-07T09:42:36.656515Z
019e01d1-5573-0000-0000-516802f3d4f7,lola eze 4659,male,6,child,CA,2026-05-07T09:42:36.659630Z
019e01d1-5578-0000-0000-0f65d59be8be,adaeze dada 4662,male,39,adult,AU,2026-05-07T09:42:36.664167Z
019e01d1-5584-0000-0000-554b1d9c84ea,sola taiwo 4670,male,65,senior,EG,2026-05-07T09:42:36.676896Z
019e01d1-5586-0000-0000-0acca5efcee3,folake adekunle 4671,male,62,senior,KE,2026-05-07T09:42:36.678430Z
019e01d1-558c-0000-0000-4a1f6e16a89f,vivian raji 4675,male,68,senior,DE,2026-05-07T09:42:36.684029Z
019e01d1-558d-0000-0000-6247e8777583,william kalu 4676,male,1,child,GH,2026-05-07T09:42:36.685362Z
019e01d1-558f-0000-0000-1d6963fd1217,cynthia musa 4677,male,65,senior,EG,2026-05-07T09:42:36.687075Z
019e01d1-5592-0000-0000-d0e3840d8a79,wunmi diallo 4679,male,38,adult,EG,2026-05-07T09:42:36.690197Z
019e01d1-5593-0000-0000-53780088773b,remi fashola 4680,male,62,senior,GH,2026-05-07T09:42:36.691605Z
019e01d1-5595-0000-0000-75a46f33cef3,wunmi quadri 4681,male,66,senior,DE,2026-05-07T09:42:36.693045Z
019e01d1-5598-0000-0000-b109f485ca11,david usman 4683,male,68,senior,KE,2026-05-07T09:42:36.696142Z
019e01d1-5599-0000-0000-62ad56415cb2,hauwa yusuf 4684,male,25,adult,EG,2026-05-07T09:42:36.697520Z
019e01d1-55a6-0000-0000-f31c89830992,tunde mensah 4693,male,3,child,JP,2026-05-07T09:42:36.710979Z
019e01d1-55a8-0000-0000-0dac7c41ce13,patience dada 4694,male,25,adult,SN,2026-05-07T09:42:36.712337Z
019e01d1-55a9-0000-0000-eda1d5d0e6df,gbenga yakubu 4695,male,54,adult,ZA,2026-05-07T09:42:36.713682Z
019e01d1-55ae-0000-0000-13985bd79a83,funmi osei 4698,male,80,senior,TZ,2026-05-07T09:42:36.718168Z
019e01d1-55af-0000-0000-137b340c9935,wunmi eze 4699,male,36,adult,UG,2026-05-07T09:42:36.719539Z
019e01d1-55b3-0000-0000-440c821470e7,wale lawal 4702,male,57,adult,NG,2026-05-07T09:42:36.723907Z
019e01d1-55b5-0000-0000-d9c0eb732128,precious okonkwo 4703,male,11,child,IN,2026-05-07T09:42:36.725290Z
019e01d1-55b6-0000-0000-09adc438fb42,yemi taiwo 4704,male,49,adult,TZ,2026-05-07T09:42:36.726810Z
019e01d1-55be-0000-0000-0c21f0fd117e,lawal peters 4709,male,32,adult,KE,2026-05-07T09:42:36.734464Z
019e01d1-55bf-0000-0000-97b3def15571,ahmed williams 4710,male,56,adult,AU,2026-05-07T09:42:36.735850Z
019e01d1-55c3-0000-0000-3cde2505cbb6,efosa salami 4712,male,65,senior,FR,2026-05-07T09:42:36.739083Z
019e01d1-55c4-0000-0000-adbbf99ffba8,folake adekunle 4713,male,66,senior,TZ,2026-05-07T09:42:36.740696Z
019e01d1-55ca-0000-0000-8ba4cdcdf15a,timothy musa 4717,male,16,teenager,ZA,2026-05-07T09:42:36.746833Z
019e01d1-55cf-0000-0000-1c6468764401,zara fashola 4720,male,52,adult,SN,2026-05-07T09:42:36.751406Z
019e01d1-55d2-0000-0000-f94eeec26878,blessing diallo 4722,male,35,adult,CI,2026-05-07T09:42:36.754349Z
019e01d1-55d6-0000-0000-adc107e240a9,godwin bakare 4725,male,2,child,GH,2026-05-07T09:42:36.758761Z
019e01d1-55d8-0000-0000-541b44cb7478,zainab ibrahim 4726,male,19,teenager,BR,2026-05-07T09:42:36.760584Z
019e01d1-55da-0000-0000-67de066771d3,voke williams 4727,male,67,senior,SN,2026-05-07T09:42:36.762547Z
019e01d1-55db-0000-0000-306e8e9370bd,folake adesanya 4728,male,28,adult,UG,2026-05-07T09:42:36.763966Z
019e01d1-55df-0000-0000-66004757bec9,jide kamara 4730,male,5,child,UG,2026-05-07T09:42:36.767430Z
019e01d1-55e6-0000-0000-86bc01cc67b8,chiamaka traore 4734,male,63,senior,UG,2026-05-07T09:42:36.774924Z
019e01d1-55eb-0000-0000-f69ab4d61d29,musa ogundele 4736,male,10,child,DE,2026-05-07T09:42:36.779147Z
019e01d1-55ed-0000-0000-675ede565570,emeka vincent 4737,male,44,adult,NG,2026-05-07T09:42:36.781256Z
019e01d1-55f2-0000-0000-3c4ea6263ecf,jumoke fashola 4740,male,85,senior,GH,2026-05-07T09:42:36.786367Z
019e01d1-55f4-0000-0000-45a79d61cd66,dimma usman 4741,male,12,child,ZA,2026-05-07T09:42:36.788425Z
019e01d1-55f6-0000-0000-25c3fc5e8750,james bakare 4742,male,75,senior,IN,2026-05-07T09:42:36.790526Z
019e01d1-55f9-0000-0000-382dab2bbad6,david adesanya 4744,male,34,adult,KE,2026-05-07T09:42:36.793329Z
019e01d1-55fa-0000-0000-b31692b15416,bolu idowu 4745,male,62,senior,FR,2026-05-07T09:42:36.794823Z
019e01d1-5600-0000-0000-7e57f5d8a892,rasheed musa 4749,male,21,adult,SN,2026-05-07T09:42:36.801009Z
019e01d1-5602-0000-0000-94c07954da20,pita diallo 4750,male,66,senior,ZA,2026-05-07T09:42:36.802372Z
019e01d1-5603-0000-0000-e18786266e9b,uche bakare 4751,male,5,child,CN,2026-05-07T09:42:36.803811Z
019e01d1-5606-0000-0000-b5af42c0464d,xola ogundele 4753,male,22,adult,CA,2026-05-07T09:42:36.806802Z
019e01d1-5608-0000-0000-ca3a4307dbe1,susan williams 4754,male,22,adult,UG,2026-05-07T09:42:36.808292Z
019e01d1-560b-0000-0000-4f2e4f976e74,obiora dada 4756,male,60,senior,GH,2026-05-07T09:42:36.811102Z
019e01d1-5610-0000-0000-4e9fa76af87b,sola ogundele 4760,male,26,adult,NG,2026-05-07T09:42:36.816987Z
019e01d1-5613-0000-0000-28712edef09f,yusuf adesanya 4762,male,31,adult,FR,2026-05-07T09:42:36.819973Z
019e01d1-5615-0000-0000-32f704e9fbe6,obiora adekunle 4763,male,79,senior,UG,2026-05-07T09:42:36.821373Z
019e01d1-5616-0000-0000-5ef3894bec36,funmi yakubu 4764,male,75,senior,CA,2026-05-07T09:42:36.822745Z
019e01d1-5618-0000-0000-0c7af9c5c002,jumoke okonkwo 4765,male,55,adult,GH,2026-05-07T09:42:36.824091Z
019e01d1-561a-0000-0000-2892b79bb106,kehinde adekunle 4766,male,65,senior,UG,2026-05-07T09:42:36.826368Z
019e01d1-561f-0000-0000-644a11192c02,tunde usman 4769,male,37,adult,CI,2026-05-07T09:42:36.831100Z
019e01d1-5620-0000-0000-d46ca897db68,kehinde usman 4770,male,75,senior,CN,2026-05-07T09:42:36.832624Z
019e01d1-5622-0000-0000-4c71bec32c3f,henry raji 4771,male,73,senior,CA,2026-05-07T09:42:36.834374Z
019e01d1-5623-0000-0000-49cadd8b11df,xola adesanya 4772,male,81,senior,US,2026-05-07T09:42:36.835890Z
019e01d1-5625-0000-0000-76e4238ef863,dimma kamara 4773,male,32,adult,US,2026-05-07T09:42:36.837303Z
019e01d1-562d-0000-0000-16ffbc4cd78a,remi dada 4779,male,78,senior,CI,2026-05-07T09:42:36.845839Z
019e01d1-5630-0000-0000-5a2eaecc690a,zainab raji 4781,male,21,adult,BR,2026-05-07T09:42:36.848760Z
019e01d1-5632-0000-0000-6002e07eb91e,patience ogundele 4782,male,81,senior,BR,2026-05-07T09:42:36.850147Z
019e01d1-5633-0000-0000-cd52f3638548,uche adekunle 4783,male,4,child,GB,2026-05-07T09:42:36.851478Z
019e01d1-5634-0000-0000-7a4ed9454871,wale salami 4784,male,54,adult,CN,2026-05-07T09:42:36.852903Z
019e01d1-5637-0000-0000-e0af4ea7badf,ifeoma ganiyu 4786,male,80,senior,NG,2026-05-07T09:42:36.855522Z
019e01d1-5638-0000-0000-d055d0d87afc,david hassan 4787,male,2,child,NG,2026-05-07T09:42:36.856802Z
019e01d1-563a-0000-0000-127ce39a19bf,precious nwosu 4788,male,57,adult,CA,2026-05-07T09:42:36.858071Z
019e01d1-563f-0000-0000-465f68c5238d,qudus osei 4792,male,6,child,IN,2026-05-07T09:42:36.863608Z
019e01d1-5640-0000-0000-c5b739dcd383,moses mensah 4793,male,10,child,CI,2026-05-07T09:42:36.864994Z
019e01d1-5643-0000-0000-38180e16c319,usman musa 4795,male,39,adult,GH,2026-05-07T09:42:36.867885Z
019e01d1-5645-0000-0000-ef2190b88aa8,henry musa 4796,male,12,child,TZ,2026-05-07T09:42:36.869293Z
019e01d1-5646-0000-0000-c5fa6bae61b3,william chukwu 4797,male,37,adult,GB,2026-05-07T09:42:36.871007Z
019e01d1-564b-0000-0000-b68bbfff954d,susan kamara 4800,male,43,adult,CN,2026-05-07T09:42:36.875573Z
019e01d1-564d-0000-0000-841570e5cda5,yemi idowu 4801,male,54,adult,IN,2026-05-07T09:42:36.877088Z
019e01d1-5652-0000-0000-e3bd5ae0f396,kehinde kalu 4804,male,18,teenager,GH,2026-05-07T09:42:36.882140Z
019e01d1-5653-0000-0000-b40590ec7844,rasheed mba 4805,male,57,adult,AU,2026-05-07T09:42:36.883553Z
019e01d1-5656-0000-0000-7a883f5dd119,uche dada 4807,male,71,senior,ZA,2026-05-07T09:42:36.886839Z
019e01d1-565d-0000-0000-8391b542bd7b,cynthia ganiyu 4811,male,32,adult,BR,2026-05-07T09:42:36.893480Z
019e01d1-5662-0000-0000-8516a8285af3,jumoke yakubu 4813,male,25,adult,ZA,2026-05-07T09:42:36.898222Z
019e01d1-566f-0000-0000-4e4f9997f7c9,moses salami 4817,male,58,adult,CN,2026-05-07T09:42:36.911074Z
019e01d1-5673-0000-0000-45fc120f5b2d,victor johnson 4819,male,83,senior,ET,2026-05-07T09:42:36.915312Z
019e01d1-5675-0000-0000-b8525dafea37,tunde quadri 4820,male,10,child,CI,2026-05-07T09:42:36.917325Z
019e01d1-5677-0000-0000-c72d3e295c71,toyin bakare 4821,male,17,teenager,US,2026-05-07T09:42:36.919111Z
019e01d1-567a-0000-0000-9cd3ff995b2a,vivian hassan 4823,male,21,adult,UG,2026-05-07T09:42:36.922509Z
019e01d1-567c-0000-0000-091627bd35d0,kemi ibrahim 4824,male,7,child,JP,2026-05-07T09:42:36.924033Z
019e01d1-567d-0000-0000-f30e66b3ef2a,queen vincent 4825,male,44,adult,TZ,2026-05-07T09:42:36.925509Z
019e01d1-567e-0000-0000-fda68ecd3869,henry williams 4826,male,63,senior,SN,2026-05-07T09:42:36.926910Z
019e01d1-5680-0000-0000-56ad720df8dc,victor xavier 4827,male,42,adult,SN,2026-05-07T09:42:36.928396Z
019e01d1-5683-0000-0000-85a4764e9889,nkem bakare 4829,male,44,adult,GH,2026-05-07T09:42:36.931618Z
019e01d1-5685-0000-0000-aaecd1fdef8b,voke kamara 4830,male,68,senior,DE,2026-05-07T09:42:36.933073Z
019e01d1-5686-0000-0000-16cef322910a,toyin peters 4831,male,80,senior,SN,2026-05-07T09:42:36.934579Z
019e01d1-5688-0000-0000-84bde9e8bd38,seun raji 4832,male,16,teenager,GB,2026-05-07T09:42:36.936155Z
019e01d1-568d-0000-0000-10987fde476e,irene okonkwo 4835,male,62,senior,CN,2026-05-07T09:42:36.941467Z
019e01d1-568e-0000-0000-1d7b5acd50d0,lydia ibrahim 4836,male,75,senior,US,2026-05-07T09:42:36.942960Z
019e01d1-5690-0000-0000-f967fb47111b,seun quadri 4837,male,38,adult,BR,2026-05-07T09:42:36.944841Z
019e01d1-5692-0000-0000-212dcc0981f6,jide ganiyu 4838,male,72,senior,BR,2026-05-07T09:42:36.946582Z
019e01d1-5695-0000-0000-6b9d760a4af0,ngozi usman 4840,male,14,teenager,FR,2026-05-07T09:42:36.949511Z
019e01d1-5697-0000-0000-6d6b5992a1f3,victor chukwu 4841,male,32,adult,AU,2026-05-07T09:42:36.951490Z
019e01d1-569d-0000-0000-cb391fa5377f,ximena vincent 4844,male,36,adult,KE,2026-05-07T09:42:36.957448Z
019e01d1-56a8-0000-0000-982845753cc0,nora yakubu 4850,male,67,senior,EG,2026-05-07T09:42:36.968184Z
019e01d1-56a9-0000-0000-08209a6edcc9,ola williams 4851,male,70,senior,US,2026-05-07T09:42:36.969609Z
019e01d1-56ac-0000-0000-ce1d177c5728,victor adesanya 4853,male,2,child,AU,2026-05-07T09:42:36.972569Z
019e01d1-56ae-0000-0000-9f3d05497be1,lola idowu 4854,male,17,teenager,KE,2026-05-07T09:42:36.974197Z
019e01d1-56b1-0000-0000-a7ee9335c9c6,felix okonkwo 4856,male,81,senior,ZA,2026-05-07T09:42:36.977137Z
019e01d1-56b2-0000-0000-09b79ed96c81,onome dada 4857,male,19,teenager,AU,2026-05-07T09:42:36.978684Z
019e01d1-56b4-0000-0000-540d8840b029,amara chukwu 4858,male,38,adult,JP,2026-05-07T09:42:36.980407Z
019e01d1-56b6-0000-0000-85a1fabf09cc,ola salami 4859,male,51,adult,BR,2026-05-07T09:42:36.982199Z
019e01d1-56be-0000-0000-7ae45f573df9,precious lawal 4864,male,29,adult,GB,2026-05-07T09:42:36.990058Z
019e01d1-56c1-0000-0000-5e9981e1f27d,vivian hassan 4865,male,10,child,GH,2026-05-07T09:42:36.993485Z
019e01d1-56c3-0000-0000-909261a72e1d,cynthia lawal 4866,male,5,child,BR,2026-05-07T09:42:36.995170Z
019e01d1-56c6-0000-0000-c8c41885afc3,irene peters 4868,male,77,senior,US,2026-05-07T09:42:36.998437Z
019e01d1-56d7-0000-0000-264d351bdc37,queen williams 4878,male,29,adult,US,2026-05-07T09:42:37.015114Z
019e01d1-56da-0000-0000-8ddbeef56ef8,musa yakubu 4880,male,27,adult,FR,2026-05-07T09:42:37.018864Z
019e01d1-56dc-0000-0000-c15030ea2c47,richard fashola 4881,male,53,adult,FR,2026-05-07T09:42:37.020506Z
019e01d1-56e4-0000-0000-0a61bf4d538c,lawal williams 4886,male,5,child,US,2026-05-07T09:42:37.028627Z
019e01d1-56e7-0000-0000-1890043f01ed,pita lawal 4888,male,38,adult,GH,2026-05-07T09:42:37.031593Z
019e01d1-56ea-0000-0000-ef1d4a2d87a5,ola musa 4890,male,58,adult,NG,2026-05-07T09:42:37.034797Z
019e01d1-56ec-0000-0000-29b27ce14e6b,yvonne ibrahim 4891,male,6,child,JP,2026-05-07T09:42:37.036475Z
019e01d1-56fa-0000-0000-fe7745709e52,henry ogundele 4898,male,66,senior,GH,2026-05-07T09:42:37.051000Z
019e01d1-56ff-0000-0000-2133e45166ce,folake johnson 4900,male,69,senior,UG,2026-05-07T09:42:37.055030Z
019e01d1-5700-0000-0000-443faf206c1c,funmi mba 4901,male,25,adult,US,2026-05-07T09:42:37.056597Z
019e01d1-5702-0000-0000-81f607dd640f,timothy bakare 4902,male,75,senior,ET,2026-05-07T09:42:37.058989Z
019e01d1-5705-0000-0000-9c6f47c2a890,richard yakubu 4903,male,70,senior,SN,2026-05-07T09:42:37.061042Z
019e01d1-5710-0000-0000-1a6c1161b1a4,udoka salami 4910,male,80,senior,GB,2026-05-07T09:42:37.073018Z
019e01d1-5712-0000-0000-a083d510de85,toyin mba 4911,male,79,senior,CI,2026-05-07T09:42:37.074496Z
019e01d1-5715-0000-0000-0276ca41fb6f,toyin quadri 4913,male,75,senior,SN,2026-05-07T09:42:37.077593Z
019e01d1-5717-0000-0000-fe7568539680,kunle osei 4914,male,8,child,AU,2026-05-07T09:42:37.079090Z
019e01d1-5719-0000-0000-11f9885f6493,helen fashola 4916,male,34,adult,JP,2026-05-07T09:42:37.082022Z
019e01d1-571b-0000-0000-b1ab29f1e278,susan williams 4917,male,55,adult,AU,2026-05-07T09:42:37.083396Z
019e01d1-571e-0000-0000-1b2ebc7a412d,helen lawal 4919,male,48,adult,NG,2026-05-07T09:42:37.086761Z
019e01d1-5720-0000-0000-21b5788e1ae7,voke quadri 4920,male,51,adult,CA,2026-05-07T09:42:37.088677Z
019e01d1-5722-0000-0000-fe75f54ab1d1,funmi ogundele 4921,male,15,teenager,CI,2026-05-07T09:42:37.090293Z
019e01d1-5725-0000-0000-4f06d78f5b67,nora ogundele 4923,male,76,senior,ZA,2026-05-07T09:42:37.093524Z
019e01d1-5728-0000-0000-ee3fd056dc6f,victor yusuf 4925,male,59,adult,KE,2026-05-07T09:42:37.096318Z
019e01d1-572a-0000-0000-fe6170466b05,nkem raji 4926,male,85,senior,GB,2026-05-07T09:42:37.098068Z
019e01d1-572d-0000-0000-1fdee3e458b5,kehinde bakare 4928,male,69,senior,KE,2026-05-07T09:42:37.101040Z
019e01d1-572e-0000-0000-4ed375aead50,chiamaka quadri 4929,male,9,child,JP,2026-05-07T09:42:37.102519Z
019e01d1-5731-0000-0000-403b8c986f34,musa kamara 4931,male,19,teenager,CA,2026-05-07T09:42:37.105832Z
019e01d1-5735-0000-0000-38bf7ed2c7b1,kunle fashola 4933,male,39,adult,US,2026-05-07T09:42:37.109185Z
019e01d1-5736-0000-0000-13b55754dd9a,esther williams 4934,male,68,senior,NG,2026-05-07T09:42:37.110680Z
019e01d1-5737-0000-0000-e19d66c98d51,ahmed peters 4935,male,60,senior,ET,2026-05-07T09:42:37.112014Z
019e01d1-573c-0000-0000-6d8bda89518e,victor peters 4938,male,63,senior,KE,2026-05-07T09:42:37.116861Z
019e01d1-573e-0000-0000-15cec7f681e8,obiora mensah 4939,male,29,adult,TZ,2026-05-07T09:42:37.118297Z
019e01d1-5742-0000-0000-cd6b63e6ebfe,sola eze 4942,male,36,adult,GB,2026-05-07T09:42:37.122381Z
019e01d1-5743-0000-0000-ec200727a349,ikenna ibrahim 4943,male,15,teenager,CN,2026-05-07T09:42:37.123846Z
019e01d1-5745-0000-0000-59bce070ef3d,helen lawal 4944,male,71,senior,GB,2026-05-07T09:42:37.125378Z
019e01d1-5749-0000-0000-62174c91a7a2,efosa okonkwo 4947,male,29,adult,SN,2026-05-07T09:42:37.129712Z
019e01d1-574b-0000-0000-758ca53c4c67,lola okonkwo 4948,male,44,adult,TZ,2026-05-07T09:42:37.131297Z
019e01d1-574c-0000-0000-65e22b170d7f,ximena musa 4949,male,28,adult,JP,2026-05-07T09:42:37.132737Z
019e01d1-5754-0000-0000-20f773268e2c,nkem ibrahim 4953,male,76,senior,CA,2026-05-07T09:42:37.140184Z
019e01d1-575b-0000-0000-551c3e8eb7bd,toyin xavier 4957,male,3,child,SN,2026-05-07T09:42:37.147257Z
019e01d1-575d-0000-0000-cfe91090b070,irene johnson 4958,male,83,senior,IN,2026-05-07T09:42:37.149039Z
019e01d1-5760-0000-0000-a78d54e705af,jide quadri 4960,male,67,senior,SN,2026-05-07T09:42:37.152283Z
019e01d1-5765-0000-0000-1b19997bb24b,qudus dada 4963,male,52,adult,IN,2026-05-07T09:42:37.157243Z
019e01d1-5766-0000-0000-7af9cecab4cd,william ibrahim 4964,male,79,senior,GH,2026-05-07T09:42:37.158764Z
019e01d1-5769-0000-0000-6764226cb312,dimma idowu 4966,male,6,child,US,2026-05-07T09:42:37.161801Z
019e01d1-576b-0000-0000-95be8593037d,musa okonkwo 4967,male,38,adult,EG,2026-05-07T09:42:37.163269Z
019e01d1-576c-0000-0000-583678e5b6bf,yemi fashola 4968,male,29,adult,GH,2026-05-07T09:42:37.164714Z
019e01d1-5775-0000-0000-eafff976e7e5,grace xavier 4973,male,64,senior,IN,2026-05-07T09:42:37.173108Z
019e01d1-5776-0000-0000-21d6b2c6ce52,funmi vincent 4974,male,61,senior,FR,2026-05-07T09:42:37.174444Z
019e01d1-5777-0000-0000-38c4a63cff91,precious kamara 4975,male,1,child,GH,2026-05-07T09:42:37.175869Z
019e01d1-577a-0000-0000-40b92da28cb8,remi mba 4977,male,66,senior,GH,2026-05-07T09:42:37.178992Z
019e01d1-577d-0000-0000-533b3596f774,gbenga lawal 4979,male,78,senior,CA,2026-05-07T09:42:37.181854Z
019e01d1-5780-0000-0000-496e59340419,victor okonkwo 4980,male,30,adult,CA,2026-05-07T09:42:37.184095Z
019e01d1-5783-0000-0000-c4d5328c6b2b,henry quadri 4982,male,6,child,CA,2026-05-07T09:42:37.187167Z
019e01d1-578e-0000-0000-7c54194fb2b5,henry raji 4989,male,61,senior,KE,2026-05-07T09:42:37.198357Z
019e01d1-578f-0000-0000-3f6f2cf995b4,ahmed mba 4990,male,80,senior,DE,2026-05-07T09:42:37.199914Z
019e01d1-5792-0000-0000-56408f0b7a3a,david xavier 4992,male,35,adult,JP,2026-05-07T09:42:37.202962Z
019e01d1-5794-0000-0000-9c530f5dd715,richard traore 4993,male,83,senior,ZA,2026-05-07T09:42:37.204423Z
019e01d1-5799-0000-0000-73c577da4c6f,cynthia traore 4996,male,80,senior,ZA,2026-05-07T09:42:37.209980Z
019e01d1-579b-0000-0000-b829f3583543,jide osei 4997,male,56,adult,EG,2026-05-07T09:42:37.211476Z
019e01d1-579c-0000-0000-72458d6b20aa,wunmi kamara 4998,male,69,senior,ZA,2026-05-07T09:42:37.212835Z
019e01d1-579e-0000-0000-b3566bd4a3b3,seun mba 4999,male,83,senior,BR,2026-05-07T09:42:37.214296Z
019e01d1-57db-0000-0000-2b76794e63b5,ngozi mensah 5002,male,54,adult,CA,2026-05-07T09:42:37.275103Z
019e01d1-57de-0000-0000-acc32a6ca838,qudus okonkwo 5004,male,16,teenager,DE,2026-05-07T09:42:37.278332Z
019e01d1-57ea-0000-0000-4345b432466d,onome musa 5011,male,5,child,EG,2026-05-07T09:42:37.290187Z
019e01d1-57ec-0000-0000-376e2228a3b0,precious usman 5012,male,45,adult,FR,2026-05-07T09:42:37.292223Z
019e01d1-57ed-0000-0000-66fbf4369e18,queen vincent 5013,male,12,child,NG,2026-05-07T09:42:37.293838Z
019e01d1-57ef-0000-0000-3ab6e07d1fa4,musa ganiyu 5014,male,30,adult,BR,2026-05-07T09:42:37.295326Z
019e01d1-57f4-0000-0000-91197b3da26c,pita diallo 5017,male,9,child,IN,2026-05-07T09:42:37.300137Z
019e01d1-5805-0000-0000-68c76df0a1b4,obiora salami 5022,male,41,adult,BR,2026-05-07T09:42:37.317412Z
019e01d1-5807-0000-0000-2d2c859b0947,wale adekunle 5023,male,6,child,IN,2026-05-07T09:42:37.319510Z
019e01d1-5809-0000-0000-33d29587eb72,rasheed peters 5024,male,58,adult,IN,2026-05-07T09:42:37.321536Z
019e01d1-580f-0000-0000-4213438d5a83,jide ibrahim 5027,male,7,child,SN,2026-05-07T09:42:37.327183Z
019e01d1-5813-0000-0000-9fcebbfbf3a7,zainab traore 5030,male,35,adult,SN,2026-05-07T09:42:37.331991Z
019e01d1-5815-0000-0000-2e355e084ed4,wale osei 5031,male,34,adult,GH,2026-05-07T09:42:37.333393Z
019e01d1-5818-0000-0000-c7f309ca4147,bolu hassan 5033,male,38,adult,IN,2026-05-07T09:42:37.336360Z
019e01d1-5819-0000-0000-b24af523e4d0,lawal traore 5034,male,24,adult,CI,2026-05-07T09:42:37.337901Z
019e01d1-581b-0000-0000-93304aaf0b70,emeka usman 5035,male,3,child,FR,2026-05-07T09:42:37.339352Z
019e01d1-5820-0000-0000-695fb347f241,irene musa 5038,male,65,senior,AU,2026-05-07T09:42:37.344072Z
019e01d1-5821-0000-0000-829240a0f1cc,hauwa musa 5039,male,53,adult,CN,2026-05-07T09:42:37.345647Z
019e01d1-5823-0000-0000-50f241f31041,usman chukwu 5040,male,11,child,JP,2026-05-07T09:42:37.347067Z
019e01d1-5824-0000-0000-d17b26b46213,remi raji 5041,male,12,child,TZ,2026-05-07T09:42:37.348385Z
019e01d1-5825-0000-0000-43392c3c1b47,ximena vincent 5042,male,13,teenager,SN,2026-05-07T09:42:37.349939Z
019e01d1-5827-0000-0000-56cdb745b089,uche mensah 5043,male,47,adult,CA,2026-05-07T09:42:37.351421Z
019e01d1-582a-0000-0000-c5072b798112,david kalu 5045,male,82,senior,AU,2026-05-07T09:42:37.354547Z
019e01d1-582d-0000-0000-446c60a2b82f,yvonne musa 5047,male,52,adult,US,2026-05-07T09:42:37.357424Z
019e01d1-5832-0000-0000-720d8bbf243f,felix kamara 5050,male,21,adult,DE,2026-05-07T09:42:37.362487Z
019e01d1-5837-0000-0000-99ce7b523db8,remi ibrahim 5053,male,17,teenager,BR,2026-05-07T09:42:37.367524Z
019e01d1-5839-0000-0000-b12279741de9,chiamaka nwosu 5054,male,19,teenager,UG,2026-05-07T09:42:37.369387Z
019e01d1-583a-0000-0000-ec21af9b772f,efosa fashola 5055,male,36,adult,ZA,2026-05-07T09:42:37.370892Z
019e01d1-583c-0000-0000-49edbe5891c3,babatunde taiwo 5056,male,50,adult,JP,2026-05-07T09:42:37.372386Z
019e01d1-5841-0000-0000-67445430e023,chidi musa 5059,male,54,adult,CI,2026-05-07T09:42:37.377335Z
019e01d1-5842-0000-0000-03c536b53877,godwin usman 5060,male,3,child,DE,2026-05-07T09:42:37.378886Z
019e01d1-5844-0000-0000-c5fcb2c50591,james peters 5061,male,22,adult,TZ,2026-05-07T09:42:37.380486Z
019e01d1-5847-0000-0000-eba2245c0251,jumoke johnson 5063,male,29,adult,NG,2026-05-07T09:42:37.383565Z
019e01d1-584a-0000-0000-07194be7d396,xola idowu 5065,male,55,adult,BR,2026-05-07T09:42:37.387003Z
019e01d1-584c-0000-0000-aa51820fd281,obiora musa 5066,male,8,child,FR,2026-05-07T09:42:37.388390Z
019e01d1-584d-0000-0000-fd06af586fd5,xola idowu 5067,male,59,adult,FR,2026-05-07T09:42:37.389951Z
019e01d1-5851-0000-0000-dc013ace14c1,onome usman 5069,male,20,adult,GH,2026-05-07T09:42:37.393140Z
019e01d1-5852-0000-0000-78c49f195903,hauwa adesanya 5070,male,14,teenager,DE,2026-05-07T09:42:37.394544Z
019e01d1-5854-0000-0000-3a8db2a67598,ahmed usman 5071,male,1,child,BR,2026-05-07T09:42:37.396080Z
019e01d1-5858-0000-0000-cb8653ac4a86,wunmi hassan 5074,male,84,senior,DE,2026-05-07T09:42:37.400533Z
019e01d1-585b-0000-0000-b32c03cc6ef1,ikenna okonkwo 5076,male,35,adult,AU,2026-05-07T09:42:37.403428Z
019e01d1-585c-0000-0000-4a82fcb4abe0,lola chukwu 5077,male,53,adult,US,2026-05-07T09:42:37.404873Z
019e01d1-5860-0000-0000-df5f2be71a4e,nkem usman 5079,male,52,adult,ZA,2026-05-07T09:42:37.408240Z
019e01d1-5861-0000-0000-d905a94e7d27,nora ibrahim 5080,male,57,adult,NG,2026-05-07T09:42:37.409718Z
019e01d1-5865-0000-0000-e7c9ca89c050,queen traore 5082,male,16,teenager,IN,2026-05-07T09:42:37.413093Z
019e01d1-5867-0000-0000-2f3d0746d135,udoka peters 5084,male,5,child,SN,2026-05-07T09:42:37.415982Z
019e01d1-5869-0000-0000-89ecce1e1e5b,kunle quadri 5085,male,68,senior,SN,2026-05-07T09:42:37.417407Z
019e01d1-586c-0000-0000-dc7d33c5ea0b,toyin bakare 5087,male,79,senior,US,2026-05-07T09:42:37.420453Z
019e01d1-5871-0000-0000-53562c222829,james fashola 5090,male,39,adult,CN,2026-05-07T09:42:37.425100Z
019e01d1-5874-0000-0000-eb318febbe5e,ngozi nwosu 5092,male,66,senior,US,2026-05-07T09:42:37.428204Z
019e01d1-5886-0000-0000-6b17deb2f23e,jumoke bakare 5096,male,74,senior,UG,2026-05-07T09:42:37.446187Z
019e01d1-5888-0000-0000-87b072c2a746,sola kalu 5097,male,7,child,ET,2026-05-07T09:42:37.448633Z
019e01d1-5891-0000-0000-41e3bb61ed78,helen kalu 5102,male,18,teenager,AU,2026-05-07T09:42:37.457032Z
019e01d1-5894-0000-0000-eec849e22fc4,ifeoma bakare 5104,male,68,senior,US,2026-05-07T09:42:37.460176Z
019e01d1-589a-0000-0000-aeb7ebe6edc3,godwin ganiyu 5108,male,73,senior,KE,2026-05-07T09:42:37.466743Z
019e01d1-589c-0000-0000-019765394c15,ngozi adekunle 5109,male,28,adult,EG,2026-05-07T09:42:37.468823Z
019e01d1-58a0-0000-0000-08f075576600,adaeze quadri 5111,male,61,senior,CA,2026-05-07T09:42:37.472125Z
019e01d1-58a1-0000-0000-1fdc1e7297f3,yusuf kalu 5112,male,39,adult,UG,2026-05-07T09:42:37.473634Z
019e01d1-58a7-0000-0000-ebe081c086d3,zara mensah 5116,male,3,child,GB,2026-05-07T09:42:37.479622Z
019e01d1-58ac-0000-0000-5806b38d131e,wale johnson 5119,male,85,senior,ZA,2026-05-07T09:42:37.484509Z
019e01d1-58af-0000-0000-335a4818467a,sola taiwo 5121,male,26,adult,TZ,2026-05-07T09:42:37.487964Z
019e01d1-58be-0000-0000-5ca885f95dd7,qudus peters 5126,male,77,senior,GB,2026-05-07T09:42:37.502920Z
019e01d1-58c8-0000-0000-560cf61af9f1,voke fashola 5131,male,78,senior,EG,2026-05-07T09:42:37.512416Z
019e01d1-58ca-0000-0000-126030754c62,lola raji 5132,male,70,senior,ZA,2026-05-07T09:42:37.514036Z
019e01d1-58cb-0000-0000-ee52f3739e58,lawal musa 5133,male,59,adult,ET,2026-05-07T09:42:37.515651Z
019e01d1-58cd-0000-0000-4b2053efb722,yusuf okonkwo 5134,male,21,adult,GB,2026-05-07T09:42:37.517154Z
019e01d1-58ce-0000-0000-64b09f4c1543,hauwa ogundele 5135,male,45,adult,AU,2026-05-07T09:42:37.518625Z
019e01d1-58d3-0000-0000-2ba472dd7343,xola ganiyu 5138,male,36,adult,CI,2026-05-07T09:42:37.523032Z
019e01d1-58d6-0000-0000-fb954d0c1dc4,nora bakare 5140,male,3,child,BR,2026-05-07T09:42:37.526626Z
019e01d1-58df-0000-0000-906f868dc8f6,ikenna kalu 5146,male,8,child,TZ,2026-05-07T09:42:37.535707Z
019e01d1-58e4-0000-0000-234833401b3e,zainab usman 5149,male,5,child,ET,2026-05-07T09:42:37.540388Z
019e01d1-58e5-0000-0000-c34465772aef,felix ogundele 5150,male,46,adult,ZA,2026-05-07T09:42:37.542016Z
019e01d1-58ec-0000-0000-95542d5f91fc,babatunde kamara 5154,male,15,teenager,ET,2026-05-07T09:42:37.548984Z
019e01d1-58ee-0000-0000-a0f5b7f39003,david traore 5155,male,7,child,ET,2026-05-07T09:42:37.550644Z
019e01d1-58f0-0000-0000-9ce02dab7a72,voke kamara 5156,male,83,senior,KE,2026-05-07T09:42:37.552140Z
019e01d1-58f6-0000-0000-5054af81e34d,chidi vincent 5160,male,82,senior,DE,2026-05-07T09:42:37.558145Z
019e01d1-58f9-0000-0000-dd3950d35635,gbenga ganiyu 5162,male,38,adult,DE,2026-05-07T09:42:37.561023Z
019e01d1-58fa-0000-0000-0353edd46ce5,qudus johnson 5163,male,72,senior,GH,2026-05-07T09:42:37.562505Z
019e01d1-58fb-0000-0000-3fedbf5bab1d,ngozi eze 5164,male,45,adult,CA,2026-05-07T09:42:37.563904Z
019e01d1-58fd-0000-0000-098b962a198b,wunmi mensah 5165,male,60,senior,KE,2026-05-07T09:42:37.565412Z
019e01d1-58ff-0000-0000-77f005431936,lawal idowu 5166,male,11,child,CN,2026-05-07T09:42:37.567660Z
019e01d1-5901-0000-0000-7d313d1c0f7a,james fashola 5167,male,26,adult,ET,2026-05-07T09:42:37.569260Z
019e01d1-5902-0000-0000-43ee71ae2bbb,seun kamara 5168,male,39,adult,CN,2026-05-07T09:42:37.570821Z
019e01d1-5904-0000-0000-ac181a954963,kehinde chukwu 5169,male,79,senior,GB,2026-05-07T09:42:37.572635Z
019e01d1-5906-0000-0000-7d435c5d5de4,ngozi eze 5170,male,4,child,SN,2026-05-07T09:42:37.574359Z
019e01d1-5907-0000-0000-51aeaff033c1,ahmed williams 5171,male,81,senior,GH,2026-05-07T09:42:37.575879Z
019e01d1-5909-0000-0000-041fc047c3b1,victor kamara 5172,male,59,adult,JP,2026-05-07T09:42:37.577437Z
019e01d1-590a-0000-0000-d11419c8660a,mercy kamara 5173,male,42,adult,KE,2026-05-07T09:42:37.578888Z
019e01d1-590c-0000-0000-1f5f5104109b,kemi diallo 5174,male,37,adult,ZA,2026-05-07T09:42:37.580456Z
019e01d1-590d-0000-0000-49c30fcaeeea,ximena usman 5175,male,11,child,TZ,2026-05-07T09:42:37.582017Z
019e01d1-590f-0000-0000-1eb3a1e7ab01,gbenga eze 5176,male,16,teenager,SN,2026-05-07T09:42:37.583599Z
019e01d1-5913-0000-0000-1381ce6aabfd,godwin idowu 5178,male,46,adult,NG,2026-05-07T09:42:37.587063Z
019e01d1-5916-0000-0000-3c58667777fd,babatunde ibrahim 5180,male,61,senior,SN,2026-05-07T09:42:37.590053Z
019e01d1-5917-0000-0000-509b264aefd1,kemi vincent 5181,male,65,senior,GH,2026-05-07T09:42:37.591506Z
019e01d1-5918-0000-0000-44f779b7539e,onome mba 5182,male,9,child,KE,2026-05-07T09:42:37.592987Z
019e01d1-591a-0000-0000-4b5bb103dbd2,henry diallo 5183,male,31,adult,ZA,2026-05-07T09:42:37.594416Z
019e01d1-591b-0000-0000-f6a80581598d,emeka diallo 5184,male,3,child,CN,2026-05-07T09:42:37.595949Z
019e01d1-591e-0000-0000-b54009ddf44e,blessing chukwu 5186,male,40,adult,DE,2026-05-07T09:42:37.598992Z
019e01d1-5922-0000-0000-c18cb6630f3a,kunle quadri 5188,male,32,adult,SN,2026-05-07T09:42:37.602261Z
019e01d1-5925-0000-0000-f8bb9440dfa1,obiora adesanya 5190,male,39,adult,CN,2026-05-07T09:42:37.605333Z
019e01d1-5929-0000-0000-3bca05286698,adaeze raji 5192,male,42,adult,CA,2026-05-07T09:42:37.609140Z
019e01d1-592a-0000-0000-2b79fe4509c6,xerxes yusuf 5193,male,60,senior,ET,2026-05-07T09:42:37.610739Z
019e01d1-592d-0000-0000-cf9824fac0e3,sola nwosu 5195,male,78,senior,BR,2026-05-07T09:42:37.613744Z
019e01d1-5932-0000-0000-29b90c2f2160,folake ibrahim 5198,male,13,teenager,BR,2026-05-07T09:42:37.618076Z
019e01d1-5933-0000-0000-c6914f6a482e,babatunde ganiyu 5199,male,62,senior,CN,2026-05-07T09:42:37.619757Z
019e01d1-5938-0000-0000-3e021a0b185f,ikenna adesanya 5202,male,21,adult,JP,2026-05-07T09:42:37.624655Z
019e01d1-593b-0000-0000-139368df8928,toyin dada 5204,male,40,adult,KE,2026-05-07T09:42:37.627985Z
019e01d1-593d-0000-0000-968fa017b003,sola quadri 5205,male,26,adult,IN,2026-05-07T09:42:37.629459Z
019e01d1-5940-0000-0000-d574abc56938,esther salami 5207,male,60,senior,CA,2026-05-07T09:42:37.632443Z
019e01d1-5943-0000-0000-4127b566c7f8,rasheed okonkwo 5209,male,62,senior,CA,2026-05-07T09:42:37.635649Z
019e01d1-594b-0000-0000-d8cae3c296d0,william vincent 5214,male,22,adult,IN,2026-05-07T09:42:37.643670Z
019e01d1-5950-0000-0000-84f3aa238392,helen williams 5217,male,41,adult,AU,2026-05-07T09:42:37.648854Z
019e01d1-5959-0000-0000-3e0fe1e95a3f,sola osei 5219,male,65,senior,BR,2026-05-07T09:42:37.657689Z
019e01d1-595b-0000-0000-c027c79ddc59,bolu okonkwo 5220,male,13,teenager,US,2026-05-07T09:42:37.659686Z
019e01d1-595d-0000-0000-8fc92640e4d2,dayo nwosu 5221,male,12,child,ZA,2026-05-07T09:42:37.661462Z
019e01d1-5962-0000-0000-5d3a144be612,emeka diallo 5224,male,24,adult,CI,2026-05-07T09:42:37.666214Z
019e01d1-5964-0000-0000-020f01068e6d,susan diallo 5225,male,71,senior,GH,2026-05-07T09:42:37.668175Z
019e01d1-5965-0000-0000-692925f42380,xerxes diallo 5226,male,26,adult,JP,2026-05-07T09:42:37.669632Z
019e01d1-5967-0000-0000-a8a41c4b11dc,amara kamara 5227,male,18,teenager,KE,2026-05-07T09:42:37.671218Z
019e01d1-5968-0000-0000-b31073367759,tunde salami 5228,male,7,child,AU,2026-05-07T09:42:37.672794Z
019e01d1-596a-0000-0000-7f5eb8d087db,james vincent 5229,male,47,adult,US,2026-05-07T09:42:37.674374Z
019e01d1-596b-0000-0000-6df1b7ff0ffc,yusuf hassan 5230,male,67,senior,ZA,2026-05-07T09:42:37.675964Z
019e01d1-5973-0000-0000-641ba694c5de,nkem mensah 5235,male,12,child,UG,2026-05-07T09:42:37.683881Z
019e01d1-597b-0000-0000-42e70262161f,felix mensah 5240,male,8,child,KE,2026-05-07T09:42:37.691367Z
019e01d1-597c-0000-0000-638a7bd06870,yvonne vincent 5241,male,30,adult,NG,2026-05-07T09:42:37.692883Z
019e01d1-597f-0000-0000-d31ab2148eca,kunle johnson 5243,male,61,senior,GB,2026-05-07T09:42:37.695788Z
019e01d1-5984-0000-0000-19266358b58f,yusuf osei 5245,male,32,adult,BR,2026-05-07T09:42:37.700083Z
019e01d1-5992-0000-0000-52e53c0c712e,chiamaka diallo 5253,male,38,adult,AU,2026-05-07T09:42:37.714144Z
019e01d1-5995-0000-0000-be48072c7606,onome usman 5255,male,60,senior,FR,2026-05-07T09:42:37.717338Z
019e01d1-599c-0000-0000-3a271dfc72c2,grace eze 5260,male,30,adult,NG,2026-05-07T09:42:37.725006Z
019e01d1-599e-0000-0000-8ae536bccc29,james musa 5261,male,60,senior,KE,2026-05-07T09:42:37.726839Z
019e01d1-59a0-0000-0000-2392ca6090c9,chiamaka dada 5262,male,82,senior,GB,2026-05-07T09:42:37.728316Z
019e01d1-59a1-0000-0000-d98d049b0f42,seun nwosu 5263,male,79,senior,ZA,2026-05-07T09:42:37.729808Z
019e01d1-59a4-0000-0000-9cfd82e866ff,timothy adesanya 5265,male,79,senior,JP,2026-05-07T09:42:37.732712Z
019e01d1-59a6-0000-0000-90aa9e7ef079,xola peters 5266,male,10,child,KE,2026-05-07T09:42:37.734192Z
019e01d1-59a9-0000-0000-b8f889cfc765,remi traore 5268,male,40,adult,CI,2026-05-07T09:42:37.737269Z
019e01d1-59ad-0000-0000-9f55ab947dfe,toyin xavier 5271,male,73,senior,UG,2026-05-07T09:42:37.741683Z
019e01d1-59b5-0000-0000-115d96ff0067,victor adesanya 5276,male,57,adult,KE,2026-05-07T09:42:37.749760Z
019e01d1-59ba-0000-0000-55b5dc96c049,zara raji 5279,male,28,adult,ZA,2026-05-07T09:42:37.754616Z
019e01d1-59bc-0000-0000-2455999a483c,lydia nwosu 5280,male,24,adult,JP,2026-05-07T09:42:37.756164Z
019e01d1-59c0-0000-0000-d163be472397,yvonne ogundele 5283,male,82,senior,CA,2026-05-07T09:42:37.760590Z
019e01d1-59c2-0000-0000-cdd2cac0d2f2,jide yusuf 5284,male,79,senior,GH,2026-05-07T09:42:37.762114Z
019e01d1-59c3-0000-0000-cb99591640e7,timothy raji 5285,male,82,senior,ET,2026-05-07T09:42:37.763521Z
019e01d1-59c5-0000-0000-e8365bd25608,queen ogundele 5286,male,1,child,GB,2026-05-07T09:42:37.765092Z
019e01d1-59c6-0000-0000-56ab51b133e3,adaeze lawal 5287,male,11,child,ET,2026-05-07T09:42:37.766814Z
019e01d1-59c8-0000-0000-8118347f2ffd,ikenna bakare 5288,male,72,senior,SN,2026-05-07T09:42:37.768525Z
019e01d1-59ca-0000-0000-e7ac3a7f7817,henry johnson 5289,male,71,senior,US,2026-05-07T09:42:37.770135Z
019e01d1-59ce-0000-0000-55a4ea906b40,kemi idowu 5292,male,1,child,BR,2026-05-07T09:42:37.774413Z
019e01d1-59d0-0000-0000-0a77e751cf3a,david chukwu 5293,male,33,adult,JP,2026-05-07T09:42:37.776308Z
019e01d1-59d4-0000-0000-15b085a2f972,musa usman 5295,male,54,adult,NG,2026-05-07T09:42:37.780463Z
019e01d1-59d6-0000-0000-62fbd7887c03,ahmed okonkwo 5296,male,81,senior,TZ,2026-05-07T09:42:37.782438Z
019e01d1-59d7-0000-0000-05555bde3034,amara nwosu 5297,male,19,teenager,EG,2026-05-07T09:42:37.783957Z
019e01d1-59de-0000-0000-2216945f0406,emeka idowu 5301,male,57,adult,ET,2026-05-07T09:42:37.790606Z
019e01d1-59e5-0000-0000-dde7a6ff5588,folake xavier 5305,male,32,adult,TZ,2026-05-07T09:42:37.797078Z
019e01d1-59ea-0000-0000-45b6168fd338,wunmi dada 5308,male,56,adult,CI,2026-05-07T09:42:37.802668Z
019e01d1-59ed-0000-0000-c361f6126af3,jumoke yakubu 5310,male,31,adult,TZ,2026-05-07T09:42:37.805809Z
019e01d1-59f1-0000-0000-c555f381ca9b,lawal bakare 5312,male,15,teenager,BR,2026-05-07T09:42:37.809542Z
019e01d1-59f7-0000-0000-2be51c39de9b,xola kamara 5316,male,19,teenager,KE,2026-05-07T09:42:37.815867Z
019e01d1-5a00-0000-0000-6c689c1301c6,amara adekunle 5321,male,39,adult,TZ,2026-05-07T09:42:37.824548Z
019e01d1-5a02-0000-0000-c6806d39e35f,musa quadri 5322,male,2,child,EG,2026-05-07T09:42:37.826076Z
019e01d1-5a06-0000-0000-caf216bb09fb,toyin salami 5325,male,23,adult,DE,2026-05-07T09:42:37.830920Z
019e01d1-5a09-0000-0000-e15540fb8d9a,timothy xavier 5327,male,58,adult,BR,2026-05-07T09:42:37.833954Z
019e01d1-5a0b-0000-0000-90ff73760f7f,susan xavier 5328,male,5,child,BR,2026-05-07T09:42:37.835493Z
019e01d1-5a0c-0000-0000-e6ae81745eec,zara quadri 5329,male,22,adult,UG,2026-05-07T09:42:37.836974Z
019e01d1-5a10-0000-0000-ac8f67c8b7db,bolu idowu 5331,male,83,senior,IN,2026-05-07T09:42:37.840266Z
019e01d1-5a13-0000-0000-9513aeb0c978,timothy salami 5333,male,21,adult,US,2026-05-07T09:42:37.843192Z
019e01d1-5a17-0000-0000-c080b3ef4577,grace xavier 5336,male,35,adult,ET,2026-05-07T09:42:37.847740Z
019e01d1-5a1a-0000-0000-419163e19a03,yusuf musa 5338,male,70,senior,CA,2026-05-07T09:42:37.850785Z
019e01d1-5a1c-0000-0000-794c6652c6a7,yvonne idowu 5339,male,84,senior,CI,2026-05-07T09:42:37.852186Z
019e01d1-5a1e-0000-0000-54cbb79f256d,zara yakubu 5340,male,9,child,ZA,2026-05-07T09:42:37.854295Z
019e01d1-5a21-0000-0000-fc4565b46e68,esther yusuf 5342,male,42,adult,DE,2026-05-07T09:42:37.857459Z
019e01d1-5a27-0000-0000-e9173f1feb82,funmi traore 5346,male,57,adult,ET,2026-05-07T09:42:37.863924Z
019e01d1-5a2d-0000-0000-a81c1472dcc6,tunde quadri 5350,male,6,child,NG,2026-05-07T09:42:37.869520Z
019e01d1-5a30-0000-0000-5b3c745d13de,victor raji 5352,male,48,adult,ZA,2026-05-07T09:42:37.872293Z
019e01d1-5a31-0000-0000-72b73a39d922,rasheed yakubu 5353,male,67,senior,UG,2026-05-07T09:42:37.873800Z
019e01d1-5a39-0000-0000-d951ed78f2fb,lawal hassan 5358,male,23,adult,BR,2026-05-07T09:42:37.881104Z
019e01d1-5a3b-0000-0000-7b666d0f7deb,qudus kalu 5360,male,43,adult,ZA,2026-05-07T09:42:37.883889Z
019e01d1-5a3d-0000-0000-778ed59641c5,gbenga ganiyu 5361,male,63,senior,UG,2026-05-07T09:42:37.885466Z
019e01d1-5a40-0000-0000-21575b8fdb16,uche musa 5363,male,71,senior,US,2026-05-07T09:42:37.888785Z
019e01d1-5a44-0000-0000-885333fdb4e1,mercy quadri 5365,male,33,adult,KE,2026-05-07T09:42:37.892112Z
019e01d1-5a45-0000-0000-8bf64f0a215a,jumoke usman 5366,male,37,adult,DE,2026-05-07T09:42:37.893617Z
019e01d1-5a47-0000-0000-24b2614699ff,dayo hassan 5367,male,15,teenager,KE,2026-05-07T09:42:37.895123Z
019e01d1-5a48-0000-0000-5bd185abae82,esther adesanya 5368,male,83,senior,ET,2026-05-07T09:42:37.896798Z
019e01d1-5a4a-0000-0000-09953b7b7ace,jide mba 5369,male,35,adult,US,2026-05-07T09:42:37.898535Z
019e01d1-5a4d-0000-0000-01ad25e5a193,helen kamara 5371,male,55,adult,BR,2026-05-07T09:42:37.901748Z
019e01d1-5a4f-0000-0000-06c8de3293e2,kemi musa 5372,male,47,adult,ZA,2026-05-07T09:42:37.903336Z
019e01d1-5a54-0000-0000-172b27ceddb2,pita nwosu 5375,male,8,child,KE,2026-05-07T09:42:37.908763Z
019e01d1-5a56-0000-0000-98797a689660,godwin okonkwo 5376,male,54,adult,CI,2026-05-07T09:42:37.911020Z
019e01d1-5a59-0000-0000-cba85f5517b1,remi mensah 5377,male,83,senior,AU,2026-05-07T09:42:37.913067Z
019e01d1-5a67-0000-0000-05a64713bed1,ahmed ogundele 5383,male,51,adult,TZ,2026-05-07T09:42:37.927822Z
019e01d1-5a69-0000-0000-938a4c7388b2,obiora kamara 5384,male,49,adult,SN,2026-05-07T09:42:37.929553Z
019e01d1-5a6c-0000-0000-bc3841431711,kemi kalu 5386,male,83,senior,CA,2026-05-07T09:42:37.932642Z
019e01d1-5a6e-0000-0000-c75494e74be4,wunmi peters 5387,male,56,adult,TZ,2026-05-07T09:42:37.934239Z
019e01d1-5a71-0000-0000-1e2b18ce0717,vivian musa 5389,male,61,senior,JP,2026-05-07T09:42:37.937608Z
019e01d1-5a73-0000-0000-8d2ca75fb920,ifeoma fashola 5390,male,77,senior,AU,2026-05-07T09:42:37.939724Z
019e01d1-5a78-0000-0000-1b269b2912fe,dimma nwosu 5393,male,62,senior,FR,2026-05-07T09:42:37.944453Z
019e01d1-5a7b-0000-0000-72ec98768987,david dada 5395,male,48,adult,ET,2026-05-07T09:42:37.947371Z
019e01d1-5a7d-0000-0000-ca8084116fa2,yusuf osei 5396,male,12,child,AU,2026-05-07T09:42:37.949082Z
019e01d1-5a83-0000-0000-5532e33cb531,udoka raji 5400,male,40,adult,KE,2026-05-07T09:42:37.955530Z
019e01d1-5a86-0000-0000-b118d1b6000c,hauwa traore 5402,male,15,teenager,GH,2026-05-07T09:42:37.958731Z
019e01d1-5a88-0000-0000-843c72cd2923,uche idowu 5403,male,14,teenager,TZ,2026-05-07T09:42:37.960129Z
019e01d1-5a8b-0000-0000-2efd94162adc,yusuf diallo 5405,male,4,child,US,2026-05-07T09:42:37.963157Z
019e01d1-5a8c-0000-0000-db83fa89eb27,kehinde williams 5406,male,79,senior,FR,2026-05-07T09:42:37.964822Z
019e01d1-5a90-0000-0000-002e1744d057,timothy eze 5408,male,47,adult,CN,2026-05-07T09:42:37.968396Z
019e01d1-5a92-0000-0000-4e941d49be0e,zainab hassan 5409,male,35,adult,BR,2026-05-07T09:42:37.970151Z
019e01d1-5a96-0000-0000-215118018498,toyin hassan 5411,male,35,adult,FR,2026-05-07T09:42:37.974046Z
019e01d1-5a97-0000-0000-ecb592a42026,henry diallo 5412,male,24,adult,CI,2026-05-07T09:42:37.975545Z
019e01d1-5a99-0000-0000-421e49197672,timothy ogundele 5413,male,54,adult,CA,2026-05-07T09:42:37.977126Z
019e01d1-5aa4-0000-0000-09b137e5ce00,musa musa 5420,male,39,adult,IN,2026-05-07T09:42:37.988305Z
019e01d1-5aa5-0000-0000-4622e515956e,emeka bakare 5421,male,32,adult,DE,2026-05-07T09:42:37.989633Z
019e01d1-5aa9-0000-0000-564e0b7d3ab3,cynthia johnson 5424,male,46,adult,US,2026-05-07T09:42:37.993895Z
019e01d1-5aab-0000-0000-9264a942740a,felix bakare 5425,male,73,senior,SN,2026-05-07T09:42:37.995360Z
019e01d1-5aac-0000-0000-20197d102071,godwin nwosu 5426,male,21,adult,EG,2026-05-07T09:42:37.996644Z
019e01d1-5aae-0000-0000-8bde4f0cc2db,henry salami 5427,male,55,adult,AU,2026-05-07T09:42:37.998144Z
019e01d1-5ab0-0000-0000-e29b33bf3e9b,ifeoma vincent 5429,male,26,adult,JP,2026-05-07T09:42:38.000927Z
019e01d1-5ab5-0000-0000-ced565d60589,yemi raji 5432,male,20,adult,CA,2026-05-07T09:42:38.005127Z
019e01d1-5ab8-0000-0000-d97590616bdd,folake xavier 5434,male,50,adult,NG,2026-05-07T09:42:38.008563Z
019e01d1-5abf-0000-0000-e09220b37aa0,grace osei 5438,male,78,senior,ET,2026-05-07T09:42:38.015309Z
019e01d1-5ac4-0000-0000-b58e073dc882,william idowu 5441,male,40,adult,NG,2026-05-07T09:42:38.020264Z
019e01d1-5ac5-0000-0000-6ba7cbb456e2,ngozi adesanya 5442,male,14,teenager,EG,2026-05-07T09:42:38.021784Z
019e01d1-5aca-0000-0000-77734daa6a09,ngozi quadri 5445,male,18,teenager,BR,2026-05-07T09:42:38.026330Z
019e01d1-5acb-0000-0000-8c330ba86eac,blessing johnson 5446,male,81,senior,CI,2026-05-07T09:42:38.028005Z
019e01d1-5ad0-0000-0000-7174e61f7a1c,yusuf williams 5449,male,20,adult,KE,2026-05-07T09:42:38.032683Z
019e01d1-5ad2-0000-0000-a016c3f592a8,kehinde usman 5450,male,44,adult,IN,2026-05-07T09:42:38.034057Z
019e01d1-5ad4-0000-0000-5ec7f56eb2e7,blessing adekunle 5452,male,74,senior,CN,2026-05-07T09:42:38.036860Z
019e01d1-5ad6-0000-0000-f9db1b8fcdca,lola nwosu 5453,male,1,child,TZ,2026-05-07T09:42:38.038289Z
019e01d1-5ada-0000-0000-1d6c30a05db4,henry osei 5456,male,60,senior,SN,2026-05-07T09:42:38.042734Z
019e01d1-5add-0000-0000-815af078e872,ximena yusuf 5458,male,44,adult,FR,2026-05-07T09:42:38.045594Z
019e01d1-5adf-0000-0000-4142a20bedee,lola ibrahim 5459,male,19,teenager,CN,2026-05-07T09:42:38.047602Z
019e01d1-5ae2-0000-0000-ce8b973a88b4,funmi traore 5461,male,68,senior,CI,2026-05-07T09:42:38.050722Z
019e01d1-5ae5-0000-0000-f2d9f0977e43,queen adekunle 5463,male,52,adult,GB,2026-05-07T09:42:38.053668Z
019e01d1-5ae7-0000-0000-af80b1f06df6,xola williams 5464,male,27,adult,ZA,2026-05-07T09:42:38.055111Z
019e01d1-5af5-0000-0000-4aa5638d515d,mercy ganiyu 5472,male,53,adult,IN,2026-05-07T09:42:38.069744Z
019e01d1-5af9-0000-0000-465826b6635d,kunle mensah 5474,male,23,adult,CA,2026-05-07T09:42:38.073178Z
019e01d1-5afa-0000-0000-a511fd3ff614,blessing adesanya 5475,male,34,adult,CA,2026-05-07T09:42:38.074869Z
019e01d1-5b02-0000-0000-41fca174a3d7,william musa 5476,male,1,child,BR,2026-05-07T09:42:38.082601Z
019e01d1-5b0f-0000-0000-5b32eadcead4,nora yakubu 5483,male,39,adult,EG,2026-05-07T09:42:38.095443Z
019e01d1-5b12-0000-0000-43e469a04e3d,precious kamara 5485,male,10,child,CN,2026-05-07T09:42:38.098394Z
019e01d1-5b21-0000-0000-ebaa0a12bd19,seun taiwo 5493,male,27,adult,KE,2026-05-07T09:42:38.113113Z
019e01d1-5b26-0000-0000-d28f2af4ffa0,bolu chukwu 5494,male,52,adult,NG,2026-05-07T09:42:38.118728Z
019e01d1-5b2a-0000-0000-f2159958f1f9,victor dada 5496,male,11,child,CN,2026-05-07T09:42:38.122318Z
019e01d1-5b2b-0000-0000-aa2372b14767,irene okonkwo 5497,male,75,senior,TZ,2026-05-07T09:42:38.123969Z
019e01d1-5b2f-0000-0000-f51acffba306,xerxes vincent 5499,male,14,teenager,NG,2026-05-07T09:42:38.127377Z
019e01d1-5b32-0000-0000-cf022f0f8f10,babatunde nwosu 5501,male,81,senior,DE,2026-05-07T09:42:38.130779Z
019e01d1-5b34-0000-0000-6eab933212d5,susan mensah 5502,male,83,senior,TZ,2026-05-07T09:42:38.132370Z
019e01d1-5b36-0000-0000-781825ddc97e,vivian eze 5503,male,17,teenager,CA,2026-05-07T09:42:38.134048Z
019e01d1-5b42-0000-0000-5832507e0cad,folake traore 5511,male,20,adult,FR,2026-05-07T09:42:38.146871Z
019e01d1-5b44-0000-0000-7fff8cb9bf3c,ngozi kamara 5512,male,7,child,CI,2026-05-07T09:42:38.148593Z
019e01d1-5b47-0000-0000-8843f17326b7,ikenna ganiyu 5514,male,33,adult,UG,2026-05-07T09:42:38.151527Z
019e01d1-5b48-0000-0000-385794637485,jumoke mensah 5515,male,44,adult,NG,2026-05-07T09:42:38.152974Z
019e01d1-5b4e-0000-0000-356537061fae,david osei 5518,male,72,senior,CN,2026-05-07T09:42:38.158097Z
019e01d1-5b50-0000-0000-8e0f0b2c2b9f,emeka diallo 5519,male,23,adult,ET,2026-05-07T09:42:38.160035Z
019e01d1-5b58-0000-0000-4138a846cbf2,lola salami 5524,male,28,adult,ET,2026-05-07T09:42:38.168245Z
019e01d1-5b59-0000-0000-957b0da1dc17,babatunde peters 5525,male,9,child,TZ,2026-05-07T09:42:38.169678Z
019e01d1-5b61-0000-0000-44db96a7d4a4,wunmi traore 5530,male,38,adult,ZA,2026-05-07T09:42:38.177135Z
019e01d1-5b64-0000-0000-b68676eeea8a,william yakubu 5532,male,25,adult,CA,2026-05-07T09:42:38.180780Z
019e01d1-5b68-0000-0000-cf5b592c67ac,felix bakare 5534,male,61,senior,BR,2026-05-07T09:42:38.184180Z
019e01d1-5b6b-0000-0000-3045051209e3,irene usman 5536,male,82,senior,US,2026-05-07T09:42:38.187202Z
019e01d1-5b6c-0000-0000-eb6b079c2647,helen osei 5537,male,31,adult,US,2026-05-07T09:42:38.188574Z
019e01d1-5b6d-0000-0000-89089517b88c,william nwosu 5538,male,16,teenager,GB,2026-05-07T09:42:38.190024Z
019e01d1-5b77-0000-0000-2845dd882c97,onome musa 5544,male,9,child,JP,2026-05-07T09:42:38.199496Z
019e01d1-5b7c-0000-0000-d9f4aa2d876c,remi adekunle 5547,male,32,adult,NG,2026-05-07T09:42:38.204728Z
019e01d1-5b83-0000-0000-9778eee10737,jumoke adesanya 5550,male,11,child,EG,2026-05-07T09:42:38.211289Z
019e01d1-5b86-0000-0000-8b010bfbd92d,ola fashola 5552,male,14,teenager,CA,2026-05-07T09:42:38.214806Z
019e01d1-5b88-0000-0000-78e982685a86,patience musa 5553,male,29,adult,FR,2026-05-07T09:42:38.216736Z
019e01d1-5b8a-0000-0000-9c059605d1d3,wunmi adekunle 5554,male,61,senior,CI,2026-05-07T09:42:38.219022Z
019e01d1-5b8c-0000-0000-8c6423df90c0,zara mensah 5555,male,5,child,GB,2026-05-07T09:42:38.220715Z
019e01d1-5b91-0000-0000-cbb96d18a888,grace fashola 5558,male,58,adult,DE,2026-05-07T09:42:38.225373Z
019e01d1-5b94-0000-0000-ee2929b495b9,nkem williams 5560,male,45,adult,CA,2026-05-07T09:42:38.228309Z
019e01d1-5b97-0000-0000-410359d112e2,lawal hassan 5562,male,47,adult,EG,2026-05-07T09:42:38.231461Z
019e01d1-5b98-0000-0000-68b623bc57cd,wunmi vincent 5563,male,16,teenager,CN,2026-05-07T09:42:38.232979Z
019e01d1-5b9a-0000-0000-f12bc259241d,kehinde diallo 5564,male,78,senior,IN,2026-05-07T09:42:38.234437Z
019e01d1-5b9d-0000-0000-7e3afc68d45e,patience johnson 5566,male,44,adult,CI,2026-05-07T09:42:38.237174Z
019e01d1-5b9e-0000-0000-7abe381942d1,kemi yakubu 5567,male,3,child,SN,2026-05-07T09:42:38.238566Z
019e01d1-5ba2-0000-0000-a368e4fb9ebb,david traore 5570,male,82,senior,UG,2026-05-07T09:42:38.242861Z
019e01d1-5ba4-0000-0000-1658d95ba5d3,jumoke kamara 5571,male,50,adult,EG,2026-05-07T09:42:38.244435Z
019e01d1-5ba7-0000-0000-24833543a145,blessing vincent 5573,male,34,adult,EG,2026-05-07T09:42:38.247585Z
019e01d1-5ba9-0000-0000-bed96a8a6b5e,yemi vincent 5574,male,35,adult,AU,2026-05-07T09:42:38.249120Z
019e01d1-5bb3-0000-0000-95cb448c15f1,tunde raji 5581,male,29,adult,ET,2026-05-07T09:42:38.259536Z
019e01d1-5bb5-0000-0000-ef69d044cf95,david bakare 5582,male,69,senior,ZA,2026-05-07T09:42:38.261325Z
019e01d1-5bb8-0000-0000-ca22a89667f5,wale yusuf 5584,male,2,child,NG,2026-05-07T09:42:38.264613Z
019e01d1-5bba-0000-0000-6d232f48d66c,kehinde okonkwo 5585,male,23,adult,GH,2026-05-07T09:42:38.266043Z
019e01d1-5bbc-0000-0000-60cec8c0d886,babatunde mensah 5586,male,17,teenager,IN,2026-05-07T09:42:38.268059Z
019e01d1-5bbf-0000-0000-45a3c382c526,dayo kalu 5588,male,16,teenager,CN,2026-05-07T09:42:38.271359Z
019e01d1-5bc2-0000-0000-c3b0298e718f,xola hassan 5590,male,51,adult,CI,2026-05-07T09:42:38.274657Z
019e01d1-5bc4-0000-0000-13e7129ae734,qudus yakubu 5591,male,27,adult,NG,2026-05-07T09:42:38.276292Z
019e01d1-5bce-0000-0000-4ccb90606d94,jide yusuf 5598,male,9,child,FR,2026-05-07T09:42:38.286929Z
019e01d1-5bd2-0000-0000-58e6f288e5cd,vivian quadri 5600,male,10,child,ZA,2026-05-07T09:42:38.290193Z
019e01d1-5bd6-0000-0000-5c6d33635dcc,tunde lawal 5603,male,24,adult,ZA,2026-05-07T09:42:38.294720Z
019e01d1-5bd8-0000-0000-baf50463ea18,efosa raji 5604,male,60,senior,UG,2026-05-07T09:42:38.296200Z
019e01d1-5be2-0000-0000-55e5279fef91,nkem usman 5611,male,3,child,IN,2026-05-07T09:42:38.306927Z
019e01d1-5be4-0000-0000-108e6e5d73d2,babatunde adesanya 5612,male,80,senior,KE,2026-05-07T09:42:38.308421Z
019e01d1-5be7-0000-0000-0ca27b3d7d0e,obiora salami 5614,male,61,senior,BR,2026-05-07T09:42:38.311398Z
019e01d1-5bea-0000-0000-e2b2e3ccdaf5,ikenna lawal 5616,male,66,senior,CA,2026-05-07T09:42:38.314262Z
019e01d1-5bed-0000-0000-420aa0ad08a7,cynthia adesanya 5618,male,57,adult,CI,2026-05-07T09:42:38.317147Z
019e01d1-5bef-0000-0000-523fc4dc9769,zara lawal 5620,male,30,adult,GB,2026-05-07T09:42:38.319837Z
019e01d1-5bf1-0000-0000-49fc5643c1cf,ahmed adesanya 5621,male,61,senior,CI,2026-05-07T09:42:38.321203Z
019e01d1-5bf5-0000-0000-97e4997c581d,yvonne dada 5624,male,1,child,ET,2026-05-07T09:42:38.325502Z
019e01d1-5bfb-0000-0000-ef713ff10351,tunde vincent 5628,male,44,adult,EG,2026-05-07T09:42:38.331280Z
019e01d1-5bfd-0000-0000-797c03207c79,queen lawal 5629,male,17,teenager,CA,2026-05-07T09:42:38.333056Z
019e01d1-5bfe-0000-0000-b39a081efb1a,wunmi taiwo 5630,male,2,child,BR,2026-05-07T09:42:38.334730Z
019e01d1-5c01-0000-0000-5f2d2fcb5305,pita yakubu 5632,male,16,teenager,NG,2026-05-07T09:42:38.337959Z
019e01d1-5c03-0000-0000-3d5befd94bb5,ola idowu 5633,male,29,adult,JP,2026-05-07T09:42:38.339462Z
019e01d1-5c05-0000-0000-4cc313c71f62,xerxes musa 5634,male,79,senior,IN,2026-05-07T09:42:38.341396Z
019e01d1-5c0a-0000-0000-d036598fe29e,amara xavier 5637,male,42,adult,DE,2026-05-07T09:42:38.346534Z
019e01d1-5c0c-0000-0000-998342cb67f6,lola diallo 5638,male,83,senior,UG,2026-05-07T09:42:38.348174Z
019e01d1-5c0d-0000-0000-0ec80c3cd90d,kunle adekunle 5639,male,43,adult,ZA,2026-05-07T09:42:38.350019Z
019e01d1-5c0f-0000-0000-c792b03c7c12,kunle ogundele 5640,male,37,adult,DE,2026-05-07T09:42:38.351606Z
019e01d1-5c11-0000-0000-f73007384033,kunle dada 5641,male,59,adult,US,2026-05-07T09:42:38.353342Z
019e01d1-5c14-0000-0000-6c0f482f8e65,ifeoma bakare 5643,male,49,adult,US,2026-05-07T09:42:38.356261Z
019e01d1-5c1a-0000-0000-56e80ba91845,ikenna ogundele 5647,male,51,adult,ZA,2026-05-07T09:42:38.362180Z
019e01d1-5c1d-0000-0000-42c95818cb38,david dada 5649,male,18,teenager,KE,2026-05-07T09:42:38.365221Z
019e01d1-5c1f-0000-0000-58faf18c5cce,susan eze 5650,male,52,adult,SN,2026-05-07T09:42:38.367026Z
019e01d1-5c20-0000-0000-f418348e260c,obiora traore 5651,male,85,senior,CN,2026-05-07T09:42:38.368509Z
019e01d1-5c23-0000-0000-d77dea15e98b,ifeoma lawal 5653,male,37,adult,SN,2026-05-07T09:42:38.371795Z
019e01d1-5c25-0000-0000-d392c49c0ea1,timothy yusuf 5654,male,17,teenager,NG,2026-05-07T09:42:38.373439Z
019e01d1-5c26-0000-0000-d3cb97d20942,hauwa lawal 5655,male,24,adult,KE,2026-05-07T09:42:38.374821Z
019e01d1-5c29-0000-0000-0a849a497154,ifeoma williams 5657,male,30,adult,NG,2026-05-07T09:42:38.377705Z
019e01d1-5c2c-0000-0000-db0021db9d0f,obiora eze 5659,male,5,child,CI,2026-05-07T09:42:38.380546Z
019e01d1-5c2f-0000-0000-dc47a73e6ac4,esther ganiyu 5661,male,83,senior,CA,2026-05-07T09:42:38.383623Z
019e01d1-5c30-0000-0000-4b54c5f4692c,ifeoma idowu 5662,male,60,senior,JP,2026-05-07T09:42:38.384974Z
019e01d1-5c34-0000-0000-5f3333cc5ccc,dimma usman 5664,male,4,child,AU,2026-05-07T09:42:38.388304Z
019e01d1-5c36-0000-0000-6c6ab63c8f19,cynthia johnson 5665,male,24,adult,ZA,2026-05-07T09:42:38.390064Z
019e01d1-5c37-0000-0000-87b3e972e613,tunde okonkwo 5666,male,1,child,CN,2026-05-07T09:42:38.391608Z
019e01d1-5c38-0000-0000-85c7a0f2d362,lydia eze 5667,male,22,adult,JP,2026-05-07T09:42:38.392902Z
019e01d1-5c3f-0000-0000-2c2d77f734fc,jumoke yakubu 5672,male,23,adult,ET,2026-05-07T09:42:38.399839Z
019e01d1-5c43-0000-0000-d9798b2476f2,gbenga xavier 5674,male,13,teenager,EG,2026-05-07T09:42:38.403069Z
019e01d1-5c44-0000-0000-a153e1b3d087,esther mensah 5675,male,14,teenager,JP,2026-05-07T09:42:38.404583Z
019e01d1-5c48-0000-0000-8721134da933,pita ibrahim 5677,male,3,child,AU,2026-05-07T09:42:38.408248Z
019e01d1-5c4a-0000-0000-ae04c22ac6d6,vivian osei 5678,male,28,adult,NG,2026-05-07T09:42:38.410127Z
019e01d1-5c4d-0000-0000-c8e123e578c3,susan yakubu 5680,male,65,senior,KE,2026-05-07T09:42:38.413111Z
019e01d1-5c51-0000-0000-1bebcd900cca,yusuf kalu 5683,male,2,child,IN,2026-05-07T09:42:38.417287Z
019e01d1-5c55-0000-0000-518faf2b39e0,chiamaka bakare 5686,male,45,adult,TZ,2026-05-07T09:42:38.421563Z
019e01d1-5c57-0000-0000-a1ef9b88c9ed,dimma lawal 5687,male,9,child,JP,2026-05-07T09:42:38.423451Z
019e01d1-5c58-0000-0000-715ef7fe41c0,moses eze 5688,male,62,senior,US,2026-05-07T09:42:38.424893Z
019e01d1-5c5c-0000-0000-d593785b2193,yusuf okonkwo 5690,male,28,adult,NG,2026-05-07T09:42:38.428196Z
019e01d1-5c5d-0000-0000-4b2911b6ecf8,emeka quadri 5691,male,13,teenager,GH,2026-05-07T09:42:38.429656Z
019e01d1-5c5e-0000-0000-eff1cdb0c0d1,grace idowu 5692,male,33,adult,NG,2026-05-07T09:42:38.431009Z
019e01d1-5c60-0000-0000-6571fb8c269e,obiora vincent 5693,male,68,senior,ZA,2026-05-07T09:42:38.432369Z
019e01d1-5c62-0000-0000-ddc4afa59621,jide kamara 5694,male,53,adult,ZA,2026-05-07T09:42:38.434335Z
019e01d1-5c63-0000-0000-e4510404fc08,cynthia nwosu 5695,male,12,child,JP,2026-05-07T09:42:38.435863Z
019e01d1-5c69-0000-0000-96cbe637216b,chidi usman 5699,male,5,child,IN,2026-05-07T09:42:38.441373Z
019e01d1-5c6a-0000-0000-4b3c7515d5d7,victor musa 5700,male,29,adult,ZA,2026-05-07T09:42:38.442786Z
019e01d1-5c6c-0000-0000-a4304f29cf67,qudus quadri 5701,male,10,child,GB,2026-05-07T09:42:38.444240Z
019e01d1-5c6d-0000-0000-59de2478aa86,wunmi usman 5702,male,78,senior,TZ,2026-05-07T09:42:38.445654Z
019e01d1-5c70-0000-0000-381284ddb0ca,qudus kalu 5704,male,1,child,KE,2026-05-07T09:42:38.448845Z
019e01d1-5c72-0000-0000-def06d871278,yusuf okonkwo 5705,male,49,adult,DE,2026-05-07T09:42:38.450279Z
019e01d1-5c77-0000-0000-2806a34c2f7c,ikenna salami 5709,male,68,senior,CI,2026-05-07T09:42:38.455869Z
019e01d1-5c79-0000-0000-846433669a26,helen lawal 5710,male,10,child,FR,2026-05-07T09:42:38.457200Z
019e01d1-5c7c-0000-0000-69d2ae1b6288,irene chukwu 5712,male,20,adult,JP,2026-05-07T09:42:38.460424Z
019e01d1-5c7f-0000-0000-b1670f14e469,moses ogundele 5714,male,44,adult,GH,2026-05-07T09:42:38.463302Z
019e01d1-5c84-0000-0000-bc4b06c4a85b,jumoke fashola 5717,male,78,senior,DE,2026-05-07T09:42:38.468360Z
019e01d1-5c88-0000-0000-7fdc370cb9bc,yemi fashola 5720,male,50,adult,AU,2026-05-07T09:42:38.473013Z
019e01d1-5c8a-0000-0000-e81db8831d2c,precious xavier 5721,male,20,adult,ZA,2026-05-07T09:42:38.474613Z
019e01d1-5c8d-0000-0000-b3063fb84afd,henry mba 5723,male,76,senior,IN,2026-05-07T09:42:38.477960Z
019e01d1-5c8f-0000-0000-b308882df6b1,adaeze diallo 5724,male,44,adult,CN,2026-05-07T09:42:38.479381Z
019e01d1-5c90-0000-0000-4299c7afeff2,timothy ibrahim 5725,male,83,senior,GB,2026-05-07T09:42:38.480956Z
019e01d1-5c95-0000-0000-871adf4ac6d1,jide raji 5728,male,68,senior,ZA,2026-05-07T09:42:38.485175Z
019e01d1-5c96-0000-0000-2933f5393035,mercy eze 5729,male,54,adult,CA,2026-05-07T09:42:38.486961Z
019e01d1-5c98-0000-0000-8c704ab0e69b,chiamaka usman 5730,male,53,adult,ET,2026-05-07T09:42:38.488473Z
019e01d1-5c9b-0000-0000-9aa97f79066a,folake chukwu 5732,male,9,child,DE,2026-05-07T09:42:38.491790Z
019e01d1-5c9e-0000-0000-120a77b016fb,chidi kamara 5734,male,84,senior,TZ,2026-05-07T09:42:38.494879Z
019e01d1-5ca0-0000-0000-28bf0f0d4a13,hauwa nwosu 5735,male,67,senior,ET,2026-05-07T09:42:38.496393Z
019e01d1-5ca1-0000-0000-960c77427c7b,kemi dada 5736,male,64,senior,IN,2026-05-07T09:42:38.497836Z
019e01d1-5ca6-0000-0000-3c5eccf4655a,richard usman 5739,male,28,adult,ET,2026-05-07T09:42:38.502776Z
019e01d1-5ca8-0000-0000-e359209e5294,lydia diallo 5740,male,35,adult,FR,2026-05-07T09:42:38.504787Z
019e01d1-5cac-0000-0000-4157f71a16c3,grace yusuf 5742,male,47,adult,IN,2026-05-07T09:42:38.508255Z
019e01d1-5caf-0000-0000-a8c02f0ec034,ifeoma traore 5744,male,64,senior,GH,2026-05-07T09:42:38.511425Z
019e01d1-5cb0-0000-0000-bba20c551219,ola vincent 5745,male,34,adult,FR,2026-05-07T09:42:38.512893Z
019e01d1-5cb2-0000-0000-dc9aa9a3b0e3,kunle diallo 5746,male,63,senior,JP,2026-05-07T09:42:38.514617Z
019e01d1-5cb4-0000-0000-28931c7abe9f,ikenna vincent 5747,male,80,senior,ZA,2026-05-07T09:42:38.516049Z
019e01d1-5cb5-0000-0000-270a9ad6fc45,lawal peters 5748,male,60,senior,AU,2026-05-07T09:42:38.517543Z
019e01d1-5cbb-0000-0000-3a147254f02d,irene eze 5752,male,18,teenager,NG,2026-05-07T09:42:38.523275Z
019e01d1-5cbc-0000-0000-128b3e3e9eb0,gbenga musa 5753,male,68,senior,TZ,2026-05-07T09:42:38.524592Z
019e01d1-5cbe-0000-0000-cac5a29d8e38,yemi vincent 5754,male,47,adult,CI,2026-05-07T09:42:38.526413Z
019e01d1-5cc1-0000-0000-b9f8693e2145,voke ibrahim 5756,male,53,adult,JP,2026-05-07T09:42:38.529141Z
019e01d1-5cc2-0000-0000-4774907889d5,xola quadri 5757,male,7,child,JP,2026-05-07T09:42:38.530734Z
019e01d1-5cc8-0000-0000-df5305c52168,funmi eze 5761,male,4,child,FR,2026-05-07T09:42:38.536197Z
019e01d1-5ccb-0000-0000-d01b4a94b192,remi ogundele 5763,male,57,adult,UG,2026-05-07T09:42:38.539083Z
019e01d1-5cce-0000-0000-86b84bf83bc1,jide mba 5765,male,77,senior,CA,2026-05-07T09:42:38.542206Z
019e01d1-5ccf-0000-0000-b6291abf8e21,yemi peters 5766,male,76,senior,IN,2026-05-07T09:42:38.543611Z
019e01d1-5cd1-0000-0000-5e014adc58f1,james musa 5767,male,25,adult,GB,2026-05-07T09:42:38.545113Z
019e01d1-5cd3-0000-0000-397c4f96d901,qudus vincent 5768,male,3,child,FR,2026-05-07T09:42:38.547049Z
019e01d1-5cd5-0000-0000-4a65641a679d,lawal traore 5770,male,31,adult,GH,2026-05-07T09:42:38.549993Z
019e01d1-5cda-0000-0000-bfd8b99b2310,wunmi kalu 5773,male,28,adult,ZA,2026-05-07T09:42:38.554699Z
019e01d1-5cdc-0000-0000-4394040d55bd,udoka hassan 5774,male,22,adult,GB,2026-05-07T09:42:38.556060Z
019e01d1-5cde-0000-0000-6f52f3c2a3b8,zara osei 5776,male,66,senior,TZ,2026-05-07T09:42:38.558854Z
019e01d1-5ce8-0000-0000-db5fbb3ec0f7,yusuf peters 5783,male,65,senior,EG,2026-05-07T09:42:38.568726Z
019e01d1-5ceb-0000-0000-8bde0a1ee9f2,hauwa traore 5785,male,6,child,US,2026-05-07T09:42:38.571733Z
019e01d1-5cf3-0000-0000-18abd3774051,zainab dada 5790,male,57,adult,UG,2026-05-07T09:42:38.579783Z
019e01d1-5cf9-0000-0000-7e649acb8b74,william idowu 5794,male,53,adult,GB,2026-05-07T09:42:38.586008Z
019e01d1-5cfb-0000-0000-dd48c6e62716,chiamaka salami 5795,male,83,senior,TZ,2026-05-07T09:42:38.587688Z
019e01d1-5cfd-0000-0000-45f2304627b5,wale lawal 5796,male,67,senior,CN,2026-05-07T09:42:38.589166Z
019e01d1-5cfe-0000-0000-75e75f639e6d,ola lawal 5797,male,25,adult,FR,2026-05-07T09:42:38.590717Z
019e01d1-5d01-0000-0000-3868107ff569,jide kalu 5799,male,71,senior,GH,2026-05-07T09:42:38.593611Z
019e01d1-5d04-0000-0000-83652d5b9a20,jide yakubu 5801,male,40,adult,ZA,2026-05-07T09:42:38.596633Z
019e01d1-5d07-0000-0000-fb6e01be9780,nkem diallo 5803,male,69,senior,CI,2026-05-07T09:42:38.599489Z
019e01d1-5d0e-0000-0000-1c9755d2ce70,moses kalu 5808,male,27,adult,TZ,2026-05-07T09:42:38.606403Z
019e01d1-5d10-0000-0000-ed5b583752ba,chiamaka raji 5809,male,26,adult,FR,2026-05-07T09:42:38.608167Z
019e01d1-5d11-0000-0000-98b9d9c34044,lawal diallo 5810,male,6,child,TZ,2026-05-07T09:42:38.609497Z
019e01d1-5d14-0000-0000-b547f172a135,timothy dada 5812,male,38,adult,AU,2026-05-07T09:42:38.612184Z
019e01d1-5d15-0000-0000-6fcf8adb92dd,patience traore 5813,male,16,teenager,JP,2026-05-07T09:42:38.613503Z
019e01d1-5d18-0000-0000-147735ea43c4,william mba 5815,male,47,adult,NG,2026-05-07T09:42:38.616276Z
019e01d1-5d19-0000-0000-fc9f4bcb200b,dimma peters 5816,male,78,senior,US,2026-05-07T09:42:38.617874Z
019e01d1-5d1c-0000-0000-2e25b8a1c179,babatunde hassan 5818,male,55,adult,FR,2026-05-07T09:42:38.620696Z
019e01d1-5d1e-0000-0000-30124421961f,efosa johnson 5819,male,34,adult,US,2026-05-07T09:42:38.622200Z
019e01d1-5d20-0000-0000-f8e0ad62983d,queen dada 5820,male,81,senior,CN,2026-05-07T09:42:38.624102Z
019e01d1-5d21-0000-0000-974561c6c9fb,kemi kamara 5821,male,42,adult,FR,2026-05-07T09:42:38.626005Z
019e01d1-5d29-0000-0000-176d07011720,kehinde hassan 5825,male,3,child,TZ,2026-05-07T09:42:38.633185Z
019e01d1-5d2a-0000-0000-5d9ec56707c2,james traore 5826,male,73,senior,KE,2026-05-07T09:42:38.634740Z
019e01d1-5d2c-0000-0000-a8f48a14683a,toyin yakubu 5827,male,20,adult,GB,2026-05-07T09:42:38.636108Z
019e01d1-5d30-0000-0000-55c88de60e95,chiamaka salami 5830,male,58,adult,UG,2026-05-07T09:42:38.640587Z
019e01d1-5d34-0000-0000-a5bac0ebd779,dayo fashola 5833,male,55,adult,DE,2026-05-07T09:42:38.644735Z
019e01d1-5d36-0000-0000-d1a0f9b8a061,tunde idowu 5834,male,16,teenager,CN,2026-05-07T09:42:38.646410Z
019e01d1-5d3b-0000-0000-3a80a3aac970,pita hassan 5837,male,65,senior,CN,2026-05-07T09:42:38.651096Z
019e01d1-5d3e-0000-0000-63aa22c4989a,ola salami 5839,male,71,senior,IN,2026-05-07T09:42:38.654223Z
019e01d1-5d3f-0000-0000-e05222b722f8,patience diallo 5840,male,51,adult,CA,2026-05-07T09:42:38.655999Z
019e01d1-5d44-0000-0000-f25a2291a43a,zara taiwo 5843,male,34,adult,AU,2026-05-07T09:42:38.660700Z
019e01d1-5d46-0000-0000-b43bec15a7d7,pita fashola 5844,male,30,adult,JP,2026-05-07T09:42:38.662317Z
019e01d1-5d47-0000-0000-9d1b492075ca,adaeze kalu 5845,male,12,child,FR,2026-05-07T09:42:38.663856Z
019e01d1-5d49-0000-0000-f6cdaee6974f,dimma lawal 5846,male,20,adult,AU,2026-05-07T09:42:38.665557Z
019e01d1-5d4e-0000-0000-375f32ea59c8,pita ogundele 5849,male,53,adult,EG,2026-05-07T09:42:38.670033Z
019e01d1-5d56-0000-0000-b1d98c0acddf,irene adesanya 5854,male,71,senior,KE,2026-05-07T09:42:38.678796Z
019e01d1-5d59-0000-0000-81f511c5ae34,hauwa nwosu 5856,male,56,adult,NG,2026-05-07T09:42:38.681983Z
019e01d1-5d5b-0000-0000-d2bcc6c073c4,jide vincent 5857,male,38,adult,NG,2026-05-07T09:42:38.683508Z
019e01d1-5d5c-0000-0000-6bb5fb86596d,yusuf lawal 5858,male,24,adult,CI,2026-05-07T09:42:38.684927Z
019e01d1-5d5e-0000-0000-d6614d648d07,patience dada 5859,male,67,senior,SN,2026-05-07T09:42:38.686374Z
019e01d1-5d61-0000-0000-36a12a9fd5dc,udoka dada 5861,male,32,adult,BR,2026-05-07T09:42:38.689054Z
019e01d1-5d66-0000-0000-960da7822b35,zainab lawal 5864,male,22,adult,JP,2026-05-07T09:42:38.694403Z
019e01d1-5d69-0000-0000-3065435dfe86,nora salami 5866,male,2,child,BR,2026-05-07T09:42:38.697543Z
019e01d1-5d6b-0000-0000-d1b51f1c9ba5,william quadri 5867,male,41,adult,CI,2026-05-07T09:42:38.699142Z
019e01d1-5d6d-0000-0000-a5c5eb86545b,lola xavier 5869,male,85,senior,IN,2026-05-07T09:42:38.701948Z
019e01d1-5d70-0000-0000-5dca7ed68f36,bolu ganiyu 5871,male,25,adult,ET,2026-05-07T09:42:38.704917Z
019e01d1-5d74-0000-0000-23d02c799f60,irene musa 5873,male,65,senior,GH,2026-05-07T09:42:38.708296Z
019e01d1-5d75-0000-0000-a1105bd6405d,cynthia mensah 5874,male,46,adult,DE,2026-05-07T09:42:38.709864Z
019e01d1-5d77-0000-0000-0e4b853f1f26,zainab diallo 5875,male,43,adult,CI,2026-05-07T09:42:38.711748Z
019e01d1-5d7b-0000-0000-e1f4d418ee1b,ikenna eze 5877,male,35,adult,SN,2026-05-07T09:42:38.715035Z
019e01d1-5d7d-0000-0000-9ea5dd1e356a,vivian nwosu 5878,male,81,senior,AU,2026-05-07T09:42:38.717156Z
019e01d1-5d81-0000-0000-fe61d71cc97d,mercy hassan 5881,male,37,adult,SN,2026-05-07T09:42:38.721625Z
019e01d1-5d82-0000-0000-c38d2b761a85,mercy osei 5882,male,69,senior,IN,2026-05-07T09:42:38.723009Z
019e01d1-5d85-0000-0000-7d32bb92043d,seun osei 5884,male,83,senior,TZ,2026-05-07T09:42:38.725855Z
019e01d1-5d87-0000-0000-1c628313d381,rasheed kamara 5885,male,40,adult,JP,2026-05-07T09:42:38.727900Z
019e01d1-5d89-0000-0000-513e0a54c132,efosa osei 5886,male,42,adult,AU,2026-05-07T09:42:38.729381Z
019e01d1-5d8a-0000-0000-505a7e1c6cfa,obiora mba 5887,male,55,adult,SN,2026-05-07T09:42:38.730861Z
019e01d1-5d92-0000-0000-985510f30bd2,yusuf raji 5892,male,27,adult,EG,2026-05-07T09:42:38.738385Z
019e01d1-5d94-0000-0000-382778402cc0,dimma osei 5893,male,42,adult,UG,2026-05-07T09:42:38.740861Z
019e01d1-5d96-0000-0000-a6ea5f90eadd,tunde traore 5894,male,63,senior,ET,2026-05-07T09:42:38.742538Z
019e01d1-5d97-0000-0000-6d98b60c329f,ikenna johnson 5895,male,3,child,UG,2026-05-07T09:42:38.743970Z
019e01d1-5d9a-0000-0000-b69cf765b1ad,kunle osei 5897,male,28,adult,CI,2026-05-07T09:42:38.746965Z
019e01d1-5d9c-0000-0000-83a5bab60d51,chiamaka usman 5898,male,45,adult,US,2026-05-07T09:42:38.748373Z
019e01d1-5d9d-0000-0000-8efbc8183bff,musa raji 5899,male,68,senior,SN,2026-05-07T09:42:38.749795Z
019e01d1-5d9f-0000-0000-7c67e920ad1a,remi taiwo 5900,male,69,senior,KE,2026-05-07T09:42:38.751331Z
019e01d1-5da1-0000-0000-b456e62e5aee,nora adekunle 5902,male,78,senior,CI,2026-05-07T09:42:38.754011Z
019e01d1-5da4-0000-0000-09b7c1e7605f,onome ganiyu 5904,male,2,child,DE,2026-05-07T09:42:38.756897Z
019e01d1-5da9-0000-0000-22b99acf0e4e,chiamaka nwosu 5907,male,49,adult,FR,2026-05-07T09:42:38.761113Z
019e01d1-5daa-0000-0000-f903ae216935,patience lawal 5908,male,31,adult,DE,2026-05-07T09:42:38.762504Z
019e01d1-5daf-0000-0000-a8f0d2aaaac6,dimma yusuf 5911,male,18,teenager,ZA,2026-05-07T09:42:38.767181Z
019e01d1-5db0-0000-0000-5e1a93c31be7,onome bakare 5912,male,6,child,AU,2026-05-07T09:42:38.768586Z
019e01d1-5db1-0000-0000-79fcdd2bc976,ngozi fashola 5913,male,14,teenager,FR,2026-05-07T09:42:38.769928Z
019e01d1-5db4-0000-0000-dbb4f80b7df3,grace okonkwo 5915,male,28,adult,ZA,2026-05-07T09:42:38.772915Z
019e01d1-5db6-0000-0000-b8a31097c2ed,chidi ogundele 5916,male,80,senior,CN,2026-05-07T09:42:38.774305Z
019e01d1-5db7-0000-0000-d259cbfc4263,jide osei 5917,male,3,child,KE,2026-05-07T09:42:38.775700Z
019e01d1-5dbd-0000-0000-554b3bc4905f,zainab mensah 5921,male,29,adult,NG,2026-05-07T09:42:38.781757Z
019e01d1-5dc2-0000-0000-9f0193f67f5c,seun chukwu 5924,male,41,adult,BR,2026-05-07T09:42:38.786668Z
019e01d1-5dc6-0000-0000-ac0ed65e89aa,gbenga mensah 5926,male,85,senior,AU,2026-05-07T09:42:38.790462Z
019e01d1-5dc8-0000-0000-a6008879dbc9,kemi musa 5927,male,19,teenager,NG,2026-05-07T09:42:38.792491Z
019e01d1-5dcb-0000-0000-57a0dec24e19,patience hassan 5929,male,33,adult,GH,2026-05-07T09:42:38.795536Z
019e01d1-5dcf-0000-0000-d7f3bc32ab7b,xola vincent 5932,male,11,child,JP,2026-05-07T09:42:38.799690Z
019e01d1-5dd1-0000-0000-66cfa2a324cf,ahmed yakubu 5933,male,12,child,CA,2026-05-07T09:42:38.801170Z
019e01d1-5dd7-0000-0000-cb2150385b88,efosa lawal 5937,male,44,adult,ZA,2026-05-07T09:42:38.807451Z
019e01d1-5dd8-0000-0000-23f9ff060ae5,irene adekunle 5938,male,74,senior,BR,2026-05-07T09:42:38.808772Z
019e01d1-5ddf-0000-0000-201a9ec67d1c,funmi ogundele 5943,male,49,adult,TZ,2026-05-07T09:42:38.815916Z
019e01d1-5de8-0000-0000-4463d8383843,nora kalu 5947,male,73,senior,NG,2026-05-07T09:42:38.824597Z
019e01d1-5dea-0000-0000-e78b348ef0c4,efosa quadri 5948,male,4,child,TZ,2026-05-07T09:42:38.826179Z
019e01d1-5deb-0000-0000-3ab7adf9f8da,jumoke musa 5949,male,25,adult,CI,2026-05-07T09:42:38.827729Z
019e01d1-5dee-0000-0000-aa9051d8690a,udoka bakare 5951,male,49,adult,FR,2026-05-07T09:42:38.830814Z
019e01d1-5df1-0000-0000-3fa741891a56,yemi xavier 5953,male,17,teenager,EG,2026-05-07T09:42:38.833716Z
019e01d1-5df3-0000-0000-61079a565eb1,gbenga kamara 5954,male,37,adult,TZ,2026-05-07T09:42:38.835102Z
019e01d1-5df7-0000-0000-190830114af6,onome mba 5957,male,41,adult,TZ,2026-05-07T09:42:38.839244Z
019e01d1-5dfb-0000-0000-c7653f071446,tunde adekunle 5960,male,75,senior,DE,2026-05-07T09:42:38.843395Z
019e01d1-5dfe-0000-0000-2652737a9adc,wunmi ogundele 5962,male,28,adult,EG,2026-05-07T09:42:38.846037Z
019e01d1-5dff-0000-0000-d361f5cd1c95,obiora usman 5963,male,38,adult,GB,2026-05-07T09:42:38.848020Z
019e01d1-5e01-0000-0000-aa2b0d4405cf,onome ganiyu 5964,male,64,senior,DE,2026-05-07T09:42:38.849451Z
019e01d1-5e02-0000-0000-cb00178c5415,xerxes diallo 5965,male,75,senior,FR,2026-05-07T09:42:38.850947Z
019e01d1-5e04-0000-0000-9cadb1c4cf9a,chiamaka vincent 5966,male,3,child,FR,2026-05-07T09:42:38.852298Z
019e01d1-5e07-0000-0000-54a43d9c4343,usman okonkwo 5968,male,4,child,AU,2026-05-07T09:42:38.855224Z
019e01d1-5e08-0000-0000-c2c3b1dfa966,queen chukwu 5969,male,85,senior,JP,2026-05-07T09:42:38.856601Z
019e01d1-5e0b-0000-0000-2519abea0270,henry mensah 5971,male,29,adult,BR,2026-05-07T09:42:38.859296Z
019e01d1-5e12-0000-0000-4ba6795d93d4,emeka peters 5976,male,53,adult,TZ,2026-05-07T09:42:38.866602Z
019e01d1-5e13-0000-0000-0c39a5782e83,bolu adekunle 5977,male,43,adult,ET,2026-05-07T09:42:38.867973Z
019e01d1-5e15-0000-0000-8d94b814460d,esther diallo 5978,male,71,senior,IN,2026-05-07T09:42:38.869474Z
019e01d1-5e1e-0000-0000-614084cd1b54,lydia ogundele 5984,male,65,senior,GH,2026-05-07T09:42:38.878182Z
019e01d1-5e1f-0000-0000-12071dae4710,dayo raji 5985,male,40,adult,GB,2026-05-07T09:42:38.879561Z
019e01d1-5e27-0000-0000-133965b92bf4,ahmed dada 5990,male,63,senior,JP,2026-05-07T09:42:38.887433Z
019e01d1-5e28-0000-0000-23611d59d684,yvonne osei 5991,male,6,child,AU,2026-05-07T09:42:38.888780Z
019e01d1-5e2d-0000-0000-9a616e012d6a,david vincent 5994,male,3,child,DE,2026-05-07T09:42:38.893411Z
019e01d1-5e2e-0000-0000-1a0fe0fc5d08,musa kalu 5995,male,59,adult,UG,2026-05-07T09:42:38.894869Z
019e01d1-5e33-0000-0000-57a73a3c67e2,ahmed quadri 5998,male,33,adult,CA,2026-05-07T09:42:38.899128Z
019e01d1-5e34-0000-0000-860eae55ab30,moses mensah 5999,male,29,adult,FR,2026-05-07T09:42:38.900549Z
019e01d1-5e79-0000-0000-37b62f534cbb,kunle johnson 6003,male,24,adult,CN,2026-05-07T09:42:38.969366Z
019e01d1-5e7c-0000-0000-e27885fac86e,remi dada 6005,male,69,senior,IN,2026-05-07T09:42:38.972387Z
019e01d1-5e7f-0000-0000-00d850b2fc37,godwin taiwo 6007,male,55,adult,EG,2026-05-07T09:42:38.975424Z
019e01d1-5e80-0000-0000-e6183c8980b3,toyin traore 6008,male,75,senior,BR,2026-05-07T09:42:38.976905Z
019e01d1-5e82-0000-0000-f89b11866d55,richard adekunle 6009,male,69,senior,CA,2026-05-07T09:42:38.978281Z
019e01d1-5e8a-0000-0000-25f96f07d319,grace mba 6014,male,5,child,IN,2026-05-07T09:42:38.986246Z
019e01d1-5e8c-0000-0000-3341af902756,amara musa 6015,male,16,teenager,FR,2026-05-07T09:42:38.988104Z
019e01d1-5e8f-0000-0000-1c9f0a8ea739,folake johnson 6017,male,80,senior,CN,2026-05-07T09:42:38.991159Z
019e01d1-5e93-0000-0000-8d60768a2e52,chidi bakare 6020,male,84,senior,CI,2026-05-07T09:42:38.995489Z
019e01d1-5e94-0000-0000-20169b05dbb1,nora nwosu 6021,male,54,adult,JP,2026-05-07T09:42:38.996927Z
019e01d1-5e96-0000-0000-ef34efcdeb2d,lola ogundele 6022,male,54,adult,DE,2026-05-07T09:42:38.998326Z
019e01d1-5e97-0000-0000-6742c7f1363d,pita kalu 6023,male,55,adult,CI,2026-05-07T09:42:38.999744Z
019e01d1-5e99-0000-0000-f3190bcb45f2,ifeoma xavier 6024,male,38,adult,EG,2026-05-07T09:42:39.001096Z
019e01d1-5e9a-0000-0000-b76d3e12301e,godwin ogundele 6025,male,11,child,CA,2026-05-07T09:42:39.002421Z
019e01d1-5e9b-0000-0000-da663a23d7d5,chidi idowu 6026,male,1,child,ET,2026-05-07T09:42:39.003879Z
019e01d1-5e9f-0000-0000-3b97cc5538f4,uche hassan 6028,male,28,adult,BR,2026-05-07T09:42:39.007145Z
019e01d1-5ea0-0000-0000-9a778ebd12a5,kemi johnson 6029,male,11,child,TZ,2026-05-07T09:42:39.008517Z
019e01d1-5ea3-0000-0000-b495252751f4,lola adesanya 6031,male,24,adult,FR,2026-05-07T09:42:39.011560Z
019e01d1-5ea5-0000-0000-295d276032df,chidi taiwo 6032,male,35,adult,SN,2026-05-07T09:42:39.013253Z
019e01d1-5ea6-0000-0000-465ac5b6a62c,uche yakubu 6033,male,73,senior,NG,2026-05-07T09:42:39.014942Z
019e01d1-5ea8-0000-0000-4dbc21c4e794,adaeze vincent 6034,male,32,adult,KE,2026-05-07T09:42:39.016500Z
019e01d1-5eac-0000-0000-09d53c956ba1,bolu mba 6036,male,54,adult,BR,2026-05-07T09:42:39.020204Z
019e01d1-5ead-0000-0000-903ba74b8ff6,uche hassan 6037,male,39,adult,NG,2026-05-07T09:42:39.021685Z
019e01d1-5eaf-0000-0000-aa05808857fd,helen salami 6038,male,49,adult,FR,2026-05-07T09:42:39.023155Z
019e01d1-5eb0-0000-0000-b8f74ca1d145,nkem kalu 6039,male,49,adult,NG,2026-05-07T09:42:39.024975Z
019e01d1-5eb4-0000-0000-b362433e8020,lola traore 6041,male,47,adult,ZA,2026-05-07T09:42:39.028141Z
019e01d1-5ebc-0000-0000-18664be78f6f,toyin salami 6047,male,65,senior,BR,2026-05-07T09:42:39.036565Z
019e01d1-5ebd-0000-0000-40ffc6226697,james yusuf 6048,male,47,adult,ZA,2026-05-07T09:42:39.037917Z
019e01d1-5ec6-0000-0000-520a8105d3b4,timothy fashola 6054,male,82,senior,GH,2026-05-07T09:42:39.046515Z
019e01d1-5ec7-0000-0000-9d4dbf2bad73,william peters 6055,male,84,senior,UG,2026-05-07T09:42:39.047844Z
019e01d1-5eca-0000-0000-0f1862177423,kemi mensah 6057,male,64,senior,AU,2026-05-07T09:42:39.050704Z
019e01d1-5ece-0000-0000-7f7c08ebad62,ikenna usman 6060,male,22,adult,BR,2026-05-07T09:42:39.054833Z
019e01d1-5ed1-0000-0000-c9a633a97328,nora mba 6062,male,57,adult,NG,2026-05-07T09:42:39.057418Z
019e01d1-5ed2-0000-0000-91850a7d700f,precious ganiyu 6063,male,65,senior,TZ,2026-05-07T09:42:39.058958Z
019e01d1-5ed7-0000-0000-52d62cf807ec,ahmed johnson 6066,male,37,adult,UG,2026-05-07T09:42:39.063456Z
019e01d1-5edc-0000-0000-943f9be164d6,henry ogundele 6069,male,78,senior,KE,2026-05-07T09:42:39.068304Z
019e01d1-5ee3-0000-0000-52be39252a3f,victor xavier 6074,male,4,child,NG,2026-05-07T09:42:39.075215Z
019e01d1-5ee4-0000-0000-ca2c81c3d447,pita adesanya 6075,male,22,adult,CI,2026-05-07T09:42:39.076564Z
019e01d1-5ee5-0000-0000-9f804e5a450f,patience diallo 6076,male,38,adult,JP,2026-05-07T09:42:39.077963Z
019e01d1-5ee7-0000-0000-a4018f5f3fe9,voke chukwu 6077,male,39,adult,EG,2026-05-07T09:42:39.079446Z
019e01d1-5eea-0000-0000-83c846a631fa,precious quadri 6079,male,84,senior,CA,2026-05-07T09:42:39.082238Z
019e01d1-5eeb-0000-0000-37b018730bcd,kemi traore 6080,male,14,teenager,EG,2026-05-07T09:42:39.083612Z
019e01d1-5eec-0000-0000-b800d586fa80,tunde adesanya 6081,male,23,adult,US,2026-05-07T09:42:39.084930Z
019e01d1-5eee-0000-0000-b6df6b8eb365,bolu usman 6082,male,64,senior,BR,2026-05-07T09:42:39.086661Z
019e01d1-5ef7-0000-0000-2bdb12d48b41,chidi traore 6088,male,39,adult,CA,2026-05-07T09:42:39.095705Z
019e01d1-5ef9-0000-0000-d59982f5484b,zara salami 6089,male,7,child,TZ,2026-05-07T09:42:39.097452Z
019e01d1-5efe-0000-0000-ce1829cd2a10,ngozi peters 6092,male,58,adult,IN,2026-05-07T09:42:39.102290Z
019e01d1-5eff-0000-0000-c3aafd724ea7,babatunde yakubu 6093,male,62,senior,TZ,2026-05-07T09:42:39.103626Z
019e01d1-5f02-0000-0000-adc975ddd0db,amara ogundele 6095,male,13,teenager,SN,2026-05-07T09:42:39.106728Z
019e01d1-5f05-0000-0000-eae9fd5bea7c,dayo nwosu 6097,male,64,senior,FR,2026-05-07T09:42:39.109440Z
019e01d1-5f08-0000-0000-069c5c8ce481,david williams 6099,male,83,senior,CN,2026-05-07T09:42:39.112629Z
019e01d1-5f0b-0000-0000-f0388668d38e,precious quadri 6101,male,31,adult,GB,2026-05-07T09:42:39.115703Z
019e01d1-5f0d-0000-0000-e642225a69a2,usman dada 6102,male,7,child,NG,2026-05-07T09:42:39.117082Z
019e01d1-5f0f-0000-0000-24ca6e6a0d58,obiora ogundele 6104,male,18,teenager,US,2026-05-07T09:42:39.119841Z
019e01d1-5f11-0000-0000-6cb2037f25ab,wale mensah 6105,male,8,child,GH,2026-05-07T09:42:39.121448Z
019e01d1-5f12-0000-0000-17371fd6ae6a,sola dada 6106,male,42,adult,CA,2026-05-07T09:42:39.122964Z
019e01d1-5f15-0000-0000-781af02aea82,wunmi nwosu 6108,male,72,senior,GB,2026-05-07T09:42:39.125529Z
019e01d1-5f17-0000-0000-4086912f2782,william idowu 6109,male,28,adult,AU,2026-05-07T09:42:39.127364Z
019e01d1-5f21-0000-0000-9fcb864261a3,obiora musa 6116,male,81,senior,EG,2026-05-07T09:42:39.137168Z
019e01d1-5f25-0000-0000-4c62e2b79b9c,gbenga mba 6119,male,60,senior,GH,2026-05-07T09:42:39.141328Z
019e01d1-5f29-0000-0000-c6947922d25f,emeka musa 6122,male,14,teenager,ZA,2026-05-07T09:42:39.145614Z
019e01d1-5f2b-0000-0000-238e15c18a9f,zainab usman 6123,male,36,adult,BR,2026-05-07T09:42:39.147194Z
019e01d1-5f2c-0000-0000-f13cfc3789d0,precious yakubu 6124,male,68,senior,AU,2026-05-07T09:42:39.148542Z
019e01d1-5f35-0000-0000-a84e8d4a54bd,mercy taiwo 6130,male,34,adult,KE,2026-05-07T09:42:39.157064Z
019e01d1-5f39-0000-0000-b0885f1f8d56,funmi yusuf 6133,male,82,senior,EG,2026-05-07T09:42:39.161155Z
019e01d1-5f40-0000-0000-40e2d092aedd,onome lawal 6138,male,81,senior,GB,2026-05-07T09:42:39.168229Z
019e01d1-5f46-0000-0000-ef95828e68db,godwin xavier 6142,male,2,child,CA,2026-05-07T09:42:39.174253Z
019e01d1-5f4a-0000-0000-b2181531c82e,ola musa 6145,male,62,senior,DE,2026-05-07T09:42:39.178512Z
019e01d1-5f4d-0000-0000-c81ab3db0bae,tunde williams 6147,male,20,adult,US,2026-05-07T09:42:39.181219Z
019e01d1-5f52-0000-0000-2852e20ccec8,kunle kalu 6151,male,14,teenager,SN,2026-05-07T09:42:39.186921Z
019e01d1-5f54-0000-0000-9cd75bc6cd6b,helen xavier 6152,male,25,adult,SN,2026-05-07T09:42:39.188264Z
019e01d1-5f55-0000-0000-f4ed1571fdf1,david chukwu 6153,male,1,child,KE,2026-05-07T09:42:39.189620Z
019e01d1-5f57-0000-0000-bfd5b5339660,yusuf raji 6154,male,24,adult,KE,2026-05-07T09:42:39.191407Z
019e01d1-5f58-0000-0000-90d31aa404d0,esther lawal 6155,male,1,child,GB,2026-05-07T09:42:39.192850Z
019e01d1-5f5c-0000-0000-cd6b1f53cc06,grace salami 6157,male,38,adult,SN,2026-05-07T09:42:39.196042Z
019e01d1-5f5d-0000-0000-8ef16e90918d,william taiwo 6158,male,30,adult,EG,2026-05-07T09:42:39.197365Z
019e01d1-5f61-0000-0000-83f58e0eb954,sola lawal 6161,male,81,senior,TZ,2026-05-07T09:42:39.201316Z
019e01d1-5f65-0000-0000-238153f31008,cynthia nwosu 6164,male,24,adult,GH,2026-05-07T09:42:39.205640Z
019e01d1-5f67-0000-0000-38ec24bc46a7,kunle adesanya 6165,male,85,senior,UG,2026-05-07T09:42:39.207153Z
019e01d1-5f6e-0000-0000-4b0cf0778d0d,toyin ibrahim 6170,male,36,adult,JP,2026-05-07T09:42:39.214323Z
019e01d1-5f6f-0000-0000-4d7c7d75566d,ola kalu 6171,male,11,child,US,2026-05-07T09:42:39.215907Z
019e01d1-5f71-0000-0000-c04fa501c752,uche chukwu 6172,male,34,adult,ET,2026-05-07T09:42:39.217460Z
019e01d1-5f73-0000-0000-c5d4c91ed670,moses musa 6173,male,51,adult,UG,2026-05-07T09:42:39.219430Z
019e01d1-5f76-0000-0000-f2ef40de737d,bolu quadri 6175,male,62,senior,TZ,2026-05-07T09:42:39.222763Z
019e01d1-5f7b-0000-0000-a2a8c6eea4fa,bolu fashola 6176,male,72,senior,TZ,2026-05-07T09:42:39.227074Z
019e01d1-5f7e-0000-0000-5ad0a8cf5560,seun xavier 6178,male,37,adult,KE,2026-05-07T09:42:39.230890Z
019e01d1-5f80-0000-0000-7203e42a4dc9,hauwa diallo 6179,male,19,teenager,GH,2026-05-07T09:42:39.232714Z
019e01d1-5f82-0000-0000-7a407965efd5,esther osei 6180,male,57,adult,ZA,2026-05-07T09:42:39.234318Z
019e01d1-5f83-0000-0000-3d365845fe23,chidi raji 6181,male,78,senior,IN,2026-05-07T09:42:39.236003Z
019e01d1-5f87-0000-0000-ef5c88571dbd,ngozi usman 6183,male,51,adult,BR,2026-05-07T09:42:39.239115Z
019e01d1-5f93-0000-0000-482749173b26,ola nwosu 6186,male,47,adult,EG,2026-05-07T09:42:39.251283Z
019e01d1-5f95-0000-0000-39bfbaba1f87,grace chukwu 6187,male,50,adult,US,2026-05-07T09:42:39.253098Z
019e01d1-5f96-0000-0000-cbebd2cee44b,yusuf hassan 6188,male,7,child,EG,2026-05-07T09:42:39.254719Z
019e01d1-5f99-0000-0000-2a9dabc7056a,cynthia adekunle 6190,male,80,senior,GB,2026-05-07T09:42:39.257697Z
019e01d1-5f9c-0000-0000-e79694139223,zara johnson 6192,male,19,teenager,CI,2026-05-07T09:42:39.260929Z
019e01d1-5f9e-0000-0000-4753ca9b6655,patience salami 6193,male,4,child,UG,2026-05-07T09:42:39.262420Z
019e01d1-5fa2-0000-0000-4ba5190a01dd,zara usman 6196,male,26,adult,CN,2026-05-07T09:42:39.266978Z
019e01d1-5fa5-0000-0000-e56746da7e98,esther johnson 6197,male,19,teenager,DE,2026-05-07T09:42:39.269260Z
019e01d1-5fb0-0000-0000-7c41dbbeac3c,uche mensah 6202,male,4,child,ZA,2026-05-07T09:42:39.280496Z
019e01d1-5fb8-0000-0000-35c1e1109aea,blessing peters 6206,male,33,adult,UG,2026-05-07T09:42:39.288463Z
019e01d1-5fb9-0000-0000-94c6ed17b5e4,queen yusuf 6207,male,39,adult,UG,2026-05-07T09:42:39.289894Z
019e01d1-5fbb-0000-0000-d7406e1dfd71,patience peters 6208,male,4,child,KE,2026-05-07T09:42:39.291391Z
019e01d1-5fbe-0000-0000-d487e47c854c,pita adekunle 6210,male,81,senior,UG,2026-05-07T09:42:39.294322Z
019e01d1-5fbf-0000-0000-fa1f53a4cf68,toyin yakubu 6211,male,20,adult,TZ,2026-05-07T09:42:39.295728Z
019e01d1-5fc4-0000-0000-7bfb6a24e9ca,tunde diallo 6214,male,76,senior,CI,2026-05-07T09:42:39.300055Z
019e01d1-5fc5-0000-0000-eb2499ccb999,nora yusuf 6215,male,51,adult,AU,2026-05-07T09:42:39.301689Z
019e01d1-5fd0-0000-0000-97d2ff012fb5,godwin fashola 6218,male,67,senior,EG,2026-05-07T09:42:39.312774Z
019e01d1-5fda-0000-0000-2ee2650f8851,babatunde salami 6222,male,58,adult,US,2026-05-07T09:42:39.322400Z
019e01d1-5fdb-0000-0000-8f6c2c02e6cd,lola musa 6223,male,61,senior,JP,2026-05-07T09:42:39.323881Z
019e01d1-5fdd-0000-0000-839e839ddef2,henry adesanya 6224,male,27,adult,TZ,2026-05-07T09:42:39.325466Z
019e01d1-5fdf-0000-0000-0024eb376b16,sola ibrahim 6225,male,53,adult,CN,2026-05-07T09:42:39.327266Z
019e01d1-5fe0-0000-0000-f5f785174ba6,bolu vincent 6226,male,12,child,TZ,2026-05-07T09:42:39.328810Z
019e01d1-5fe2-0000-0000-f6e038cd48ac,gbenga osei 6227,male,18,teenager,SN,2026-05-07T09:42:39.330390Z
019e01d1-5fe3-0000-0000-5b0fe07129cf,yemi usman 6228,male,15,teenager,GB,2026-05-07T09:42:39.331771Z
019e01d1-5fe5-0000-0000-b3f7e9a7143d,yemi kalu 6229,male,8,child,NG,2026-05-07T09:42:39.333164Z
019e01d1-5fe9-0000-0000-b7fd4aef2bc9,toyin nwosu 6232,male,6,child,ZA,2026-05-07T09:42:39.337352Z
019e01d1-5fec-0000-0000-aba73b871c7b,voke idowu 6234,male,4,child,AU,2026-05-07T09:42:39.340050Z
019e01d1-5fed-0000-0000-625b95418f3c,ngozi mba 6235,male,5,child,GB,2026-05-07T09:42:39.341627Z
019e01d1-5ff8-0000-0000-d940a2def460,emeka johnson 6242,male,18,teenager,ZA,2026-05-07T09:42:39.352408Z
019e01d1-5ffa-0000-0000-eff716afb2bb,xola taiwo 6243,male,85,senior,DE,2026-05-07T09:42:39.354158Z
019e01d1-5ffd-0000-0000-eea6d3fdeab1,jumoke kamara 6245,male,64,senior,FR,2026-05-07T09:42:39.357275Z
019e01d1-5ffe-0000-0000-01dc715d9f58,lawal chukwu 6246,male,77,senior,JP,2026-05-07T09:42:39.358628Z
019e01d1-6000-0000-0000-ed2549daac9c,susan adesanya 6247,male,45,adult,GB,2026-05-07T09:42:39.360250Z
019e01d1-6005-0000-0000-2469b207224b,bolu nwosu 6250,male,40,adult,JP,2026-05-07T09:42:39.365223Z
019e01d1-6006-0000-0000-08d5864bc707,pita raji 6251,male,81,senior,AU,2026-05-07T09:42:39.366701Z
019e01d1-6008-0000-0000-f40bd5953f87,zainab salami 6252,male,61,senior,GH,2026-05-07T09:42:39.368084Z
019e01d1-6009-0000-0000-5a84d6d68b9c,richard lawal 6253,male,65,senior,US,2026-05-07T09:42:39.369586Z
019e01d1-600d-0000-0000-172eef06cbdc,cynthia yakubu 6255,male,67,senior,BR,2026-05-07T09:42:39.373571Z
019e01d1-6013-0000-0000-7d8a51e25988,henry musa 6259,male,55,adult,ZA,2026-05-07T09:42:39.379153Z
019e01d1-6016-0000-0000-f7b1d4cdec6c,zara fashola 6261,male,5,child,US,2026-05-07T09:42:39.382245Z
019e01d1-6019-0000-0000-646b6c019b8a,esther usman 6263,male,16,teenager,UG,2026-05-07T09:42:39.385075Z
019e01d1-601b-0000-0000-4b93fce37b9d,mercy traore 6265,male,43,adult,IN,2026-05-07T09:42:39.387911Z
019e01d1-6021-0000-0000-90c9e8ca2d06,chiamaka eze 6268,male,81,senior,CN,2026-05-07T09:42:39.393242Z
019e01d1-6026-0000-0000-a8b9d8c649f7,chidi salami 6271,male,72,senior,BR,2026-05-07T09:42:39.398763Z
019e01d1-6029-0000-0000-708366d91bba,zainab bakare 6273,male,67,senior,DE,2026-05-07T09:42:39.401711Z
019e01d1-6032-0000-0000-683bc0a18e22,kehinde taiwo 6277,male,80,senior,TZ,2026-05-07T09:42:39.410880Z
019e01d1-603e-0000-0000-5b855f57ae9c,adaeze kamara 6283,male,4,child,CI,2026-05-07T09:42:39.422850Z
019e01d1-6040-0000-0000-6a45568f8484,zainab ganiyu 6284,male,45,adult,KE,2026-05-07T09:42:39.424302Z
019e01d1-6043-0000-0000-f579c2d991d0,esther bakare 6286,male,11,child,GB,2026-05-07T09:42:39.427574Z
019e01d1-6045-0000-0000-11935e2e8bdd,xerxes kalu 6287,male,64,senior,FR,2026-05-07T09:42:39.429204Z
019e01d1-604c-0000-0000-01a9ce48ab95,nkem usman 6292,male,21,adult,ET,2026-05-07T09:42:39.436535Z
019e01d1-6050-0000-0000-37c6f4b1f1cd,ngozi eze 6295,male,72,senior,CN,2026-05-07T09:42:39.440982Z
019e01d1-6052-0000-0000-6f2113bfeb4e,ahmed kamara 6296,male,43,adult,IN,2026-05-07T09:42:39.442724Z
019e01d1-6054-0000-0000-21c6f59953b0,moses nwosu 6297,male,74,senior,FR,2026-05-07T09:42:39.444096Z
019e01d1-6058-0000-0000-d921b3f2e456,helen diallo 6299,male,63,senior,ZA,2026-05-07T09:42:39.448217Z
019e01d1-6060-0000-0000-71fa281d86a5,ngozi vincent 6303,male,39,adult,ZA,2026-05-07T09:42:39.456502Z
019e01d1-6062-0000-0000-94eb0cae919d,ngozi osei 6304,male,63,senior,IN,2026-05-07T09:42:39.458167Z
019e01d1-6066-0000-0000-239f3cdd2aea,lawal hassan 6306,male,13,teenager,AU,2026-05-07T09:42:39.462565Z
019e01d1-606c-0000-0000-6ab20528cc54,qudus xavier 6310,male,32,adult,AU,2026-05-07T09:42:39.468746Z
019e01d1-606f-0000-0000-85d9340c1dda,precious usman 6312,male,20,adult,US,2026-05-07T09:42:39.471890Z
019e01d1-6071-0000-0000-96a6b8584c1b,esther usman 6313,male,43,adult,FR,2026-05-07T09:42:39.473316Z
019e01d1-6072-0000-0000-3bc678e36075,james fashola 6314,male,7,child,JP,2026-05-07T09:42:39.474728Z
019e01d1-6076-0000-0000-6a1748a44625,dimma ganiyu 6317,male,51,adult,UG,2026-05-07T09:42:39.478768Z
019e01d1-607d-0000-0000-86d5d400228b,timothy eze 6321,male,26,adult,CI,2026-05-07T09:42:39.485427Z
019e01d1-6080-0000-0000-d3ae627e7c2c,sola williams 6323,male,33,adult,TZ,2026-05-07T09:42:39.488660Z
019e01d1-6082-0000-0000-698975570108,ximena williams 6324,male,75,senior,ZA,2026-05-07T09:42:39.490069Z
019e01d1-6084-0000-0000-1d253da8790e,lydia diallo 6325,male,61,senior,TZ,2026-05-07T09:42:39.492343Z
019e01d1-6089-0000-0000-b3ae7f799208,toyin peters 6328,male,58,adult,CA,2026-05-07T09:42:39.497240Z
019e01d1-608d-0000-0000-468d9f72ffc7,qudus xavier 6331,male,77,senior,CI,2026-05-07T09:42:39.501622Z
019e01d1-608f-0000-0000-f584a8f577d3,gbenga taiwo 6332,male,50,adult,GH,2026-05-07T09:42:39.503121Z
019e01d1-6090-0000-0000-381c60f12da9,yemi chukwu 6333,male,47,adult,ET,2026-05-07T09:42:39.504509Z
019e01d1-6095-0000-0000-f12f5aa09ce4,victor kamara 6336,male,80,senior,NG,2026-05-07T09:42:39.509661Z
019e01d1-6097-0000-0000-fae38d8d81b5,usman eze 6337,male,83,senior,AU,2026-05-07T09:42:39.511181Z
019e01d1-609a-0000-0000-0d97d8b5593f,toyin usman 6339,male,79,senior,SN,2026-05-07T09:42:39.514204Z
019e01d1-609b-0000-0000-2e896a32d870,folake lawal 6340,male,66,senior,ZA,2026-05-07T09:42:39.515558Z
019e01d1-609d-0000-0000-f4c9b96ad9f9,kehinde eze 6341,male,56,adult,GH,2026-05-07T09:42:39.517330Z
019e01d1-60a1-0000-0000-2518ba30b9f1,kunle quadri 6344,male,59,adult,ET,2026-05-07T09:42:39.521465Z
019e01d1-60a4-0000-0000-10fa192dea49,wunmi nwosu 6346,male,82,senior,BR,2026-05-07T09:42:39.524393Z
019e01d1-60a7-0000-0000-280ff7400317,bolu salami 6348,male,25,adult,SN,2026-05-07T09:42:39.527198Z
019e01d1-60a9-0000-0000-af0612b26c9e,xola hassan 6350,male,27,adult,DE,2026-05-07T09:42:39.530010Z
019e01d1-60b2-0000-0000-4ce1b5d1bb42,seun ibrahim 6356,male,61,senior,EG,2026-05-07T09:42:39.538201Z
019e01d1-60b6-0000-0000-c2ade51ae184,pita quadri 6359,male,73,senior,CN,2026-05-07T09:42:39.542621Z
019e01d1-60b9-0000-0000-748ac96fe451,qudus kamara 6361,male,77,senior,BR,2026-05-07T09:42:39.545615Z
019e01d1-60ba-0000-0000-71bd5bd55a7e,toyin taiwo 6362,male,17,teenager,NG,2026-05-07T09:42:39.546976Z
019e01d1-60bd-0000-0000-75fd26dd8573,usman chukwu 6364,male,85,senior,GB,2026-05-07T09:42:39.549636Z
019e01d1-60be-0000-0000-6c8e0423a766,cynthia quadri 6365,male,42,adult,ZA,2026-05-07T09:42:39.550974Z
019e01d1-60c5-0000-0000-bf20f5c20805,xerxes xavier 6369,male,34,adult,EG,2026-05-07T09:42:39.557238Z
019e01d1-60cc-0000-0000-e41b4b4a204e,lawal chukwu 6374,male,66,senior,CI,2026-05-07T09:42:39.564239Z
019e01d1-60cd-0000-0000-95a4caa770b3,ahmed mensah 6375,male,22,adult,UG,2026-05-07T09:42:39.565619Z
019e01d1-60d0-0000-0000-bbf75b2f963d,timothy traore 6377,male,64,senior,US,2026-05-07T09:42:39.568618Z
019e01d1-60d2-0000-0000-c8098bbfc7e2,bolu adekunle 6378,male,44,adult,JP,2026-05-07T09:42:39.570143Z
019e01d1-60d7-0000-0000-47bfc6588e6a,gbenga dada 6382,male,72,senior,EG,2026-05-07T09:42:39.575648Z
019e01d1-60d9-0000-0000-62d0768c1281,amara yakubu 6383,male,28,adult,TZ,2026-05-07T09:42:39.577043Z
019e01d1-60da-0000-0000-039dd6fe515e,udoka vincent 6384,male,68,senior,FR,2026-05-07T09:42:39.578579Z
019e01d1-60db-0000-0000-0edd55c1ea40,ximena xavier 6385,male,30,adult,KE,2026-05-07T09:42:39.579927Z
019e01d1-60dd-0000-0000-6a58d8baaf06,patience idowu 6386,male,82,senior,GH,2026-05-07T09:42:39.581341Z
019e01d1-60e1-0000-0000-96bfac034929,nkem ogundele 6389,male,11,child,GB,2026-05-07T09:42:39.585711Z
019e01d1-60e3-0000-0000-e7384b376e19,yemi salami 6390,male,50,adult,BR,2026-05-07T09:42:39.587105Z
019e01d1-60e4-0000-0000-db4a881ba62f,remi johnson 6391,male,17,teenager,UG,2026-05-07T09:42:39.588502Z
019e01d1-60e5-0000-0000-ff6b2d7d4b18,dimma hassan 6392,male,23,adult,ZA,2026-05-07T09:42:39.590004Z
019e01d1-60e7-0000-0000-84d670d9e0b0,efosa bakare 6393,male,23,adult,CN,2026-05-07T09:42:39.591610Z
019e01d1-60ea-0000-0000-65a572f63d75,zara eze 6395,male,73,senior,JP,2026-05-07T09:42:39.594778Z
019e01d1-60ec-0000-0000-7f7168f3436f,usman peters 6396,male,5,child,US,2026-05-07T09:42:39.596139Z
019e01d1-60ed-0000-0000-86328ac1ac04,richard traore 6397,male,57,adult,UG,2026-05-07T09:42:39.597587Z
019e01d1-60ee-0000-0000-2a8fcc774854,xerxes musa 6398,male,24,adult,UG,2026-05-07T09:42:39.598904Z
019e01d1-60f1-0000-0000-dcb377d14fd6,folake mba 6400,male,5,child,IN,2026-05-07T09:42:39.601922Z
019e01d1-60f7-0000-0000-d74353502173,onome adesanya 6404,male,3,child,UG,2026-05-07T09:42:39.607768Z
019e01d1-60f9-0000-0000-0db7643ab24e,chidi adesanya 6405,male,27,adult,GB,2026-05-07T09:42:39.609082Z
019e01d1-60fa-0000-0000-c16fed90002e,helen yakubu 6406,male,60,senior,FR,2026-05-07T09:42:39.610593Z
019e01d1-60fd-0000-0000-6cbe4dad9dcd,lola osei 6408,male,12,child,AU,2026-05-07T09:42:39.613404Z
019e01d1-60fe-0000-0000-805f4ec2c529,esther adekunle 6409,male,20,adult,CN,2026-05-07T09:42:39.614755Z
019e01d1-6100-0000-0000-1dc2d978d002,james idowu 6410,male,32,adult,EG,2026-05-07T09:42:39.616139Z
019e01d1-6101-0000-0000-16aa98106852,ngozi adekunle 6411,male,40,adult,ET,2026-05-07T09:42:39.617790Z
019e01d1-6105-0000-0000-cf9726e0d3f8,folake vincent 6413,male,73,senior,CN,2026-05-07T09:42:39.621031Z
019e01d1-610f-0000-0000-943a9a7c01ad,helen salami 6420,male,17,teenager,CN,2026-05-07T09:42:39.631439Z
019e01d1-6112-0000-0000-5383eabfe58f,rasheed eze 6422,male,7,child,IN,2026-05-07T09:42:39.634342Z
019e01d1-6113-0000-0000-8a7d811f2591,victor mba 6423,male,67,senior,ET,2026-05-07T09:42:39.635724Z
019e01d1-6115-0000-0000-1c9efb9047a0,esther ibrahim 6424,male,85,senior,GB,2026-05-07T09:42:39.637056Z
019e01d1-611a-0000-0000-2b88d6924d27,jumoke yusuf 6428,male,12,child,KE,2026-05-07T09:42:39.642752Z
019e01d1-611e-0000-0000-ec781deaca14,wale johnson 6431,male,71,senior,BR,2026-05-07T09:42:39.646922Z
019e01d1-6121-0000-0000-f35caf7678da,xerxes fashola 6433,male,39,adult,EG,2026-05-07T09:42:39.649841Z
019e01d1-6127-0000-0000-60f688d18726,wunmi adekunle 6437,male,84,senior,CI,2026-05-07T09:42:39.655863Z
019e01d1-612a-0000-0000-f1fdb9aac913,yemi osei 6439,male,81,senior,JP,2026-05-07T09:42:39.658801Z
019e01d1-612f-0000-0000-ea6d5567ccfe,onome adekunle 6442,male,28,adult,AU,2026-05-07T09:42:39.663921Z
019e01d1-6131-0000-0000-d5fe07eac793,henry williams 6443,male,34,adult,FR,2026-05-07T09:42:39.665375Z
019e01d1-6132-0000-0000-96831f8c0a92,obiora hassan 6444,male,26,adult,FR,2026-05-07T09:42:39.666769Z
019e01d1-6135-0000-0000-7d29e62c7c73,jumoke okonkwo 6446,male,30,adult,TZ,2026-05-07T09:42:39.669554Z
019e01d1-6137-0000-0000-a51cf3363838,remi taiwo 6447,male,68,senior,GB,2026-05-07T09:42:39.671070Z
019e01d1-6138-0000-0000-f86374d078ea,amara vincent 6448,male,85,senior,DE,2026-05-07T09:42:39.672486Z
019e01d1-613d-0000-0000-7748835e4265,felix taiwo 6451,male,39,adult,DE,2026-05-07T09:42:39.677260Z
019e01d1-6143-0000-0000-4f375f4d5624,david salami 6455,male,1,child,GB,2026-05-07T09:42:39.683210Z
019e01d1-6144-0000-0000-1b0742ac7120,onome yakubu 6456,male,48,adult,KE,2026-05-07T09:42:39.684817Z
019e01d1-6146-0000-0000-535c266b2473,grace traore 6457,male,83,senior,ET,2026-05-07T09:42:39.686322Z
019e01d1-6148-0000-0000-b83618342a9e,james mba 6458,male,38,adult,SN,2026-05-07T09:42:39.688103Z
019e01d1-6149-0000-0000-f67977da593e,funmi nwosu 6459,male,27,adult,EG,2026-05-07T09:42:39.689544Z
019e01d1-614a-0000-0000-736b886e12f2,bolu osei 6460,male,29,adult,NG,2026-05-07T09:42:39.691043Z
019e01d1-614c-0000-0000-ba723f0aa7c8,patience kalu 6461,male,34,adult,SN,2026-05-07T09:42:39.692562Z
019e01d1-614d-0000-0000-30baf40c1980,cynthia yakubu 6462,male,5,child,KE,2026-05-07T09:42:39.693939Z
019e01d1-614f-0000-0000-10fb4f1479d4,mercy chukwu 6463,male,75,senior,JP,2026-05-07T09:42:39.695332Z
019e01d1-6155-0000-0000-dff13c570991,zara salami 6467,male,19,teenager,CA,2026-05-07T09:42:39.701177Z
019e01d1-6157-0000-0000-223622412238,seun johnson 6469,male,52,adult,ET,2026-05-07T09:42:39.703899Z
019e01d1-6159-0000-0000-a029d239d1a5,bolu nwosu 6470,male,69,senior,GB,2026-05-07T09:42:39.705188Z
019e01d1-615d-0000-0000-513b53da8938,tunde kamara 6473,male,62,senior,ET,2026-05-07T09:42:39.709685Z
019e01d1-6165-0000-0000-b2681540346b,richard vincent 6479,male,34,adult,NG,2026-05-07T09:42:39.717939Z
019e01d1-6169-0000-0000-ed51f2903a19,victor lawal 6481,male,76,senior,KE,2026-05-07T09:42:39.721055Z
019e01d1-616a-0000-0000-78fe1ddb6322,folake adekunle 6482,male,10,child,GH,2026-05-07T09:42:39.722749Z
019e01d1-616c-0000-0000-3fd4ff7cad68,hauwa dada 6483,male,81,senior,US,2026-05-07T09:42:39.724127Z
019e01d1-616d-0000-0000-acdab60eed40,wunmi ibrahim 6484,male,68,senior,JP,2026-05-07T09:42:39.725697Z
019e01d1-616f-0000-0000-25b9944d5430,dayo ogundele 6485,male,50,adult,CA,2026-05-07T09:42:39.727276Z
019e01d1-6170-0000-0000-18ba4e134a34,efosa chukwu 6486,male,75,senior,SN,2026-05-07T09:42:39.728676Z
019e01d1-6173-0000-0000-ed1f667516f4,queen adesanya 6488,male,44,adult,EG,2026-05-07T09:42:39.731512Z
019e01d1-6179-0000-0000-48fdad699fa8,uche usman 6492,male,39,adult,ZA,2026-05-07T09:42:39.737244Z
019e01d1-617a-0000-0000-890bf0519666,nkem williams 6493,male,30,adult,GH,2026-05-07T09:42:39.738676Z
019e01d1-617c-0000-0000-0fa81325328f,ximena diallo 6494,male,40,adult,FR,2026-05-07T09:42:39.740113Z
019e01d1-617d-0000-0000-6f07f5454ccf,zainab raji 6495,male,62,senior,GH,2026-05-07T09:42:39.741594Z
019e01d1-6180-0000-0000-00fa56ee9723,gbenga diallo 6497,male,32,adult,GH,2026-05-07T09:42:39.744425Z
019e01d1-6183-0000-0000-50f8bb527cb0,precious traore 6499,male,57,adult,GB,2026-05-07T09:42:39.747505Z
019e01d1-6186-0000-0000-e8a7da59e292,precious usman 6501,male,29,adult,ET,2026-05-07T09:42:39.750261Z
019e01d1-6188-0000-0000-4fe540aba503,zara ogundele 6503,male,31,adult,NG,2026-05-07T09:42:39.752925Z
019e01d1-618a-0000-0000-4ac634f9c215,onome vincent 6504,male,17,teenager,AU,2026-05-07T09:42:39.754587Z
019e01d1-618e-0000-0000-8d44ad8d2123,yemi johnson 6507,male,85,senior,EG,2026-05-07T09:42:39.758734Z
019e01d1-6191-0000-0000-6c385609c751,emeka ogundele 6509,male,76,senior,CN,2026-05-07T09:42:39.761746Z
019e01d1-619f-0000-0000-34168773f702,david adesanya 6517,male,53,adult,CI,2026-05-07T09:42:39.775153Z
019e01d1-61a9-0000-0000-91d3a504ac3b,cynthia johnson 6524,male,85,senior,CN,2026-05-07T09:42:39.785346Z
019e01d1-61aa-0000-0000-eb0f8a5b460d,efosa chukwu 6525,male,48,adult,JP,2026-05-07T09:42:39.786757Z
019e01d1-61ac-0000-0000-67d03fa4d318,esther idowu 6526,male,8,child,JP,2026-05-07T09:42:39.788166Z
019e01d1-61b2-0000-0000-0b978468ee4c,patience lawal 6531,male,45,adult,DE,2026-05-07T09:42:39.794887Z
019e01d1-61ba-0000-0000-4bf213408426,ikenna osei 6535,male,74,senior,CA,2026-05-07T09:42:39.802319Z
019e01d1-61c0-0000-0000-3bace28acb20,musa salami 6539,male,48,adult,CI,2026-05-07T09:42:39.808551Z
019e01d1-61c2-0000-0000-e297a39407e8,obiora vincent 6540,male,56,adult,BR,2026-05-07T09:42:39.810101Z
019e01d1-61cb-0000-0000-b067ddc51994,irene mensah 6547,male,13,teenager,CN,2026-05-07T09:42:39.819634Z
019e01d1-61ce-0000-0000-d3627d2e380f,hauwa mensah 6549,male,58,adult,JP,2026-05-07T09:42:39.822693Z
019e01d1-61d0-0000-0000-f5fd0bfbdb0a,ifeoma dada 6550,male,50,adult,TZ,2026-05-07T09:42:39.824096Z
019e01d1-61d5-0000-0000-2c2f2df710f5,ximena yusuf 6554,male,36,adult,SN,2026-05-07T09:42:39.829872Z
019e01d1-61dc-0000-0000-642469cf57ac,sola okonkwo 6559,male,85,senior,CN,2026-05-07T09:42:39.836971Z
019e01d1-61de-0000-0000-390b2650bd39,emeka mba 6560,male,76,senior,KE,2026-05-07T09:42:39.838369Z
019e01d1-61e1-0000-0000-fdf011a4d8a9,kemi yakubu 6562,male,19,teenager,IN,2026-05-07T09:42:39.841054Z
019e01d1-61e5-0000-0000-a6b2317adaa7,mercy bakare 6565,male,75,senior,CA,2026-05-07T09:42:39.845161Z
019e01d1-61e6-0000-0000-20d8d5503bc2,james okonkwo 6566,male,22,adult,BR,2026-05-07T09:42:39.846803Z
019e01d1-61e8-0000-0000-04b84cd6aa5a,remi xavier 6567,male,19,teenager,ET,2026-05-07T09:42:39.848304Z
019e01d1-61eb-0000-0000-1c9b0c2444bc,emeka osei 6569,male,3,child,ET,2026-05-07T09:42:39.851346Z
019e01d1-61ec-0000-0000-aae2e455d37a,yvonne ibrahim 6570,male,54,adult,KE,2026-05-07T09:42:39.852720Z
019e01d1-61ef-0000-0000-61958a43bcee,esther adesanya 6572,male,74,senior,KE,2026-05-07T09:42:39.855654Z
019e01d1-61f1-0000-0000-077c2408ff88,musa bakare 6573,male,48,adult,SN,2026-05-07T09:42:39.857109Z
019e01d1-61f2-0000-0000-e3cba59c80ea,remi salami 6574,male,23,adult,AU,2026-05-07T09:42:39.858586Z
019e01d1-61f5-0000-0000-5cb1791c5eb9,yemi kamara 6576,male,11,child,IN,2026-05-07T09:42:39.861358Z
019e01d1-61f8-0000-0000-5ec2332c7058,sola yusuf 6578,male,35,adult,US,2026-05-07T09:42:39.864058Z
019e01d1-6202-0000-0000-830fa2217518,richard yakubu 6585,male,8,child,BR,2026-05-07T09:42:39.874170Z
019e01d1-6204-0000-0000-ab7483e88f64,william yakubu 6587,male,38,adult,ZA,2026-05-07T09:42:39.876945Z
019e01d1-6212-0000-0000-e2c2b8786c20,kemi mba 6596,male,30,adult,CN,2026-05-07T09:42:39.890073Z
019e01d1-6214-0000-0000-61362e9e2c59,bolu ibrahim 6598,male,51,adult,JP,2026-05-07T09:42:39.892964Z
019e01d1-6216-0000-0000-91d4f3581d54,voke kamara 6599,male,33,adult,ET,2026-05-07T09:42:39.894787Z
019e01d1-6218-0000-0000-53f0fee18e1e,timothy hassan 6600,male,76,senior,CI,2026-05-07T09:42:39.896254Z
019e01d1-6219-0000-0000-080012dd2d04,vivian yusuf 6601,male,44,adult,FR,2026-05-07T09:42:39.897584Z
019e01d1-621f-0000-0000-093e61ed849d,qudus yakubu 6605,male,32,adult,UG,2026-05-07T09:42:39.903390Z
019e01d1-6220-0000-0000-5e7b78fce4df,william taiwo 6606,male,25,adult,CA,2026-05-07T09:42:39.904793Z
019e01d1-6222-0000-0000-079f7d901b72,toyin taiwo 6607,male,10,child,NG,2026-05-07T09:42:39.906541Z
019e01d1-6225-0000-0000-83039cb85682,zainab diallo 6609,male,71,senior,ET,2026-05-07T09:42:39.909387Z
019e01d1-6226-0000-0000-f3362d57df82,yusuf ogundele 6610,male,83,senior,BR,2026-05-07T09:42:39.910844Z
019e01d1-6229-0000-0000-75f576cca9db,zara musa 6612,male,49,adult,EG,2026-05-07T09:42:39.913424Z
019e01d1-622a-0000-0000-cf90af382d88,moses diallo 6613,male,80,senior,EG,2026-05-07T09:42:39.914793Z
019e01d1-622c-0000-0000-2ba76b42b518,bolu raji 6614,male,85,senior,KE,2026-05-07T09:42:39.916210Z
019e01d1-622d-0000-0000-477ce725ea11,lawal idowu 6615,male,69,senior,CI,2026-05-07T09:42:39.917596Z
019e01d1-6230-0000-0000-f62b13599f17,kehinde kamara 6617,male,5,child,SN,2026-05-07T09:42:39.920365Z
019e01d1-6231-0000-0000-ae3c0bc15afd,chidi nwosu 6618,male,53,adult,ZA,2026-05-07T09:42:39.921776Z
019e01d1-6234-0000-0000-b9be680f2749,nkem diallo 6620,male,38,adult,IN,2026-05-07T09:42:39.924466Z
019e01d1-623a-0000-0000-709b959e742e,kehinde mensah 6624,male,82,senior,UG,2026-05-07T09:42:39.930296Z
019e01d1-623e-0000-0000-abc2292df386,esther usman 6627,male,22,adult,UG,2026-05-07T09:42:39.934851Z
019e01d1-6241-0000-0000-8c5880082885,patience musa 6628,male,78,senior,TZ,2026-05-07T09:42:39.937379Z
019e01d1-6247-0000-0000-bcde3db48bd3,lydia chukwu 6631,male,62,senior,US,2026-05-07T09:42:39.943236Z
019e01d1-624c-0000-0000-4f8bc1f4ea39,godwin dada 6634,male,39,adult,SN,2026-05-07T09:42:39.948081Z
019e01d1-624f-0000-0000-503e5fbdd73f,kunle usman 6636,male,1,child,JP,2026-05-07T09:42:39.951454Z
019e01d1-6254-0000-0000-cec6dcf15542,nora musa 6639,male,82,senior,JP,2026-05-07T09:42:39.956514Z
019e01d1-6257-0000-0000-0699fd777e6d,zara lawal 6641,male,31,adult,US,2026-05-07T09:42:39.959562Z
019e01d1-6259-0000-0000-681815282efd,onome chukwu 6642,male,83,senior,CN,2026-05-07T09:42:39.961054Z
019e01d1-625a-0000-0000-4cab9e93278f,david chukwu 6643,male,53,adult,AU,2026-05-07T09:42:39.962533Z
019e01d1-625d-0000-0000-eef28d772d7b,lola chukwu 6645,male,7,child,IN,2026-05-07T09:42:39.965396Z
019e01d1-6263-0000-0000-cc418110c874,godwin mensah 6649,male,18,teenager,SN,2026-05-07T09:42:39.971690Z
019e01d1-6265-0000-0000-c7fda17f0bce,toyin ogundele 6650,male,40,adult,ZA,2026-05-07T09:42:39.973033Z
019e01d1-6266-0000-0000-139dcd020607,gbenga hassan 6651,male,47,adult,US,2026-05-07T09:42:39.974386Z
019e01d1-6267-0000-0000-5ad195e201ad,grace fashola 6652,male,34,adult,CI,2026-05-07T09:42:39.975666Z
019e01d1-626a-0000-0000-acb33807a7c8,nkem johnson 6654,male,66,senior,US,2026-05-07T09:42:39.978334Z
019e01d1-626d-0000-0000-fa2f24a82fca,gbenga raji 6656,male,14,teenager,EG,2026-05-07T09:42:39.981148Z
019e01d1-626e-0000-0000-804de22d95a2,susan ibrahim 6657,male,38,adult,AU,2026-05-07T09:42:39.982485Z
019e01d1-6272-0000-0000-1b007531a385,zainab williams 6660,male,27,adult,CN,2026-05-07T09:42:39.986920Z
019e01d1-6276-0000-0000-667bd3cb86b4,gbenga usman 6662,male,53,adult,CI,2026-05-07T09:42:39.990024Z
019e01d1-6278-0000-0000-43c630fec3d6,gbenga ogundele 6664,male,84,senior,CA,2026-05-07T09:42:39.992964Z
019e01d1-627b-0000-0000-f6d8a2e0e544,irene fashola 6666,male,66,senior,AU,2026-05-07T09:42:39.995823Z
019e01d1-627e-0000-0000-32623dc884a9,pita ganiyu 6668,male,21,adult,JP,2026-05-07T09:42:39.998571Z
019e01d1-627f-0000-0000-9314eacbc78a,helen okonkwo 6669,male,47,adult,ZA,2026-05-07T09:42:39.999973Z
019e01d1-6281-0000-0000-2ed5df09a799,patience peters 6670,male,29,adult,TZ,2026-05-07T09:42:40.001380Z
019e01d1-6285-0000-0000-65b1a8f69502,emeka adesanya 6673,male,54,adult,CI,2026-05-07T09:42:40.005552Z
019e01d1-6287-0000-0000-99814f00d07f,xola nwosu 6674,male,13,teenager,GH,2026-05-07T09:42:40.007076Z
019e01d1-6288-0000-0000-fd37ed615328,lydia quadri 6675,male,5,child,EG,2026-05-07T09:42:40.008429Z
019e01d1-628e-0000-0000-64d099776a48,sola diallo 6679,male,17,teenager,UG,2026-05-07T09:42:40.014291Z
019e01d1-628f-0000-0000-c3de9118852c,ikenna ibrahim 6680,male,81,senior,GB,2026-05-07T09:42:40.015986Z
019e01d1-6298-0000-0000-ce3bab90baaa,ikenna adesanya 6685,male,73,senior,GH,2026-05-07T09:42:40.024141Z
019e01d1-629c-0000-0000-6a4d65b5c496,xerxes xavier 6688,male,25,adult,KE,2026-05-07T09:42:40.028866Z
019e01d1-629e-0000-0000-358e1f919fc3,kunle williams 6689,male,71,senior,EG,2026-05-07T09:42:40.030378Z
019e01d1-629f-0000-0000-3f9d48525491,kemi musa 6690,male,20,adult,SN,2026-05-07T09:42:40.031838Z
019e01d1-62a5-0000-0000-2253db836afd,ahmed ibrahim 6694,male,54,adult,IN,2026-05-07T09:42:40.037789Z
019e01d1-62a7-0000-0000-bb9b5bb690fa,funmi yakubu 6695,male,23,adult,IN,2026-05-07T09:42:40.039191Z
019e01d1-62a8-0000-0000-0139ce20f123,dimma ibrahim 6696,male,19,teenager,GH,2026-05-07T09:42:40.040566Z
019e01d1-62aa-0000-0000-0ca05e2dffc3,lawal kamara 6697,male,28,adult,SN,2026-05-07T09:42:40.042144Z
019e01d1-62ab-0000-0000-7bb9c48a81b9,xola yakubu 6698,male,20,adult,KE,2026-05-07T09:42:40.043547Z
019e01d1-62ac-0000-0000-48332a2ded5e,vivian idowu 6699,male,40,adult,CA,2026-05-07T09:42:40.044886Z
019e01d1-62b1-0000-0000-5ab09a00a7da,henry williams 6702,male,45,adult,AU,2026-05-07T09:42:40.049493Z
019e01d1-62b4-0000-0000-6b7d87708d86,wunmi johnson 6704,male,37,adult,JP,2026-05-07T09:42:40.052423Z
019e01d1-62b5-0000-0000-e3b40ce4c61e,james salami 6705,male,53,adult,GH,2026-05-07T09:42:40.053835Z
019e01d1-62bd-0000-0000-44d8127a6172,esther johnson 6710,male,42,adult,ET,2026-05-07T09:42:40.061185Z
019e01d1-62c0-0000-0000-2edd60995a5e,hauwa ibrahim 6712,male,5,child,GH,2026-05-07T09:42:40.064237Z
019e01d1-62c4-0000-0000-b0e727e4b013,zara ogundele 6715,male,45,adult,IN,2026-05-07T09:42:40.068335Z
019e01d1-62c8-0000-0000-ed1d9f0f04be,irene chukwu 6718,male,38,adult,GH,2026-05-07T09:42:40.073011Z
019e01d1-62ca-0000-0000-510f5d84fa38,emeka nwosu 6719,male,17,teenager,CN,2026-05-07T09:42:40.074348Z
019e01d1-62cd-0000-0000-e468aa5c12fc,david osei 6721,male,78,senior,AU,2026-05-07T09:42:40.077332Z
019e01d1-62d1-0000-0000-73cc6e6d045d,david xavier 6724,male,31,adult,CA,2026-05-07T09:42:40.081581Z
019e01d1-62d2-0000-0000-1684bf9ab433,lawal williams 6725,male,34,adult,GB,2026-05-07T09:42:40.083000Z
019e01d1-62d4-0000-0000-1b79c2486afc,william nwosu 6726,male,69,senior,ZA,2026-05-07T09:42:40.084475Z
019e01d1-62d6-0000-0000-4299af9025f4,victor traore 6727,male,23,adult,IN,2026-05-07T09:42:40.086402Z
019e01d1-62d7-0000-0000-f1fc9bdd276b,xola chukwu 6728,male,10,child,ZA,2026-05-07T09:42:40.087873Z
019e01d1-62da-0000-0000-acf34015ecf5,amara williams 6730,male,85,senior,GH,2026-05-07T09:42:40.090734Z
019e01d1-62df-0000-0000-e450ba333902,moses johnson 6733,male,39,adult,BR,2026-05-07T09:42:40.095750Z
019e01d1-62e4-0000-0000-6f922f21cf77,nkem nwosu 6736,male,21,adult,NG,2026-05-07T09:42:40.100182Z
019e01d1-62e7-0000-0000-3fffef483384,remi raji 6738,male,1,child,CA,2026-05-07T09:42:40.103256Z
019e01d1-62e8-0000-0000-88856454f6a0,precious mba 6739,male,41,adult,ZA,2026-05-07T09:42:40.104728Z
019e01d1-62ea-0000-0000-4b4db9f7518d,kemi okonkwo 6740,male,83,senior,TZ,2026-05-07T09:42:40.106241Z
019e01d1-62f1-0000-0000-f62fe4bdcaa6,helen kalu 6745,male,10,child,BR,2026-05-07T09:42:40.113864Z
019e01d1-62f4-0000-0000-41aba4103b68,dimma idowu 6747,male,46,adult,SN,2026-05-07T09:42:40.116497Z
019e01d1-62f7-0000-0000-05541a11ec4d,voke usman 6749,male,76,senior,CN,2026-05-07T09:42:40.119929Z
019e01d1-6303-0000-0000-10e196320c00,patience adekunle 6755,male,7,child,AU,2026-05-07T09:42:40.131853Z
019e01d1-6306-0000-0000-564f0d2a5476,henry raji 6757,male,32,adult,NG,2026-05-07T09:42:40.134772Z
019e01d1-6308-0000-0000-c3f05a8b1ddd,lawal lawal 6758,male,81,senior,ET,2026-05-07T09:42:40.136234Z
019e01d1-6309-0000-0000-89e3bfe5a52f,xerxes nwosu 6759,male,36,adult,BR,2026-05-07T09:42:40.137566Z
019e01d1-630a-0000-0000-cb26504c94de,jumoke fashola 6760,male,81,senior,UG,2026-05-07T09:42:40.138928Z
019e01d1-630d-0000-0000-10e2ed419ebb,emeka adekunle 6762,male,43,adult,SN,2026-05-07T09:42:40.141578Z
019e01d1-630e-0000-0000-ebe58b304ca0,lola mensah 6763,male,46,adult,BR,2026-05-07T09:42:40.142955Z
019e01d1-6310-0000-0000-6235f55a9cf2,nora yusuf 6764,male,77,senior,UG,2026-05-07T09:42:40.144455Z
019e01d1-6315-0000-0000-a30d9f24e158,xola williams 6767,male,6,child,GB,2026-05-07T09:42:40.149480Z
019e01d1-6316-0000-0000-230d40a55b89,ahmed raji 6768,male,36,adult,ZA,2026-05-07T09:42:40.150962Z
019e01d1-6318-0000-0000-3e74d807398d,efosa fashola 6769,male,85,senior,GB,2026-05-07T09:42:40.152660Z
019e01d1-631a-0000-0000-9e45f7ecd4c7,nkem yakubu 6770,male,69,senior,CI,2026-05-07T09:42:40.154216Z
019e01d1-6320-0000-0000-4a5e963f1bb6,usman diallo 6774,male,22,adult,UG,2026-05-07T09:42:40.160054Z
019e01d1-6321-0000-0000-bd2ecbb9ae79,william ganiyu 6775,male,14,teenager,FR,2026-05-07T09:42:40.161771Z
019e01d1-6329-0000-0000-508a241c6ff0,udoka diallo 6778,male,58,adult,UG,2026-05-07T09:42:40.169902Z
019e01d1-632b-0000-0000-5cd5ef263f5a,musa hassan 6779,male,79,senior,CA,2026-05-07T09:42:40.171681Z
019e01d1-632d-0000-0000-e281400e554e,dayo idowu 6780,male,28,adult,SN,2026-05-07T09:42:40.173485Z
019e01d1-6330-0000-0000-4abde680ab49,richard eze 6782,male,71,senior,ET,2026-05-07T09:42:40.176547Z
019e01d1-6332-0000-0000-eb476841e62d,jumoke traore 6783,male,43,adult,CA,2026-05-07T09:42:40.178167Z
019e01d1-6333-0000-0000-f2a69944cf93,bolu peters 6784,male,84,senior,UG,2026-05-07T09:42:40.179672Z
019e01d1-6342-0000-0000-bd1b3379673d,nkem traore 6791,male,2,child,CA,2026-05-07T09:42:40.194113Z
019e01d1-6345-0000-0000-ccc2d2aef61b,pita dada 6793,male,51,adult,KE,2026-05-07T09:42:40.197503Z
019e01d1-634f-0000-0000-3c233b694640,folake fashola 6799,male,44,adult,TZ,2026-05-07T09:42:40.207147Z
019e01d1-6350-0000-0000-530f16c7e21c,jumoke chukwu 6800,male,65,senior,IN,2026-05-07T09:42:40.208698Z
019e01d1-6355-0000-0000-a933dd6b2f60,wunmi ogundele 6803,male,13,teenager,GB,2026-05-07T09:42:40.213355Z
019e01d1-6356-0000-0000-4e2c8967a60a,ahmed eze 6804,male,48,adult,CA,2026-05-07T09:42:40.214847Z
019e01d1-6359-0000-0000-2243f6ba028b,qudus chukwu 6806,male,31,adult,EG,2026-05-07T09:42:40.217690Z
019e01d1-635e-0000-0000-8a9998a425a4,ximena williams 6809,male,16,teenager,EG,2026-05-07T09:42:40.222288Z
019e01d1-635f-0000-0000-845f5273d2cf,wale kalu 6810,male,35,adult,ZA,2026-05-07T09:42:40.223937Z
019e01d1-6364-0000-0000-387219aa5ff0,nkem eze 6813,male,2,child,GB,2026-05-07T09:42:40.228294Z
019e01d1-6365-0000-0000-69d80a5c1ddf,ikenna dada 6814,male,30,adult,IN,2026-05-07T09:42:40.229928Z
019e01d1-6369-0000-0000-344b4f8d914f,vivian bakare 6816,male,9,child,AU,2026-05-07T09:42:40.233314Z
019e01d1-636d-0000-0000-2fca1fa32bda,efosa ogundele 6818,male,28,adult,GB,2026-05-07T09:42:40.237378Z
019e01d1-636f-0000-0000-66f8644e8127,musa lawal 6819,male,10,child,NG,2026-05-07T09:42:40.239235Z
019e01d1-6370-0000-0000-c0d733a771b1,tunde ogundele 6820,male,52,adult,DE,2026-05-07T09:42:40.240906Z
019e01d1-6372-0000-0000-bc72e27e66ee,james taiwo 6821,male,69,senior,NG,2026-05-07T09:42:40.242699Z
019e01d1-6375-0000-0000-ce0707af54e3,hauwa yakubu 6823,male,77,senior,EG,2026-05-07T09:42:40.245816Z
019e01d1-637a-0000-0000-50e73b825844,james eze 6826,male,10,child,AU,2026-05-07T09:42:40.250284Z
019e01d1-637d-0000-0000-8779bbc61fd2,moses adekunle 6828,male,1,child,TZ,2026-05-07T09:42:40.253310Z
019e01d1-637e-0000-0000-245dd8b9d456,yvonne bakare 6829,male,27,adult,GH,2026-05-07T09:42:40.254780Z
019e01d1-6380-0000-0000-2f914f2bb1bf,grace traore 6830,male,13,teenager,AU,2026-05-07T09:42:40.256218Z
019e01d1-6381-0000-0000-16fe5e8bebc0,pita peters 6831,male,22,adult,JP,2026-05-07T09:42:40.257684Z
019e01d1-6383-0000-0000-089da8e5bf86,usman kalu 6832,male,63,senior,FR,2026-05-07T09:42:40.259094Z
019e01d1-6384-0000-0000-61ddc57d7864,yvonne nwosu 6833,male,59,adult,CA,2026-05-07T09:42:40.260614Z
019e01d1-638a-0000-0000-32c385311915,sola dada 6837,male,28,adult,SN,2026-05-07T09:42:40.266667Z
019e01d1-6392-0000-0000-2e76c5656ae5,chiamaka adesanya 6842,male,35,adult,BR,2026-05-07T09:42:40.274272Z
019e01d1-6393-0000-0000-24fde91c2a18,godwin salami 6843,male,21,adult,CA,2026-05-07T09:42:40.275716Z
019e01d1-6395-0000-0000-40519ad28aa8,musa hassan 6844,male,44,adult,FR,2026-05-07T09:42:40.277095Z
019e01d1-6396-0000-0000-158dfdcbb9ba,efosa ganiyu 6845,male,61,senior,TZ,2026-05-07T09:42:40.278472Z
019e01d1-6399-0000-0000-30b25493899c,moses peters 6847,male,1,child,EG,2026-05-07T09:42:40.281517Z
019e01d1-639b-0000-0000-7c2edbd78b58,rasheed kamara 6848,male,74,senior,US,2026-05-07T09:42:40.283035Z
019e01d1-639c-0000-0000-d1d6cfd35c7d,david johnson 6849,male,58,adult,FR,2026-05-07T09:42:40.284520Z
019e01d1-639e-0000-0000-12da0cdea43c,usman eze 6850,male,61,senior,JP,2026-05-07T09:42:40.286101Z
019e01d1-639f-0000-0000-f834f7d9ef55,obiora lawal 6851,male,32,adult,ET,2026-05-07T09:42:40.287529Z
019e01d1-63a6-0000-0000-bdb7fab38532,ifeoma musa 6856,male,83,senior,JP,2026-05-07T09:42:40.294904Z
019e01d1-63a8-0000-0000-6efb494acd7c,james bakare 6857,male,55,adult,US,2026-05-07T09:42:40.296236Z
019e01d1-63ac-0000-0000-ed49f80a8d91,uche raji 6860,male,19,teenager,BR,2026-05-07T09:42:40.300844Z
019e01d1-63b0-0000-0000-cee3d7d8bcd4,yvonne ganiyu 6862,male,34,adult,DE,2026-05-07T09:42:40.304493Z
019e01d1-63b2-0000-0000-1e8d1167d3c6,queen hassan 6863,male,62,senior,EG,2026-05-07T09:42:40.306505Z
019e01d1-63b5-0000-0000-45bebe785e94,blessing quadri 6865,male,8,child,AU,2026-05-07T09:42:40.309767Z
019e01d1-63b7-0000-0000-648dbaa83478,ola quadri 6866,male,40,adult,SN,2026-05-07T09:42:40.311690Z
019e01d1-63b9-0000-0000-23586a2a5878,mercy adekunle 6867,male,37,adult,GH,2026-05-07T09:42:40.313354Z
019e01d1-63c0-0000-0000-f47901e63dea,usman xavier 6870,male,61,senior,EG,2026-05-07T09:42:40.320370Z
019e01d1-63c4-0000-0000-208780601397,emeka xavier 6872,male,2,child,IN,2026-05-07T09:42:40.324028Z
019e01d1-63c9-0000-0000-9fdd63bc3fa0,precious mensah 6875,male,32,adult,CA,2026-05-07T09:42:40.329334Z
019e01d1-63ca-0000-0000-c06e23dabc68,susan kamara 6876,male,72,senior,CI,2026-05-07T09:42:40.330879Z
019e01d1-63cc-0000-0000-37723014365f,ifeoma ganiyu 6877,male,4,child,ET,2026-05-07T09:42:40.332363Z
019e01d1-63cd-0000-0000-d3bef12a1738,chidi idowu 6878,male,16,teenager,GB,2026-05-07T09:42:40.333872Z
019e01d1-63d0-0000-0000-e93b4e9918d4,funmi dada 6880,male,76,senior,JP,2026-05-07T09:42:40.336672Z
019e01d1-63d3-0000-0000-8d78db9824d6,ahmed ogundele 6882,male,5,child,JP,2026-05-07T09:42:40.339635Z
019e01d1-63d5-0000-0000-68236cd45588,queen taiwo 6883,male,28,adult,ZA,2026-05-07T09:42:40.341110Z
019e01d1-63d9-0000-0000-62a860fc3b82,irene fashola 6886,male,39,adult,IN,2026-05-07T09:42:40.345638Z
019e01d1-63e3-0000-0000-2f93db918a45,zainab peters 6892,male,7,child,GB,2026-05-07T09:42:40.355173Z
019e01d1-63e4-0000-0000-5f6bb95f7402,patience fashola 6893,male,83,senior,CN,2026-05-07T09:42:40.356539Z
019e01d1-63e6-0000-0000-16fddef35429,folake hassan 6894,male,30,adult,DE,2026-05-07T09:42:40.358036Z
019e01d1-63eb-0000-0000-7c8d2b6e4f7a,chidi kalu 6897,male,7,child,GB,2026-05-07T09:42:40.363226Z
019e01d1-63f3-0000-0000-e448d0960ef8,dimma diallo 6902,male,12,child,DE,2026-05-07T09:42:40.371755Z
019e01d1-63f5-0000-0000-3202bf15f429,yemi diallo 6903,male,24,adult,FR,2026-05-07T09:42:40.373365Z
019e01d1-63f8-0000-0000-527c102551b0,ximena salami 6905,male,34,adult,JP,2026-05-07T09:42:40.376300Z
019e01d1-63fb-0000-0000-a2479762651e,musa quadri 6907,male,21,adult,TZ,2026-05-07T09:42:40.379151Z
019e01d1-63fe-0000-0000-5705bb22f014,grace idowu 6909,male,26,adult,TZ,2026-05-07T09:42:40.382360Z
019e01d1-6403-0000-0000-15f2ff9b5af0,gbenga lawal 6912,male,27,adult,IN,2026-05-07T09:42:40.387270Z
019e01d1-6406-0000-0000-25ec6e263efd,ifeoma raji 6914,male,35,adult,DE,2026-05-07T09:42:40.390148Z
019e01d1-640a-0000-0000-fbebef8465dc,helen williams 6917,male,50,adult,DE,2026-05-07T09:42:40.394381Z
019e01d1-640e-0000-0000-a9c50e5928ec,pita johnson 6920,male,58,adult,BR,2026-05-07T09:42:40.398355Z
019e01d1-6411-0000-0000-331012ca1bb8,wunmi vincent 6922,male,42,adult,EG,2026-05-07T09:42:40.401167Z
019e01d1-6412-0000-0000-3bba9c30af44,nkem eze 6923,male,17,teenager,NG,2026-05-07T09:42:40.402725Z
019e01d1-6414-0000-0000-9ab45e0f9a6c,susan raji 6924,male,8,child,ET,2026-05-07T09:42:40.404206Z
019e01d1-6416-0000-0000-d46461992680,ikenna salami 6925,male,36,adult,UG,2026-05-07T09:42:40.406114Z
019e01d1-641d-0000-0000-8ed51dbb0c49,udoka mensah 6930,male,82,senior,FR,2026-05-07T09:42:40.413849Z
019e01d1-6420-0000-0000-dbf0be741750,pita raji 6932,male,3,child,GB,2026-05-07T09:42:40.416713Z
019e01d1-6422-0000-0000-f91249e3d7cb,lawal adesanya 6933,male,66,senior,FR,2026-05-07T09:42:40.418262Z
019e01d1-642a-0000-0000-8ae82e207218,yvonne bakare 6937,male,28,adult,US,2026-05-07T09:42:40.426815Z
019e01d1-642d-0000-0000-d50f1e950240,ola quadri 6938,male,52,adult,CA,2026-05-07T09:42:40.429270Z
019e01d1-642e-0000-0000-4852a08a8490,emeka eze 6939,male,19,teenager,UG,2026-05-07T09:42:40.430761Z
019e01d1-6430-0000-0000-e84c982c604e,udoka quadri 6940,male,36,adult,SN,2026-05-07T09:42:40.432282Z
019e01d1-6431-0000-0000-1076d7e449cb,babatunde vincent 6941,male,7,child,ZA,2026-05-07T09:42:40.433756Z
019e01d1-6434-0000-0000-643aef674256,james ganiyu 6943,male,5,child,GH,2026-05-07T09:42:40.436515Z
019e01d1-6435-0000-0000-f0d8787881fb,richard usman 6944,male,79,senior,EG,2026-05-07T09:42:40.438016Z
019e01d1-6437-0000-0000-aed88c30dc3f,seun salami 6945,male,80,senior,US,2026-05-07T09:42:40.439466Z
019e01d1-643e-0000-0000-464cc76b9fac,ahmed kamara 6950,male,78,senior,KE,2026-05-07T09:42:40.446554Z
019e01d1-6441-0000-0000-c7936ee5407c,victor ogundele 6952,male,64,senior,UG,2026-05-07T09:42:40.449361Z
019e01d1-6444-0000-0000-97aef1dd5858,usman mensah 6954,male,83,senior,US,2026-05-07T09:42:40.452219Z
019e01d1-6445-0000-0000-617bfcbb1e24,hauwa ibrahim 6955,male,59,adult,ET,2026-05-07T09:42:40.453482Z
019e01d1-6448-0000-0000-d09af3142dbb,ifeoma adesanya 6957,male,66,senior,UG,2026-05-07T09:42:40.456247Z
019e01d1-644b-0000-0000-831468fd231e,kemi okonkwo 6959,male,58,adult,AU,2026-05-07T09:42:40.459027Z
019e01d1-644c-0000-0000-c0920bb6eed6,ifeoma lawal 6960,male,82,senior,CN,2026-05-07T09:42:40.460350Z
019e01d1-644d-0000-0000-298707312b7f,godwin johnson 6961,male,4,child,US,2026-05-07T09:42:40.461765Z
019e01d1-644f-0000-0000-14a6a29d92fa,obiora kamara 6962,male,4,child,CN,2026-05-07T09:42:40.463200Z
019e01d1-6451-0000-0000-e3e4da09c320,ngozi williams 6964,male,12,child,TZ,2026-05-07T09:42:40.465884Z
019e01d1-6454-0000-0000-be53cc94f2fb,chiamaka bakare 6966,male,83,senior,GH,2026-05-07T09:42:40.468677Z
019e01d1-6459-0000-0000-98dbd55d81fa,timothy ganiyu 6969,male,32,adult,SN,2026-05-07T09:42:40.473138Z
019e01d1-645a-0000-0000-4e1f189ebc96,william ogundele 6970,male,78,senior,ZA,2026-05-07T09:42:40.474660Z
019e01d1-645c-0000-0000-6613b720b73b,godwin idowu 6971,male,85,senior,NG,2026-05-07T09:42:40.476158Z
019e01d1-645d-0000-0000-9554c85ae0cd,lola fashola 6972,male,5,child,CN,2026-05-07T09:42:40.477521Z
019e01d1-6460-0000-0000-ac9195ba892b,kemi adesanya 6974,male,13,teenager,ZA,2026-05-07T09:42:40.480627Z
019e01d1-6462-0000-0000-2d1e7300179d,blessing osei 6975,male,58,adult,NG,2026-05-07T09:42:40.482267Z
019e01d1-6463-0000-0000-832ac728f53a,xola osei 6976,male,5,child,EG,2026-05-07T09:42:40.483691Z
019e01d1-6465-0000-0000-05e027193b38,irene osei 6977,male,20,adult,GB,2026-05-07T09:42:40.485069Z
019e01d1-6466-0000-0000-386a62fb754d,sola fashola 6978,male,55,adult,IN,2026-05-07T09:42:40.486520Z
019e01d1-6467-0000-0000-acf33aa585e3,helen mba 6979,male,27,adult,ET,2026-05-07T09:42:40.487956Z
019e01d1-6469-0000-0000-0be8a07a8881,adaeze diallo 6980,male,60,senior,UG,2026-05-07T09:42:40.489381Z
019e01d1-646a-0000-0000-43779519b92f,xola eze 6981,male,64,senior,EG,2026-05-07T09:42:40.490798Z
019e01d1-646f-0000-0000-3c75923f192d,lola musa 6984,male,39,adult,ZA,2026-05-07T09:42:40.495578Z
019e01d1-6472-0000-0000-4177c5e4ab88,zainab chukwu 6986,male,61,senior,ET,2026-05-07T09:42:40.498753Z
019e01d1-6475-0000-0000-7cb8cdc0d589,nora ganiyu 6988,male,48,adult,ET,2026-05-07T09:42:40.501790Z
019e01d1-647d-0000-0000-19a8fbdd455a,kunle williams 6993,male,49,adult,IN,2026-05-07T09:42:40.509377Z
019e01d1-6480-0000-0000-5c64d393b808,victor musa 6995,male,49,adult,DE,2026-05-07T09:42:40.512309Z
019e01d1-6482-0000-0000-6260fcb40a21,funmi fashola 6996,male,75,senior,DE,2026-05-07T09:42:40.514361Z
019e01d1-6484-0000-0000-268033454e66,ximena xavier 6997,male,38,adult,AU,2026-05-07T09:42:40.516433Z
019e01d1-6485-0000-0000-c2a54cae2e0d,lola okonkwo 6998,male,3,child,EG,2026-05-07T09:42:40.518007Z
019e01d1-6487-0000-0000-cdc0baf5a1fb,yemi hassan 6999,male,12,child,GH,2026-05-07T09:42:40.519523Z
019e01d1-6488-0000-0000-0c8925be9a99,efosa mensah 7000,male,62,senior,JP,2026-05-07T09:42:40.520951Z
019e01d1-64c9-0000-0000-453ed41d75ce,queen okonkwo 7001,male,54,adult,GH,2026-05-07T09:42:40.585449Z
019e01d1-64cb-0000-0000-e9f5111e09ca,emeka ibrahim 7002,male,58,adult,CI,2026-05-07T09:42:40.587551Z
019e01d1-64cf-0000-0000-71a23c75abdc,ngozi bakare 7004,male,61,senior,SN,2026-05-07T09:42:40.591116Z
019e01d1-64d0-0000-0000-53859e10b48b,dimma adesanya 7005,male,18,teenager,NG,2026-05-07T09:42:40.592571Z
019e01d1-64d3-0000-0000-22af6ab3e9d0,wunmi osei 7007,male,58,adult,ZA,2026-05-07T09:42:40.595928Z
019e01d1-64d5-0000-0000-74ac1f676189,godwin traore 7008,male,56,adult,GH,2026-05-07T09:42:40.597630Z
019e01d1-64d8-0000-0000-42bd5b79c354,kemi lawal 7010,male,59,adult,CI,2026-05-07T09:42:40.600569Z
019e01d1-64da-0000-0000-3e9c69b47be4,udoka traore 7011,male,7,child,BR,2026-05-07T09:42:40.602053Z
019e01d1-64db-0000-0000-36c68cb3e175,nkem ibrahim 7012,male,29,adult,JP,2026-05-07T09:42:40.603472Z
019e01d1-64de-0000-0000-8be8795a5336,william kamara 7014,male,42,adult,UG,2026-05-07T09:42:40.606631Z
019e01d1-64e1-0000-0000-27d1913c0966,kemi usman 7016,male,52,adult,AU,2026-05-07T09:42:40.609617Z
019e01d1-64e3-0000-0000-91f87138cedf,adaeze fashola 7017,male,48,adult,KE,2026-05-07T09:42:40.611037Z
019e01d1-64e4-0000-0000-2fdc321cc332,adaeze taiwo 7018,male,22,adult,NG,2026-05-07T09:42:40.612516Z
019e01d1-64e6-0000-0000-bb9a11abb7db,james okonkwo 7019,male,76,senior,IN,2026-05-07T09:42:40.614240Z
019e01d1-64e9-0000-0000-2aa0a7f7b3bb,patience diallo 7021,male,47,adult,UG,2026-05-07T09:42:40.617196Z
019e01d1-64ee-0000-0000-6e05a6449a80,felix adekunle 7025,male,21,adult,TZ,2026-05-07T09:42:40.622756Z
019e01d1-64f0-0000-0000-7550e29fd9f6,musa usman 7026,male,46,adult,KE,2026-05-07T09:42:40.624149Z
019e01d1-64f5-0000-0000-445b85f0d158,godwin traore 7030,male,31,adult,JP,2026-05-07T09:42:40.629817Z
019e01d1-64f9-0000-0000-715fee8af666,yusuf williams 7033,male,50,adult,IN,2026-05-07T09:42:40.633857Z
019e01d1-64fc-0000-0000-c87e03cf89c7,amara salami 7035,male,79,senior,US,2026-05-07T09:42:40.636440Z
019e01d1-64fd-0000-0000-cb38475e292f,lawal mensah 7036,male,4,child,US,2026-05-07T09:42:40.637716Z
019e01d1-64fe-0000-0000-970749ce38ae,james diallo 7037,male,29,adult,CI,2026-05-07T09:42:40.638988Z
019e01d1-6504-0000-0000-04f4c31f9418,emeka mba 7041,male,68,senior,EG,2026-05-07T09:42:40.644773Z
019e01d1-6509-0000-0000-9adcb9636cdb,tunde okonkwo 7044,male,67,senior,ET,2026-05-07T09:42:40.649055Z
019e01d1-650b-0000-0000-750ea1563116,lydia nwosu 7046,male,7,child,CI,2026-05-07T09:42:40.651624Z
019e01d1-650c-0000-0000-e388044340b6,udoka yusuf 7047,male,70,senior,UG,2026-05-07T09:42:40.652911Z
019e01d1-650f-0000-0000-cdf7ce196c85,mercy taiwo 7049,male,46,adult,GB,2026-05-07T09:42:40.655619Z
019e01d1-6511-0000-0000-9d6baf9e1ab2,jumoke vincent 7050,male,43,adult,GH,2026-05-07T09:42:40.657166Z
019e01d1-6519-0000-0000-e40073a1153a,timothy xavier 7056,male,24,adult,NG,2026-05-07T09:42:40.665625Z
019e01d1-651b-0000-0000-1a43a58bca34,rasheed okonkwo 7057,male,65,senior,UG,2026-05-07T09:42:40.667073Z
019e01d1-651c-0000-0000-1961b399fb22,funmi adekunle 7058,male,43,adult,GB,2026-05-07T09:42:40.668500Z
019e01d1-651d-0000-0000-f2b0a35b7db5,nkem musa 7059,male,55,adult,CI,2026-05-07T09:42:40.669853Z
019e01d1-6522-0000-0000-392b630e497f,mercy salami 7062,male,60,senior,CI,2026-05-07T09:42:40.674338Z
019e01d1-6525-0000-0000-bd8511e2d896,irene peters 7064,male,1,child,CI,2026-05-07T09:42:40.677580Z
019e01d1-6529-0000-0000-7f7851711dc7,wunmi vincent 7066,male,39,adult,KE,2026-05-07T09:42:40.681228Z
019e01d1-6539-0000-0000-21e8f1b3a017,zara adekunle 7071,male,67,senior,CA,2026-05-07T09:42:40.697767Z
019e01d1-653b-0000-0000-2257653f3326,obiora osei 7072,male,21,adult,UG,2026-05-07T09:42:40.699325Z
019e01d1-653e-0000-0000-4ed5190ce5e9,funmi ogundele 7074,male,59,adult,EG,2026-05-07T09:42:40.702296Z
019e01d1-6540-0000-0000-1c36a65b94e1,ngozi hassan 7075,male,54,adult,TZ,2026-05-07T09:42:40.704804Z
019e01d1-6545-0000-0000-ce4584ac6d11,james usman 7076,male,61,senior,BR,2026-05-07T09:42:40.709658Z
019e01d1-6547-0000-0000-d1bf5eb6bfb8,kehinde musa 7077,male,12,child,SN,2026-05-07T09:42:40.711320Z
019e01d1-6548-0000-0000-9c755114e8a2,efosa diallo 7078,male,20,adult,GB,2026-05-07T09:42:40.712817Z
019e01d1-654a-0000-0000-c156f229715f,remi williams 7079,male,74,senior,EG,2026-05-07T09:42:40.714279Z
019e01d1-654b-0000-0000-85c08ea7c3e1,dayo ibrahim 7080,male,34,adult,UG,2026-05-07T09:42:40.715717Z
019e01d1-6550-0000-0000-4b1843ae6b83,xerxes kamara 7083,male,22,adult,CI,2026-05-07T09:42:40.720073Z
019e01d1-6552-0000-0000-8b38481e0d31,tunde yusuf 7085,male,79,senior,US,2026-05-07T09:42:40.722850Z
019e01d1-6557-0000-0000-c2261e417fd5,efosa ogundele 7088,male,37,adult,JP,2026-05-07T09:42:40.727369Z
019e01d1-6558-0000-0000-db4f66452ca3,chidi ibrahim 7089,male,34,adult,FR,2026-05-07T09:42:40.728785Z
019e01d1-655a-0000-0000-c5b40b5b50ca,dimma ibrahim 7090,male,75,senior,UG,2026-05-07T09:42:40.730163Z
019e01d1-655f-0000-0000-99f07343a3bd,chiamaka eze 7094,male,81,senior,ET,2026-05-07T09:42:40.735595Z
019e01d1-6560-0000-0000-52daf4b1491c,ikenna fashola 7095,male,23,adult,EG,2026-05-07T09:42:40.737006Z
019e01d1-6562-0000-0000-6f4180bf80a4,timothy chukwu 7096,male,79,senior,CN,2026-05-07T09:42:40.738350Z
019e01d1-6565-0000-0000-f1d1a18338a9,ximena dada 7098,male,67,senior,DE,2026-05-07T09:42:40.741880Z
019e01d1-656d-0000-0000-45cc2f562849,amara okonkwo 7103,male,84,senior,IN,2026-05-07T09:42:40.749815Z
019e01d1-6572-0000-0000-c3bc2265c153,lydia adekunle 7106,male,26,adult,NG,2026-05-07T09:42:40.754200Z
019e01d1-6576-0000-0000-950cbc5b3562,patience adekunle 7109,male,10,child,ET,2026-05-07T09:42:40.758381Z
019e01d1-6577-0000-0000-14527e55610c,helen ganiyu 7110,male,66,senior,CI,2026-05-07T09:42:40.759737Z
019e01d1-657d-0000-0000-7687b1d76010,babatunde diallo 7114,male,52,adult,TZ,2026-05-07T09:42:40.765406Z
019e01d1-657e-0000-0000-3248fbacc187,adaeze osei 7115,male,83,senior,CN,2026-05-07T09:42:40.766835Z
019e01d1-6580-0000-0000-afa0e8d2af75,felix taiwo 7116,male,17,teenager,CA,2026-05-07T09:42:40.768218Z
019e01d1-6583-0000-0000-da2e4e0a1c36,qudus musa 7118,male,39,adult,BR,2026-05-07T09:42:40.771040Z
019e01d1-6584-0000-0000-fe1cb65c5989,felix quadri 7119,male,25,adult,ET,2026-05-07T09:42:40.772417Z
019e01d1-6587-0000-0000-8037a9e54331,ximena dada 7121,male,17,teenager,IN,2026-05-07T09:42:40.775311Z
019e01d1-658c-0000-0000-0fc4e323bf5f,folake idowu 7125,male,53,adult,CI,2026-05-07T09:42:40.780646Z
019e01d1-658d-0000-0000-ec845cf47891,esther johnson 7126,male,44,adult,CN,2026-05-07T09:42:40.781944Z
019e01d1-658f-0000-0000-a797d12f0489,udoka lawal 7127,male,59,adult,FR,2026-05-07T09:42:40.783293Z
019e01d1-6591-0000-0000-64a47649609b,timothy quadri 7129,male,15,teenager,JP,2026-05-07T09:42:40.785973Z
019e01d1-6593-0000-0000-7ff7b65c04b9,amara dada 7130,male,31,adult,IN,2026-05-07T09:42:40.787409Z
019e01d1-6594-0000-0000-42d20a6abf0b,uche hassan 7131,male,58,adult,BR,2026-05-07T09:42:40.788817Z
019e01d1-6596-0000-0000-b2d68141de3a,ximena bakare 7132,male,79,senior,CA,2026-05-07T09:42:40.790341Z
019e01d1-659c-0000-0000-faa10df4162f,susan ogundele 7136,male,5,child,ET,2026-05-07T09:42:40.796697Z
019e01d1-659f-0000-0000-1352b55cb968,voke ganiyu 7138,male,78,senior,US,2026-05-07T09:42:40.799560Z
019e01d1-65a2-0000-0000-595e04bc028f,rasheed dada 7140,male,42,adult,JP,2026-05-07T09:42:40.802627Z
019e01d1-65a4-0000-0000-0f9d405c34b0,onome johnson 7141,male,76,senior,CN,2026-05-07T09:42:40.804166Z
019e01d1-65a5-0000-0000-229bf922e2da,efosa raji 7142,male,84,senior,BR,2026-05-07T09:42:40.805574Z
019e01d1-65a6-0000-0000-4ae9f9bd6457,bolu ibrahim 7143,male,18,teenager,EG,2026-05-07T09:42:40.807026Z
019e01d1-65aa-0000-0000-d93bfe1e176c,ahmed idowu 7145,male,77,senior,UG,2026-05-07T09:42:40.810240Z
019e01d1-65ac-0000-0000-a98bb7863fb5,emeka traore 7146,male,17,teenager,CA,2026-05-07T09:42:40.812271Z
019e01d1-65af-0000-0000-1bc2c329de3b,james taiwo 7148,male,51,adult,IN,2026-05-07T09:42:40.815600Z
019e01d1-65b1-0000-0000-2c59577f8c55,yusuf peters 7149,male,37,adult,CI,2026-05-07T09:42:40.817045Z
019e01d1-65c4-0000-0000-6787ed40a96d,susan peters 7161,male,22,adult,FR,2026-05-07T09:42:40.836867Z
019e01d1-65c7-0000-0000-cedbfada09bf,folake peters 7163,male,8,child,EG,2026-05-07T09:42:40.839822Z
019e01d1-65cb-0000-0000-19678e2be5d2,rasheed diallo 7165,male,38,adult,ZA,2026-05-07T09:42:40.843030Z
019e01d1-65cc-0000-0000-56d26d670350,zara usman 7166,male,10,child,ZA,2026-05-07T09:42:40.844931Z
019e01d1-65d0-0000-0000-6e5357668304,musa kamara 7168,male,54,adult,KE,2026-05-07T09:42:40.848284Z
019e01d1-65d1-0000-0000-e7292d45f2ef,cynthia musa 7169,male,31,adult,UG,2026-05-07T09:42:40.849734Z
019e01d1-65de-0000-0000-3bcbae65e609,blessing idowu 7178,male,55,adult,EG,2026-05-07T09:42:40.862968Z
019e01d1-65e0-0000-0000-b21288073081,ikenna idowu 7179,male,31,adult,US,2026-05-07T09:42:40.864429Z
019e01d1-65e3-0000-0000-47f472b5e764,grace nwosu 7181,male,66,senior,ET,2026-05-07T09:42:40.867680Z
019e01d1-65e5-0000-0000-9d9b32c379b0,wale salami 7182,male,1,child,CI,2026-05-07T09:42:40.869158Z
019e01d1-65e6-0000-0000-b31700924257,nora johnson 7183,male,4,child,UG,2026-05-07T09:42:40.870723Z
019e01d1-65ed-0000-0000-9a017e5f9e04,felix kalu 7188,male,6,child,GH,2026-05-07T09:42:40.877734Z
019e01d1-65f0-0000-0000-24fd5001c878,ifeoma musa 7190,male,38,adult,EG,2026-05-07T09:42:40.880475Z
019e01d1-65f1-0000-0000-f9cfe835a730,remi diallo 7191,male,33,adult,BR,2026-05-07T09:42:40.881852Z
019e01d1-65f7-0000-0000-3c8319423b33,wunmi eze 7195,male,43,adult,KE,2026-05-07T09:42:40.887958Z
019e01d1-65f9-0000-0000-81c4612b0938,felix salami 7196,male,11,child,JP,2026-05-07T09:42:40.889429Z
019e01d1-65fb-0000-0000-77fd50da1623,felix hassan 7197,male,69,senior,DE,2026-05-07T09:42:40.891076Z
019e01d1-65fc-0000-0000-c1a53e5cd3d9,toyin mba 7198,male,75,senior,ZA,2026-05-07T09:42:40.892499Z
019e01d1-65fd-0000-0000-f2fb9d249082,timothy salami 7199,male,39,adult,EG,2026-05-07T09:42:40.893928Z
019e01d1-6602-0000-0000-75892dd09569,kunle ganiyu 7202,male,2,child,ZA,2026-05-07T09:42:40.898227Z
019e01d1-6607-0000-0000-8c67eae1ad1a,remi ibrahim 7204,male,84,senior,ET,2026-05-07T09:42:40.903138Z
019e01d1-660a-0000-0000-449085685ce9,patience mensah 7206,male,30,adult,TZ,2026-05-07T09:42:40.906924Z
019e01d1-660c-0000-0000-e5f89e5360a6,david yusuf 7207,male,57,adult,CI,2026-05-07T09:42:40.908663Z
019e01d1-6612-0000-0000-545916ec021e,zainab ibrahim 7210,male,4,child,GB,2026-05-07T09:42:40.914051Z
019e01d1-6613-0000-0000-ace3b650beac,ifeoma kalu 7211,male,18,teenager,SN,2026-05-07T09:42:40.915440Z
019e01d1-6614-0000-0000-4c9f08aeec09,folake johnson 7212,male,39,adult,KE,2026-05-07T09:42:40.916824Z
019e01d1-6618-0000-0000-9b785fb7e0b3,moses idowu 7214,male,76,senior,AU,2026-05-07T09:42:40.920179Z
019e01d1-6619-0000-0000-e61e6099f641,lawal peters 7215,male,51,adult,CI,2026-05-07T09:42:40.921567Z
019e01d1-661c-0000-0000-3f6784ee5a91,chiamaka taiwo 7217,male,2,child,DE,2026-05-07T09:42:40.924483Z
019e01d1-6621-0000-0000-753a4c4e26cd,xerxes adekunle 7220,male,12,child,CA,2026-05-07T09:42:40.929466Z
019e01d1-6624-0000-0000-fa06776f10f1,xerxes kalu 7222,male,69,senior,ZA,2026-05-07T09:42:40.932663Z
019e01d1-6626-0000-0000-df1d4073c3b1,jumoke lawal 7223,male,31,adult,SN,2026-05-07T09:42:40.934129Z
019e01d1-6631-0000-0000-d2a4757a4c85,ifeoma raji 7227,male,16,teenager,ET,2026-05-07T09:42:40.945187Z
019e01d1-663d-0000-0000-dca8005240d8,wale raji 7234,male,81,senior,US,2026-05-07T09:42:40.957973Z
019e01d1-6643-0000-0000-ea837840b3c7,esther hassan 7237,male,78,senior,JP,2026-05-07T09:42:40.963503Z
019e01d1-6645-0000-0000-77b428e5f4ef,ahmed eze 7238,male,65,senior,CI,2026-05-07T09:42:40.965061Z
019e01d1-664a-0000-0000-e54b2629f9b0,ngozi bakare 7241,male,76,senior,GH,2026-05-07T09:42:40.970239Z
019e01d1-664e-0000-0000-01fd398f8f27,chidi chukwu 7244,male,28,adult,JP,2026-05-07T09:42:40.974397Z
019e01d1-6656-0000-0000-bf630716974e,zara raji 7249,male,9,child,IN,2026-05-07T09:42:40.982326Z
019e01d1-6657-0000-0000-1acbeda64cbe,wale okonkwo 7250,male,64,senior,FR,2026-05-07T09:42:40.983800Z
019e01d1-665c-0000-0000-180b65a2fb97,irene dada 7253,male,38,adult,GB,2026-05-07T09:42:40.988276Z
019e01d1-6660-0000-0000-e1535b24801f,lola ibrahim 7256,male,10,child,CN,2026-05-07T09:42:40.992611Z
019e01d1-6661-0000-0000-3fa6084c60b5,hauwa yakubu 7257,male,28,adult,GH,2026-05-07T09:42:40.993999Z
019e01d1-6665-0000-0000-ed9a879a8075,hauwa ganiyu 7259,male,61,senior,AU,2026-05-07T09:42:40.997364Z
019e01d1-666c-0000-0000-f5f33f353b48,yvonne diallo 7263,male,19,teenager,SN,2026-05-07T09:42:41.004074Z
019e01d1-666d-0000-0000-4325c4a2933d,folake fashola 7264,male,44,adult,JP,2026-05-07T09:42:41.005445Z
019e01d1-666e-0000-0000-34ea8cf943ca,ifeoma adesanya 7265,male,72,senior,FR,2026-05-07T09:42:41.006780Z
019e01d1-6670-0000-0000-b492d61be15f,irene quadri 7266,male,12,child,GH,2026-05-07T09:42:41.008323Z
019e01d1-6671-0000-0000-4082758ae1f6,ximena hassan 7267,male,56,adult,BR,2026-05-07T09:42:41.009643Z
019e01d1-6675-0000-0000-97c170986ee5,cynthia fashola 7270,male,60,senior,TZ,2026-05-07T09:42:41.013621Z
019e01d1-6676-0000-0000-97115e266e95,dimma eze 7271,male,16,teenager,SN,2026-05-07T09:42:41.014974Z
019e01d1-6679-0000-0000-120c6bb4cfbb,david eze 7273,male,62,senior,ZA,2026-05-07T09:42:41.017959Z
019e01d1-667b-0000-0000-b26b86a64072,remi eze 7274,male,56,adult,BR,2026-05-07T09:42:41.019634Z
019e01d1-667e-0000-0000-ed3d76b5e5b3,richard raji 7276,male,35,adult,ZA,2026-05-07T09:42:41.022591Z
019e01d1-6684-0000-0000-215e70e5eebb,xerxes ibrahim 7279,male,55,adult,US,2026-05-07T09:42:41.028175Z
019e01d1-6685-0000-0000-4de46964ab26,obiora osei 7280,male,20,adult,CN,2026-05-07T09:42:41.029737Z
019e01d1-668c-0000-0000-c3ef56a644d1,rasheed eze 7284,male,14,teenager,JP,2026-05-07T09:42:41.036612Z
019e01d1-668e-0000-0000-f205a2a1a0d2,kehinde ganiyu 7285,male,64,senior,US,2026-05-07T09:42:41.038113Z
019e01d1-668f-0000-0000-db410cffd04a,dayo xavier 7286,male,50,adult,BR,2026-05-07T09:42:41.039493Z
019e01d1-6690-0000-0000-be3a78aa7dcc,precious xavier 7287,male,23,adult,US,2026-05-07T09:42:41.040857Z
019e01d1-6692-0000-0000-4b5745d5e2ba,efosa yusuf 7288,male,15,teenager,BR,2026-05-07T09:42:41.042224Z
019e01d1-6696-0000-0000-be24e53be2aa,mercy kamara 7291,male,22,adult,NG,2026-05-07T09:42:41.046686Z
019e01d1-6698-0000-0000-66c2c614ebb4,folake nwosu 7292,male,55,adult,TZ,2026-05-07T09:42:41.048174Z
019e01d1-6699-0000-0000-02d8c9712201,william traore 7293,male,5,child,DE,2026-05-07T09:42:41.049551Z
019e01d1-669c-0000-0000-357a04248413,efosa williams 7295,male,11,child,SN,2026-05-07T09:42:41.052378Z
019e01d1-669f-0000-0000-08f530bbf31d,william mba 7297,male,29,adult,CA,2026-05-07T09:42:41.055426Z
019e01d1-66a0-0000-0000-9ec5a953abe8,james johnson 7298,male,53,adult,ET,2026-05-07T09:42:41.056884Z
019e01d1-66a2-0000-0000-b5fcebc2b7de,ola eze 7299,male,34,adult,UG,2026-05-07T09:42:41.058343Z
019e01d1-66a3-0000-0000-67f53496dc9a,nkem kalu 7300,male,4,child,ZA,2026-05-07T09:42:41.059811Z
019e01d1-66a5-0000-0000-41ebd41a379f,mercy salami 7301,male,72,senior,FR,2026-05-07T09:42:41.061257Z
019e01d1-66a6-0000-0000-e838d98b968f,william vincent 7302,male,79,senior,BR,2026-05-07T09:42:41.062763Z
019e01d1-66ac-0000-0000-ebc249f69fff,queen idowu 7305,male,22,adult,IN,2026-05-07T09:42:41.068342Z
019e01d1-66ad-0000-0000-ee2b4be28bcd,godwin idowu 7306,male,46,adult,CA,2026-05-07T09:42:41.069886Z
019e01d1-66af-0000-0000-e21683517d8a,ngozi adesanya 7307,male,20,adult,GH,2026-05-07T09:42:41.071901Z
019e01d1-66b1-0000-0000-c7a8d9b47643,ahmed fashola 7308,male,70,senior,GH,2026-05-07T09:42:41.073650Z
019e01d1-66b3-0000-0000-30d1407a0e5b,yemi mensah 7309,male,19,teenager,SN,2026-05-07T09:42:41.075108Z
019e01d1-66b4-0000-0000-1c75a37fb1f2,emeka peters 7310,male,78,senior,CA,2026-05-07T09:42:41.076789Z
019e01d1-66b6-0000-0000-0186ea88915b,qudus lawal 7311,male,67,senior,US,2026-05-07T09:42:41.078293Z
019e01d1-66b9-0000-0000-e0c177b6774a,victor raji 7313,male,16,teenager,GB,2026-05-07T09:42:41.081288Z
019e01d1-66ba-0000-0000-b1eddacb355e,ahmed dada 7314,male,17,teenager,DE,2026-05-07T09:42:41.082997Z
019e01d1-66bd-0000-0000-279b8ec954e7,bolu yakubu 7315,male,24,adult,FR,2026-05-07T09:42:41.085169Z
019e01d1-66bf-0000-0000-13b4240da6f9,uche lawal 7316,male,17,teenager,DE,2026-05-07T09:42:41.087031Z
019e01d1-66c0-0000-0000-7576fae1e2e6,nkem traore 7317,male,63,senior,CN,2026-05-07T09:42:41.088609Z
019e01d1-66c2-0000-0000-87cedf2cc2c3,pita peters 7318,male,45,adult,ET,2026-05-07T09:42:41.090302Z
019e01d1-66c3-0000-0000-1ece1ee352cd,esther adesanya 7319,male,17,teenager,SN,2026-05-07T09:42:41.091675Z
019e01d1-66c8-0000-0000-9bf14b03d90c,godwin osei 7322,male,28,adult,GB,2026-05-07T09:42:41.096124Z
019e01d1-66c9-0000-0000-f705c3695540,nkem adekunle 7323,male,73,senior,BR,2026-05-07T09:42:41.097466Z
019e01d1-66ca-0000-0000-ec1e09466313,blessing xavier 7324,male,11,child,CN,2026-05-07T09:42:41.098917Z
019e01d1-66cf-0000-0000-775f340aaecd,dayo okonkwo 7327,male,2,child,DE,2026-05-07T09:42:41.103276Z
019e01d1-66d0-0000-0000-f42d45e893f8,jumoke adesanya 7328,male,77,senior,AU,2026-05-07T09:42:41.104676Z
019e01d1-66d3-0000-0000-ef5ab6a44f85,moses xavier 7330,male,77,senior,FR,2026-05-07T09:42:41.107717Z
019e01d1-66d5-0000-0000-7b08f8012302,adaeze ogundele 7331,male,24,adult,CN,2026-05-07T09:42:41.109102Z
019e01d1-66d8-0000-0000-249155300b4d,susan traore 7333,male,35,adult,JP,2026-05-07T09:42:41.112063Z
019e01d1-66d9-0000-0000-97b1e57047db,wale johnson 7334,male,72,senior,CA,2026-05-07T09:42:41.113502Z
019e01d1-66da-0000-0000-c67d079c3b82,udoka osei 7335,male,74,senior,AU,2026-05-07T09:42:41.114864Z
019e01d1-66e0-0000-0000-d9deda187426,obiora taiwo 7339,male,69,senior,JP,2026-05-07T09:42:41.120985Z
019e01d1-66e4-0000-0000-24860e6e7ce1,folake peters 7341,male,85,senior,IN,2026-05-07T09:42:41.124504Z
019e01d1-66e7-0000-0000-25b23fb41698,jide mensah 7343,male,83,senior,GB,2026-05-07T09:42:41.127701Z
019e01d1-66e9-0000-0000-f34082b58dbc,irene bakare 7344,male,70,senior,DE,2026-05-07T09:42:41.129266Z
019e01d1-66ed-0000-0000-10f1be365f43,musa taiwo 7347,male,71,senior,CN,2026-05-07T09:42:41.133943Z
019e01d1-66ef-0000-0000-05a9c728c847,rasheed ganiyu 7348,male,64,senior,CA,2026-05-07T09:42:41.135369Z
019e01d1-66f0-0000-0000-637bcebdf049,lola idowu 7349,male,25,adult,ZA,2026-05-07T09:42:41.136818Z
019e01d1-66f2-0000-0000-cb1e08fb3263,kemi okonkwo 7350,male,59,adult,EG,2026-05-07T09:42:41.138315Z
019e01d1-66f5-0000-0000-6de91e14cb07,mercy dada 7352,male,63,senior,EG,2026-05-07T09:42:41.141153Z
019e01d1-66fc-0000-0000-205260377cdb,qudus hassan 7357,male,20,adult,DE,2026-05-07T09:42:41.148146Z
019e01d1-66fe-0000-0000-b030d28651ed,seun okonkwo 7359,male,52,adult,EG,2026-05-07T09:42:41.150860Z
019e01d1-6700-0000-0000-9207db80333e,wunmi yakubu 7360,male,61,senior,GB,2026-05-07T09:42:41.152307Z
019e01d1-6705-0000-0000-661c6672212e,bolu bakare 7364,male,41,adult,BR,2026-05-07T09:42:41.157778Z
019e01d1-670b-0000-0000-6ffbd94ede05,esther eze 7368,male,4,child,NG,2026-05-07T09:42:41.163557Z
019e01d1-670c-0000-0000-39269bef241a,queen diallo 7369,male,66,senior,CN,2026-05-07T09:42:41.164952Z
019e01d1-6711-0000-0000-ec9681d39605,qudus ogundele 7372,male,78,senior,TZ,2026-05-07T09:42:41.169433Z
019e01d1-6712-0000-0000-81698e700f70,victor vincent 7373,male,3,child,KE,2026-05-07T09:42:41.170987Z
019e01d1-6714-0000-0000-a910222c9d78,irene ganiyu 7374,male,6,child,DE,2026-05-07T09:42:41.172387Z
019e01d1-671c-0000-0000-ed3b63018b9c,funmi bakare 7380,male,43,adult,US,2026-05-07T09:42:41.180725Z
019e01d1-671e-0000-0000-cdf7fb4fd60a,adaeze idowu 7381,male,83,senior,US,2026-05-07T09:42:41.182277Z
019e01d1-6721-0000-0000-0a715797d244,babatunde adesanya 7383,male,20,adult,JP,2026-05-07T09:42:41.185195Z
019e01d1-6728-0000-0000-49887fbac1a9,patience peters 7388,male,45,adult,AU,2026-05-07T09:42:41.192867Z
019e01d1-672a-0000-0000-e626dbb4c71a,timothy salami 7389,male,75,senior,GH,2026-05-07T09:42:41.194346Z
019e01d1-672b-0000-0000-b46ba9ab0254,hauwa osei 7390,male,27,adult,EG,2026-05-07T09:42:41.195835Z
019e01d1-672d-0000-0000-5d0726d01059,gbenga salami 7391,male,30,adult,SN,2026-05-07T09:42:41.197413Z
019e01d1-672e-0000-0000-5f1afaccce46,qudus bakare 7392,male,33,adult,AU,2026-05-07T09:42:41.198863Z
019e01d1-6730-0000-0000-861bc321f454,bolu fashola 7393,male,7,child,FR,2026-05-07T09:42:41.200322Z
019e01d1-6731-0000-0000-f241f0de6af6,wunmi fashola 7394,male,49,adult,NG,2026-05-07T09:42:41.201722Z
019e01d1-6733-0000-0000-9a3bd0326f5b,toyin ibrahim 7395,male,72,senior,US,2026-05-07T09:42:41.203148Z
019e01d1-673c-0000-0000-6b7596034b8e,nora dada 7396,male,6,child,TZ,2026-05-07T09:42:41.212944Z
019e01d1-6746-0000-0000-17c40a158229,patience adesanya 7402,male,30,adult,FR,2026-05-07T09:42:41.222190Z
019e01d1-6747-0000-0000-13a8837759d7,tunde musa 7403,male,74,senior,SN,2026-05-07T09:42:41.223531Z
019e01d1-674d-0000-0000-8b640a123631,vivian eze 7407,male,58,adult,DE,2026-05-07T09:42:41.229156Z
019e01d1-674e-0000-0000-e0b45e882d29,usman johnson 7408,male,31,adult,KE,2026-05-07T09:42:41.230554Z
019e01d1-6753-0000-0000-19ac963ebbbc,zainab adekunle 7411,male,33,adult,DE,2026-05-07T09:42:41.235329Z
019e01d1-6754-0000-0000-bc25c7df18c8,queen salami 7412,male,52,adult,CN,2026-05-07T09:42:41.236802Z
019e01d1-6757-0000-0000-bc1fcb9bf259,godwin johnson 7414,male,84,senior,NG,2026-05-07T09:42:41.240007Z
019e01d1-675b-0000-0000-076d1c273fd8,kehinde ganiyu 7416,male,81,senior,AU,2026-05-07T09:42:41.243075Z
019e01d1-6760-0000-0000-6b131b401f5e,chiamaka okonkwo 7419,male,25,adult,CA,2026-05-07T09:42:41.248565Z
019e01d1-6762-0000-0000-50fbd2c9ecca,usman salami 7420,male,27,adult,SN,2026-05-07T09:42:41.250034Z
019e01d1-6763-0000-0000-1e5787ef659f,kunle eze 7421,male,30,adult,US,2026-05-07T09:42:41.251656Z
019e01d1-6765-0000-0000-9a9baf92bf3e,udoka ibrahim 7422,male,8,child,JP,2026-05-07T09:42:41.253297Z
019e01d1-6766-0000-0000-cd239618c2fc,helen quadri 7423,male,63,senior,CN,2026-05-07T09:42:41.254765Z
019e01d1-6768-0000-0000-20d8447ad72f,adaeze vincent 7424,male,25,adult,SN,2026-05-07T09:42:41.256450Z
019e01d1-6769-0000-0000-85e87d30fe6f,timothy fashola 7425,male,72,senior,CN,2026-05-07T09:42:41.257761Z
019e01d1-676c-0000-0000-7f70174defc1,kunle kamara 7427,male,48,adult,SN,2026-05-07T09:42:41.260614Z
019e01d1-676f-0000-0000-36d92fd764e8,ximena kalu 7429,male,8,child,TZ,2026-05-07T09:42:41.263360Z
019e01d1-6772-0000-0000-bb5824763a08,zara quadri 7431,male,51,adult,GH,2026-05-07T09:42:41.266287Z
019e01d1-6773-0000-0000-4d7ac4ac79a5,ximena yusuf 7432,male,60,senior,NG,2026-05-07T09:42:41.267983Z
019e01d1-6776-0000-0000-7747fce17055,william fashola 7434,male,9,child,CA,2026-05-07T09:42:41.271000Z
019e01d1-6779-0000-0000-275ead0dd28c,lydia diallo 7436,male,2,child,CA,2026-05-07T09:42:41.273831Z
019e01d1-677e-0000-0000-de5f9b3d0baf,henry ibrahim 7439,male,28,adult,EG,2026-05-07T09:42:41.278097Z
019e01d1-6785-0000-0000-e7fca48cb5a0,kehinde musa 7444,male,27,adult,NG,2026-05-07T09:42:41.285818Z
019e01d1-678a-0000-0000-0b09ee14bc99,moses traore 7447,male,22,adult,SN,2026-05-07T09:42:41.290666Z
019e01d1-678f-0000-0000-12c44cb39fc8,bolu bakare 7450,male,78,senior,EG,2026-05-07T09:42:41.295220Z
019e01d1-6790-0000-0000-509f43c59615,folake yusuf 7451,male,83,senior,NG,2026-05-07T09:42:41.296742Z
019e01d1-6792-0000-0000-1cda638bf002,emeka eze 7452,male,38,adult,CI,2026-05-07T09:42:41.298351Z
019e01d1-679b-0000-0000-54265d6bd3d4,sola nwosu 7458,male,27,adult,GB,2026-05-07T09:42:41.307380Z
019e01d1-679c-0000-0000-ef5906e16bd1,william taiwo 7459,male,42,adult,EG,2026-05-07T09:42:41.308770Z
019e01d1-679e-0000-0000-6f64e2299e9a,tunde quadri 7460,male,23,adult,NG,2026-05-07T09:42:41.310281Z
019e01d1-67a1-0000-0000-648144a6fc66,timothy vincent 7462,male,22,adult,GB,2026-05-07T09:42:41.313694Z
019e01d1-67a4-0000-0000-6c3335fc199f,vivian idowu 7464,male,58,adult,EG,2026-05-07T09:42:41.316590Z
019e01d1-67a6-0000-0000-ac3e4e77dadf,hauwa xavier 7465,male,31,adult,NG,2026-05-07T09:42:41.318145Z
019e01d1-67ae-0000-0000-b9f88ada7de9,ngozi mensah 7470,male,48,adult,ZA,2026-05-07T09:42:41.326748Z
019e01d1-67b0-0000-0000-21490fd391be,lola mensah 7471,male,79,senior,GB,2026-05-07T09:42:41.328203Z
019e01d1-67b4-0000-0000-1a60c5ba403d,timothy lawal 7474,male,6,child,FR,2026-05-07T09:42:41.332550Z
019e01d1-67b6-0000-0000-7118e263f2c8,hauwa adesanya 7475,male,33,adult,JP,2026-05-07T09:42:41.334237Z
019e01d1-67bd-0000-0000-69f17e5c56f6,gbenga salami 7480,male,50,adult,AU,2026-05-07T09:42:41.341570Z
019e01d1-67c2-0000-0000-0463ac9fb577,folake quadri 7483,male,6,child,NG,2026-05-07T09:42:41.346184Z
019e01d1-67c3-0000-0000-e5c400dd9d4d,grace lawal 7484,male,20,adult,BR,2026-05-07T09:42:41.347775Z
019e01d1-67c5-0000-0000-eb13736c9e94,toyin musa 7485,male,69,senior,FR,2026-05-07T09:42:41.349072Z
019e01d1-67c9-0000-0000-29b0d7c69ee5,timothy fashola 7488,male,35,adult,IN,2026-05-07T09:42:41.353141Z
019e01d1-67cd-0000-0000-92d4f5a0d363,cynthia taiwo 7491,male,4,child,IN,2026-05-07T09:42:41.357458Z
019e01d1-67ce-0000-0000-c225d503573c,kemi okonkwo 7492,male,30,adult,GH,2026-05-07T09:42:41.358982Z
019e01d1-67d0-0000-0000-b8b293c279c5,vivian salami 7493,male,72,senior,GB,2026-05-07T09:42:41.360349Z
019e01d1-67d1-0000-0000-74dce3c38242,lawal chukwu 7494,male,26,adult,UG,2026-05-07T09:42:41.361793Z
019e01d1-67d9-0000-0000-2a834b1d389a,lola williams 7499,male,71,senior,JP,2026-05-07T09:42:41.369386Z
019e01d1-67da-0000-0000-c791f8977dd8,obiora osei 7500,male,67,senior,GB,2026-05-07T09:42:41.370923Z
019e01d1-67dd-0000-0000-370212be9abe,kunle mensah 7502,male,70,senior,CI,2026-05-07T09:42:41.373933Z
019e01d1-67e5-0000-0000-fb9f2ceb2299,remi eze 7507,male,48,adult,JP,2026-05-07T09:42:41.381694Z
019e01d1-67e7-0000-0000-6b5d6274aaed,lawal hassan 7508,male,21,adult,SN,2026-05-07T09:42:41.383026Z
019e01d1-67e8-0000-0000-3d0110e8a3b8,dimma ganiyu 7509,male,55,adult,CI,2026-05-07T09:42:41.384383Z
019e01d1-67ec-0000-0000-c62a3aad8ef7,kehinde ogundele 7512,male,62,senior,NG,2026-05-07T09:42:41.388742Z
019e01d1-67ee-0000-0000-c2d716c522d5,musa chukwu 7513,male,16,teenager,NG,2026-05-07T09:42:41.390076Z
019e01d1-67f0-0000-0000-5407f2499d72,blessing idowu 7515,male,37,adult,GB,2026-05-07T09:42:41.392832Z
019e01d1-67f3-0000-0000-71cf3e97d6d8,richard mensah 7517,male,23,adult,IN,2026-05-07T09:42:41.395685Z
019e01d1-67f7-0000-0000-dd55adc1633e,kemi adesanya 7519,male,3,child,BR,2026-05-07T09:42:41.399046Z
019e01d1-67fa-0000-0000-529d58af1cf3,lydia taiwo 7521,male,30,adult,KE,2026-05-07T09:42:41.402536Z
019e01d1-67fe-0000-0000-e2142eef527c,dimma osei 7523,male,32,adult,UG,2026-05-07T09:42:41.406194Z
019e01d1-6801-0000-0000-f7bb088627c9,tunde okonkwo 7525,male,62,senior,NG,2026-05-07T09:42:41.409636Z
019e01d1-6804-0000-0000-1b0db789fc66,yemi diallo 7527,male,30,adult,ET,2026-05-07T09:42:41.412603Z
019e01d1-680a-0000-0000-5c4fe20b78fa,babatunde osei 7530,male,36,adult,DE,2026-05-07T09:42:41.418198Z
019e01d1-680b-0000-0000-83e691632973,ahmed kamara 7531,male,38,adult,JP,2026-05-07T09:42:41.419584Z
019e01d1-680e-0000-0000-f2ad2090928e,voke yusuf 7533,male,61,senior,DE,2026-05-07T09:42:41.422439Z
019e01d1-6816-0000-0000-0a9bcd91bd40,hauwa eze 7538,male,24,adult,SN,2026-05-07T09:42:41.430382Z
019e01d1-6818-0000-0000-95983cd7ef06,jumoke quadri 7539,male,64,senior,DE,2026-05-07T09:42:41.432314Z
019e01d1-6819-0000-0000-103f33929ad9,zainab adesanya 7540,male,43,adult,AU,2026-05-07T09:42:41.434005Z
019e01d1-6820-0000-0000-c2dfb19c8ddf,adaeze ogundele 7544,male,31,adult,DE,2026-05-07T09:42:41.440700Z
019e01d1-6823-0000-0000-7fa3ce1e3be1,henry mba 7546,male,10,child,SN,2026-05-07T09:42:41.443580Z
019e01d1-6824-0000-0000-aeec4072cbda,adaeze johnson 7547,male,12,child,CN,2026-05-07T09:42:41.444975Z
019e01d1-6828-0000-0000-c60cf684bb5c,xerxes bakare 7549,male,1,child,CI,2026-05-07T09:42:41.448552Z
019e01d1-682a-0000-0000-6d753e95faf0,jide bakare 7550,male,77,senior,UG,2026-05-07T09:42:41.450173Z
019e01d1-682b-0000-0000-098a7f7302df,funmi yusuf 7551,male,45,adult,KE,2026-05-07T09:42:41.451533Z
019e01d1-682c-0000-0000-4ef379178f7b,amara mensah 7552,male,62,senior,SN,2026-05-07T09:42:41.452897Z
019e01d1-682f-0000-0000-6eebe6ef2a94,efosa ibrahim 7554,male,60,senior,GH,2026-05-07T09:42:41.455830Z
019e01d1-6831-0000-0000-ef80808092ee,jide peters 7555,male,54,adult,SN,2026-05-07T09:42:41.457202Z
019e01d1-6832-0000-0000-f52ee7cdb885,chidi usman 7556,male,55,adult,DE,2026-05-07T09:42:41.458522Z
019e01d1-6838-0000-0000-ff552907b654,jumoke chukwu 7560,male,39,adult,SN,2026-05-07T09:42:41.464347Z
019e01d1-6839-0000-0000-dca4b3c7512a,udoka nwosu 7561,male,35,adult,TZ,2026-05-07T09:42:41.465806Z
019e01d1-6843-0000-0000-5e288ce20048,rasheed kamara 7563,male,11,child,GH,2026-05-07T09:42:41.475954Z
019e01d1-6845-0000-0000-8e195abfd3d6,adaeze raji 7564,male,6,child,GB,2026-05-07T09:42:41.477781Z
019e01d1-684c-0000-0000-043e09c3eac1,wale hassan 7568,male,84,senior,JP,2026-05-07T09:42:41.484663Z
019e01d1-684f-0000-0000-40348ecbcf79,babatunde hassan 7570,male,3,child,ZA,2026-05-07T09:42:41.487947Z
019e01d1-6854-0000-0000-5881b004a60f,lydia yusuf 7573,male,84,senior,GB,2026-05-07T09:42:41.492360Z
019e01d1-6858-0000-0000-b07e1df38d6c,remi ibrahim 7576,male,6,child,DE,2026-05-07T09:42:41.496821Z
019e01d1-685a-0000-0000-9721f6c5c0b9,pita lawal 7577,male,36,adult,CA,2026-05-07T09:42:41.498321Z
019e01d1-685b-0000-0000-286bb44ea9fb,ifeoma ganiyu 7578,male,53,adult,US,2026-05-07T09:42:41.499683Z
019e01d1-685c-0000-0000-8c0129983606,irene bakare 7579,male,50,adult,NG,2026-05-07T09:42:41.501019Z
019e01d1-685e-0000-0000-738c4dd87207,nkem adesanya 7580,male,43,adult,NG,2026-05-07T09:42:41.502746Z
019e01d1-6861-0000-0000-c7e9feb3428e,patience lawal 7582,male,28,adult,CI,2026-05-07T09:42:41.505596Z
019e01d1-6865-0000-0000-4d0d12a5db04,chidi mensah 7585,male,80,senior,SN,2026-05-07T09:42:41.509926Z
019e01d1-686e-0000-0000-9cda988e06a2,voke dada 7591,male,79,senior,KE,2026-05-07T09:42:41.518809Z
019e01d1-6871-0000-0000-d39a94352bfc,zara johnson 7593,male,20,adult,NG,2026-05-07T09:42:41.522002Z
019e01d1-6873-0000-0000-a5b02a5dc3a4,moses xavier 7594,male,53,adult,IN,2026-05-07T09:42:41.523408Z
019e01d1-6874-0000-0000-dc9a62c360d4,blessing bakare 7595,male,8,child,ET,2026-05-07T09:42:41.524865Z
019e01d1-6876-0000-0000-9fa6333feddd,kehinde ganiyu 7596,male,14,teenager,AU,2026-05-07T09:42:41.526482Z
019e01d1-6878-0000-0000-ae9f3b6115f7,vivian williams 7597,male,29,adult,JP,2026-05-07T09:42:41.528466Z
019e01d1-687b-0000-0000-024270d20212,amara kamara 7599,male,70,senior,CA,2026-05-07T09:42:41.531273Z
019e01d1-687c-0000-0000-c5e0d11a9239,susan yakubu 7600,male,71,senior,BR,2026-05-07T09:42:41.532615Z
019e01d1-6881-0000-0000-fec3e9efcb81,usman okonkwo 7604,male,36,adult,BR,2026-05-07T09:42:41.537883Z
019e01d1-6886-0000-0000-41bdbe70edef,onome johnson 7607,male,81,senior,NG,2026-05-07T09:42:41.542221Z
019e01d1-6889-0000-0000-9dad38cd8850,richard lawal 7609,male,45,adult,CA,2026-05-07T09:42:41.545152Z
019e01d1-6890-0000-0000-8f918dc5d4b1,bolu mba 7614,male,29,adult,GB,2026-05-07T09:42:41.552873Z
019e01d1-6892-0000-0000-af19feb4f6b1,grace musa 7615,male,58,adult,GB,2026-05-07T09:42:41.554283Z
019e01d1-6893-0000-0000-c943d450c091,ximena adesanya 7616,male,61,senior,CA,2026-05-07T09:42:41.555904Z
019e01d1-6896-0000-0000-6d076f035dfa,vivian peters 7618,male,44,adult,JP,2026-05-07T09:42:41.558674Z
019e01d1-689f-0000-0000-1fa160231480,mercy williams 7624,male,83,senior,TZ,2026-05-07T09:42:41.568010Z
019e01d1-68a2-0000-0000-a0c404fa7b99,ola adekunle 7626,male,8,child,KE,2026-05-07T09:42:41.570781Z
019e01d1-68a6-0000-0000-bb19b3f55968,lola ogundele 7629,male,65,senior,ET,2026-05-07T09:42:41.574898Z
019e01d1-68ab-0000-0000-9ede33e9b391,emeka lawal 7632,male,51,adult,ZA,2026-05-07T09:42:41.579151Z
019e01d1-68ac-0000-0000-cbba4ae00689,blessing xavier 7633,male,51,adult,GB,2026-05-07T09:42:41.580568Z
019e01d1-68af-0000-0000-3789ac23ce15,usman mba 7635,male,83,senior,FR,2026-05-07T09:42:41.583463Z
019e01d1-68b2-0000-0000-b1134b5e921a,blessing xavier 7637,male,37,adult,CI,2026-05-07T09:42:41.586448Z
019e01d1-68b5-0000-0000-64172664a73d,james diallo 7639,male,9,child,CI,2026-05-07T09:42:41.589445Z
019e01d1-68b7-0000-0000-a852c45b8416,david yusuf 7640,male,13,teenager,FR,2026-05-07T09:42:41.591312Z
019e01d1-68b8-0000-0000-5380ddd479e8,david mensah 7641,male,42,adult,AU,2026-05-07T09:42:41.592690Z
019e01d1-68ba-0000-0000-7ba0e1ec43f4,bolu ganiyu 7642,male,17,teenager,US,2026-05-07T09:42:41.594480Z
019e01d1-68bc-0000-0000-b1e1616f6fbf,kemi hassan 7643,male,19,teenager,US,2026-05-07T09:42:41.596251Z
019e01d1-68bd-0000-0000-48f9a6efa8df,kehinde kalu 7644,male,39,adult,ZA,2026-05-07T09:42:41.597976Z
019e01d1-68bf-0000-0000-51ffecddfb89,funmi lawal 7645,male,13,teenager,TZ,2026-05-07T09:42:41.599445Z
019e01d1-68c0-0000-0000-718c232f1737,toyin peters 7646,male,44,adult,IN,2026-05-07T09:42:41.600869Z
019e01d1-68c2-0000-0000-20265b454770,xerxes nwosu 7647,male,35,adult,EG,2026-05-07T09:42:41.602443Z
019e01d1-68c6-0000-0000-d004005ac9cd,richard johnson 7650,male,67,senior,ZA,2026-05-07T09:42:41.606846Z
019e01d1-68cc-0000-0000-fcecfe850aee,xerxes okonkwo 7654,male,31,adult,ET,2026-05-07T09:42:41.612595Z
019e01d1-68ce-0000-0000-4facb8d9c6bf,timothy kamara 7655,male,23,adult,ET,2026-05-07T09:42:41.614143Z
019e01d1-68cf-0000-0000-0fa1f9148932,yvonne adesanya 7656,male,21,adult,DE,2026-05-07T09:42:41.615517Z
019e01d1-68d4-0000-0000-c05c9198665a,jide xavier 7660,male,40,adult,FR,2026-05-07T09:42:41.620995Z
019e01d1-68d7-0000-0000-c74282f2f618,victor quadri 7662,male,11,child,EG,2026-05-07T09:42:41.623767Z
019e01d1-68da-0000-0000-793bb5a65d1d,nkem taiwo 7664,male,23,adult,GB,2026-05-07T09:42:41.626561Z
019e01d1-68de-0000-0000-5a004d9d44a4,ximena diallo 7667,male,41,adult,CA,2026-05-07T09:42:41.630444Z
019e01d1-68df-0000-0000-c2df64c54c0d,kunle bakare 7668,male,22,adult,SN,2026-05-07T09:42:41.631820Z
019e01d1-68e1-0000-0000-6428b44e5600,zara traore 7669,male,3,child,UG,2026-05-07T09:42:41.633134Z
019e01d1-68e2-0000-0000-c733e4205204,nora fashola 7670,male,56,adult,AU,2026-05-07T09:42:41.634430Z
019e01d1-68e4-0000-0000-fba23f8f4a14,chiamaka yusuf 7672,male,59,adult,ZA,2026-05-07T09:42:41.637016Z
019e01d1-68e9-0000-0000-27265410d322,felix johnson 7675,male,3,child,DE,2026-05-07T09:42:41.641172Z
019e01d1-68f3-0000-0000-7eaa4f891c69,ahmed williams 7682,male,14,teenager,US,2026-05-07T09:42:41.651049Z
019e01d1-68f4-0000-0000-73d0d92ce6ec,rasheed nwosu 7683,male,8,child,CA,2026-05-07T09:42:41.652403Z
019e01d1-68f8-0000-0000-1ea0de9c112f,mercy ganiyu 7686,male,43,adult,DE,2026-05-07T09:42:41.656772Z
019e01d1-68fa-0000-0000-70b6863bea7e,kunle adekunle 7687,male,73,senior,CI,2026-05-07T09:42:41.658232Z
019e01d1-68fe-0000-0000-09ace141adb5,queen xavier 7690,male,70,senior,CA,2026-05-07T09:42:41.662838Z
019e01d1-6900-0000-0000-459e39d5df90,david vincent 7691,male,38,adult,SN,2026-05-07T09:42:41.664181Z
019e01d1-6903-0000-0000-384d3f0b04bd,dayo williams 7693,male,61,senior,JP,2026-05-07T09:42:41.667093Z
019e01d1-6907-0000-0000-8a39ddc87b2b,zara lawal 7696,male,33,adult,DE,2026-05-07T09:42:41.671401Z
019e01d1-690a-0000-0000-e36de725fe47,yusuf chukwu 7698,male,67,senior,DE,2026-05-07T09:42:41.674265Z
019e01d1-690b-0000-0000-52106142bf04,richard yakubu 7699,male,83,senior,DE,2026-05-07T09:42:41.675596Z
019e01d1-690d-0000-0000-27bad793ee89,victor ogundele 7700,male,62,senior,NG,2026-05-07T09:42:41.677044Z
019e01d1-6914-0000-0000-79266c3f22e4,folake johnson 7705,male,40,adult,CI,2026-05-07T09:42:41.684304Z
019e01d1-6915-0000-0000-f53858fcb3b1,funmi kamara 7706,male,57,adult,KE,2026-05-07T09:42:41.685714Z
019e01d1-6917-0000-0000-234aecba1007,xerxes ganiyu 7707,male,28,adult,GB,2026-05-07T09:42:41.687111Z
019e01d1-691a-0000-0000-75c7fc44cd60,grace nwosu 7709,male,71,senior,GH,2026-05-07T09:42:41.690107Z
019e01d1-691b-0000-0000-d672dbf10eaf,nora kamara 7710,male,40,adult,GB,2026-05-07T09:42:41.691648Z
019e01d1-691e-0000-0000-0d3a11a6aa1c,efosa ganiyu 7712,male,35,adult,UG,2026-05-07T09:42:41.694627Z
019e01d1-6920-0000-0000-5a0ac89210a1,jumoke taiwo 7713,male,19,teenager,NG,2026-05-07T09:42:41.696110Z
019e01d1-6921-0000-0000-cec8ef3938f8,irene mensah 7714,male,57,adult,US,2026-05-07T09:42:41.697592Z
019e01d1-6922-0000-0000-32a41e1f5d55,victor lawal 7715,male,20,adult,GB,2026-05-07T09:42:41.698994Z
019e01d1-6925-0000-0000-9da022bf08f6,grace diallo 7717,male,22,adult,SN,2026-05-07T09:42:41.701652Z
019e01d1-6927-0000-0000-781c79db77da,ikenna yusuf 7718,male,5,child,TZ,2026-05-07T09:42:41.703131Z
019e01d1-692e-0000-0000-a19da43282e4,kemi bakare 7723,male,83,senior,IN,2026-05-07T09:42:41.710582Z
019e01d1-692f-0000-0000-0a0686037306,timothy xavier 7724,male,53,adult,DE,2026-05-07T09:42:41.711930Z
019e01d1-6931-0000-0000-418c80654910,lola osei 7725,male,16,teenager,ZA,2026-05-07T09:42:41.713340Z
019e01d1-6934-0000-0000-94a21465cffb,ola yakubu 7727,male,56,adult,SN,2026-05-07T09:42:41.716636Z
019e01d1-6936-0000-0000-ab0b269445cc,obiora ogundele 7728,male,9,child,CI,2026-05-07T09:42:41.718075Z
019e01d1-693a-0000-0000-da791776cbb7,yvonne traore 7731,male,26,adult,GB,2026-05-07T09:42:41.722262Z
019e01d1-693b-0000-0000-90e795ac50fd,moses nwosu 7732,male,49,adult,US,2026-05-07T09:42:41.723914Z
019e01d1-693e-0000-0000-464ac4d1fdc4,tunde ibrahim 7734,male,50,adult,EG,2026-05-07T09:42:41.726771Z
019e01d1-6940-0000-0000-37d4217e169a,ngozi salami 7735,male,51,adult,SN,2026-05-07T09:42:41.728097Z
019e01d1-6942-0000-0000-d7de8f06527f,ahmed ogundele 7737,male,50,adult,NG,2026-05-07T09:42:41.730837Z
019e01d1-6945-0000-0000-f7c45f1a57b0,folake musa 7739,male,78,senior,CN,2026-05-07T09:42:41.733716Z
019e01d1-6948-0000-0000-d8cc093f949d,esther mensah 7741,male,46,adult,DE,2026-05-07T09:42:41.736369Z
019e01d1-6949-0000-0000-d0088ce74af4,james traore 7742,male,70,senior,CI,2026-05-07T09:42:41.737618Z
019e01d1-694c-0000-0000-851728eb1ce7,cynthia yakubu 7744,male,77,senior,KE,2026-05-07T09:42:41.740348Z
019e01d1-6958-0000-0000-ebc17aa8d96f,toyin johnson 7753,male,43,adult,ZA,2026-05-07T09:42:41.752305Z
019e01d1-695d-0000-0000-1c81f6033e6d,vivian chukwu 7757,male,47,adult,ET,2026-05-07T09:42:41.757889Z
019e01d1-695f-0000-0000-274a9624fe24,emeka diallo 7758,male,41,adult,GH,2026-05-07T09:42:41.759253Z
019e01d1-6961-0000-0000-306d25bf8eae,nkem ibrahim 7760,male,52,adult,AU,2026-05-07T09:42:41.761957Z
019e01d1-696c-0000-0000-55bc84241be4,ikenna williams 7767,male,34,adult,CN,2026-05-07T09:42:41.772221Z
019e01d1-696d-0000-0000-2a39ce15d354,jumoke quadri 7768,male,3,child,IN,2026-05-07T09:42:41.773634Z
019e01d1-696f-0000-0000-7fbd30753d2e,jide ganiyu 7769,male,16,teenager,SN,2026-05-07T09:42:41.775029Z
019e01d1-6970-0000-0000-890c02cb30af,musa traore 7770,male,10,child,IN,2026-05-07T09:42:41.776371Z
019e01d1-6971-0000-0000-254403a3ecec,vivian ogundele 7771,male,78,senior,GB,2026-05-07T09:42:41.777790Z
019e01d1-6977-0000-0000-a1f867d0fc3a,queen fashola 7775,male,22,adult,TZ,2026-05-07T09:42:41.783649Z
019e01d1-6979-0000-0000-e6b90860079c,kehinde quadri 7776,male,85,senior,GB,2026-05-07T09:42:41.785069Z
019e01d1-697d-0000-0000-3538158e57a9,kunle dada 7779,male,12,child,CI,2026-05-07T09:42:41.789297Z
019e01d1-697e-0000-0000-1da8d9714095,timothy ogundele 7780,male,37,adult,GH,2026-05-07T09:42:41.790714Z
019e01d1-6980-0000-0000-17d336e99b75,kehinde hassan 7781,male,69,senior,ET,2026-05-07T09:42:41.792075Z
019e01d1-6981-0000-0000-d39859b9ed3a,timothy mba 7782,male,69,senior,AU,2026-05-07T09:42:41.793423Z
019e01d1-6982-0000-0000-fe20850e389d,ifeoma johnson 7783,male,54,adult,NG,2026-05-07T09:42:41.794898Z
019e01d1-6984-0000-0000-bd554e739d15,richard chukwu 7784,male,19,teenager,BR,2026-05-07T09:42:41.796359Z
019e01d1-6985-0000-0000-c64d5db07918,zara lawal 7785,male,55,adult,CI,2026-05-07T09:42:41.797701Z
019e01d1-6988-0000-0000-3b656609ce95,ximena kalu 7787,male,54,adult,CA,2026-05-07T09:42:41.800409Z
019e01d1-698b-0000-0000-8ae4727f5259,jide mba 7789,male,69,senior,AU,2026-05-07T09:42:41.803423Z
019e01d1-698c-0000-0000-f26bb4377f7b,lydia adekunle 7790,male,8,child,AU,2026-05-07T09:42:41.804940Z
019e01d1-6999-0000-0000-e083390c0e07,chidi diallo 7792,male,42,adult,GH,2026-05-07T09:42:41.817292Z
019e01d1-699e-0000-0000-7ccacf09a57f,musa kamara 7794,male,48,adult,SN,2026-05-07T09:42:41.822271Z
019e01d1-69a0-0000-0000-848d629e8249,udoka hassan 7795,male,60,senior,DE,2026-05-07T09:42:41.824187Z
019e01d1-69a1-0000-0000-e6ac3b7dd2b9,patience eze 7796,male,47,adult,GB,2026-05-07T09:42:41.825772Z
019e01d1-69a3-0000-0000-c3bdc4061eaa,yemi usman 7797,male,4,child,NG,2026-05-07T09:42:41.827719Z
019e01d1-69a5-0000-0000-4873768f305e,qudus peters 7798,male,36,adult,JP,2026-05-07T09:42:41.829348Z
019e01d1-69a7-0000-0000-19e4e59a48e8,lydia taiwo 7799,male,5,child,ET,2026-05-07T09:42:41.831164Z
019e01d1-69ab-0000-0000-1b0474ba0ac1,ximena mba 7802,male,37,adult,ZA,2026-05-07T09:42:41.835461Z
019e01d1-69ac-0000-0000-aaf1eb7babff,ola nwosu 7803,male,25,adult,AU,2026-05-07T09:42:41.836812Z
019e01d1-69ae-0000-0000-f74846685272,voke traore 7804,male,41,adult,CI,2026-05-07T09:42:41.838143Z
019e01d1-69af-0000-0000-165ee0663847,godwin raji 7805,male,70,senior,EG,2026-05-07T09:42:41.839590Z
019e01d1-69b0-0000-0000-258166b15e8d,nkem kalu 7806,male,77,senior,BR,2026-05-07T09:42:41.840999Z
019e01d1-69b2-0000-0000-373828c7e13a,yemi idowu 7807,male,85,senior,AU,2026-05-07T09:42:41.842663Z
019e01d1-69b4-0000-0000-1d0341da44a0,yvonne kamara 7808,male,10,child,CI,2026-05-07T09:42:41.844087Z
019e01d1-69b5-0000-0000-dca7b78adaf0,amara mensah 7809,male,81,senior,FR,2026-05-07T09:42:41.845904Z
019e01d1-69b9-0000-0000-643a50891f23,obiora mensah 7811,male,24,adult,NG,2026-05-07T09:42:41.849239Z
019e01d1-69bb-0000-0000-2f1b9ad149ba,lawal yakubu 7813,male,61,senior,KE,2026-05-07T09:42:41.851974Z
019e01d1-69bd-0000-0000-0662cf837189,james fashola 7814,male,25,adult,DE,2026-05-07T09:42:41.853328Z
019e01d1-69bf-0000-0000-a0e5a26813fa,godwin vincent 7816,male,57,adult,SN,2026-05-07T09:42:41.855984Z
019e01d1-69c2-0000-0000-e92bb9b12237,hauwa yakubu 7818,male,42,adult,GB,2026-05-07T09:42:41.858928Z
019e01d1-69c5-0000-0000-0e43f94c35d6,obiora taiwo 7820,male,64,senior,FR,2026-05-07T09:42:41.861934Z
019e01d1-69c8-0000-0000-0ddb179acaa0,irene ogundele 7822,male,53,adult,EG,2026-05-07T09:42:41.864617Z
019e01d1-69ca-0000-0000-12ad20a734cd,babatunde kalu 7823,male,45,adult,JP,2026-05-07T09:42:41.866149Z
019e01d1-69ce-0000-0000-fc670cff2958,amara johnson 7826,male,85,senior,GH,2026-05-07T09:42:41.870518Z
019e01d1-69cf-0000-0000-2bb4d9442304,lydia lawal 7827,male,16,teenager,NG,2026-05-07T09:42:41.871789Z
019e01d1-69d1-0000-0000-7f227bb82d72,victor kalu 7828,male,34,adult,EG,2026-05-07T09:42:41.873375Z
019e01d1-69d2-0000-0000-54a405a52f3a,ola chukwu 7829,male,13,teenager,CA,2026-05-07T09:42:41.874749Z
019e01d1-69d4-0000-0000-b6393ff1fa18,richard musa 7830,male,3,child,GH,2026-05-07T09:42:41.876149Z
019e01d1-69d5-0000-0000-a0aa687e9cbc,cynthia mba 7831,male,51,adult,ET,2026-05-07T09:42:41.877601Z
019e01d1-69d7-0000-0000-67625d02ed99,irene mensah 7832,male,35,adult,SN,2026-05-07T09:42:41.879519Z
019e01d1-69d8-0000-0000-f55fca9f21f3,uche ganiyu 7833,male,53,adult,NG,2026-05-07T09:42:41.880967Z
019e01d1-69dd-0000-0000-b32624e14916,victor musa 7836,male,49,adult,BR,2026-05-07T09:42:41.885074Z
019e01d1-69e1-0000-0000-8cd91f337a7a,ikenna bakare 7839,male,37,adult,US,2026-05-07T09:42:41.889345Z
019e01d1-69e2-0000-0000-8ebee0302f5e,lydia eze 7840,male,9,child,CI,2026-05-07T09:42:41.890642Z
019e01d1-69e4-0000-0000-afe56d2a510e,uche traore 7841,male,41,adult,IN,2026-05-07T09:42:41.892053Z
019e01d1-69e5-0000-0000-4b939ab2d717,udoka kalu 7842,male,19,teenager,ET,2026-05-07T09:42:41.893338Z
019e01d1-69e6-0000-0000-e0fba9bd8b3a,chiamaka kamara 7843,male,15,teenager,CA,2026-05-07T09:42:41.894720Z
019e01d1-69e9-0000-0000-db147b56f4f9,folake mba 7845,male,20,adult,ET,2026-05-07T09:42:41.897312Z
019e01d1-69ea-0000-0000-30db8e410af6,chidi dada 7846,male,44,adult,SN,2026-05-07T09:42:41.898647Z
019e01d1-69eb-0000-0000-42195681b251,wale usman 7847,male,9,child,EG,2026-05-07T09:42:41.899995Z
019e01d1-69ef-0000-0000-ace64d0a1f99,emeka ogundele 7850,male,46,adult,GB,2026-05-07T09:42:41.903916Z
019e01d1-69f1-0000-0000-3ac9bccf2e99,grace raji 7851,male,67,senior,DE,2026-05-07T09:42:41.905187Z
019e01d1-69f2-0000-0000-c1a6ccf7b036,irene chukwu 7852,male,57,adult,GB,2026-05-07T09:42:41.906655Z
019e01d1-69f3-0000-0000-d38c8f6d4694,remi adekunle 7853,male,60,senior,NG,2026-05-07T09:42:41.908005Z
019e01d1-69f5-0000-0000-af6a988ebcf9,hauwa ganiyu 7854,male,16,teenager,JP,2026-05-07T09:42:41.909392Z
019e01d1-69f6-0000-0000-baa5475f8e8c,lydia adesanya 7855,male,76,senior,IN,2026-05-07T09:42:41.910680Z
019e01d1-69fc-0000-0000-a2b1c555d2d5,victor yakubu 7859,male,74,senior,UG,2026-05-07T09:42:41.916218Z
019e01d1-69fd-0000-0000-2b32b2ca957f,nora mensah 7860,male,77,senior,GH,2026-05-07T09:42:41.917721Z
019e01d1-6a00-0000-0000-31db3ff2b9f4,chidi mba 7862,male,74,senior,EG,2026-05-07T09:42:41.920751Z
019e01d1-6a02-0000-0000-36b6dcefe99d,ngozi dada 7863,male,78,senior,IN,2026-05-07T09:42:41.922190Z
019e01d1-6a09-0000-0000-eea60f8866a6,jide okonkwo 7868,male,38,adult,CI,2026-05-07T09:42:41.929483Z
019e01d1-6a0a-0000-0000-9e5715711dd3,james johnson 7869,male,7,child,NG,2026-05-07T09:42:41.931012Z
019e01d1-6a0d-0000-0000-6f7c85c04261,jide ganiyu 7871,male,81,senior,SN,2026-05-07T09:42:41.933869Z
019e01d1-6a0f-0000-0000-0827877ad2b6,nora nwosu 7872,male,79,senior,DE,2026-05-07T09:42:41.935353Z
019e01d1-6a10-0000-0000-43a3c7033209,mercy idowu 7873,male,43,adult,SN,2026-05-07T09:42:41.936756Z
019e01d1-6a13-0000-0000-45750e7a8eb9,helen fashola 7875,male,46,adult,DE,2026-05-07T09:42:41.939579Z
019e01d1-6a17-0000-0000-19dc1dc36535,dimma ogundele 7878,male,80,senior,BR,2026-05-07T09:42:41.943746Z
019e01d1-6a19-0000-0000-fdc1f553f5b7,wunmi dada 7879,male,21,adult,US,2026-05-07T09:42:41.945125Z
019e01d1-6a1a-0000-0000-047bcad13be4,qudus ibrahim 7880,male,40,adult,JP,2026-05-07T09:42:41.946632Z
019e01d1-6a1b-0000-0000-ee6c4c030758,vivian ogundele 7881,male,2,child,ZA,2026-05-07T09:42:41.947972Z
019e01d1-6a1d-0000-0000-defae3721a8d,funmi raji 7882,male,72,senior,GB,2026-05-07T09:42:41.949539Z
019e01d1-6a1f-0000-0000-1c1f4844fefd,uche idowu 7883,male,12,child,AU,2026-05-07T09:42:41.951156Z
019e01d1-6a26-0000-0000-6cb582efe4ea,musa mba 7888,male,43,adult,ZA,2026-05-07T09:42:41.958766Z
019e01d1-6a28-0000-0000-c6a068d9478e,nora williams 7889,male,82,senior,TZ,2026-05-07T09:42:41.960691Z
019e01d1-6a2a-0000-0000-e2f0429db72b,irene okonkwo 7890,male,39,adult,CN,2026-05-07T09:42:41.962277Z
019e01d1-6a2e-0000-0000-aacabed9b6ce,xerxes ogundele 7892,male,65,senior,CN,2026-05-07T09:42:41.966848Z
019e01d1-6a33-0000-0000-87b06a778b52,funmi usman 7893,male,82,senior,EG,2026-05-07T09:42:41.971543Z
019e01d1-6a35-0000-0000-cefc62b573c0,ifeoma ogundele 7894,male,53,adult,TZ,2026-05-07T09:42:41.973295Z
019e01d1-6a3c-0000-0000-1da8434c153f,ngozi dada 7897,male,60,senior,DE,2026-05-07T09:42:41.980537Z
019e01d1-6a47-0000-0000-cea3dfac4d2a,godwin kalu 7904,male,39,adult,FR,2026-05-07T09:42:41.991026Z
019e01d1-6a48-0000-0000-490c39962688,yvonne lawal 7905,male,31,adult,US,2026-05-07T09:42:41.992546Z
019e01d1-6a4b-0000-0000-d025a992e7bb,nkem fashola 7907,male,29,adult,IN,2026-05-07T09:42:41.995239Z
019e01d1-6a4e-0000-0000-5fb9b426adab,cynthia yusuf 7909,male,17,teenager,AU,2026-05-07T09:42:41.998627Z
019e01d1-6a52-0000-0000-938392ff8b65,ikenna ganiyu 7912,male,57,adult,GB,2026-05-07T09:42:42.002699Z
019e01d1-6a5a-0000-0000-cb1bb3e1981e,timothy idowu 7913,male,61,senior,GB,2026-05-07T09:42:42.010190Z
019e01d1-6a5c-0000-0000-7b221fce961d,yemi yusuf 7914,male,5,child,AU,2026-05-07T09:42:42.012326Z
019e01d1-6a61-0000-0000-01c62f1c3214,rasheed yusuf 7916,male,80,senior,CN,2026-05-07T09:42:42.017158Z
019e01d1-6a62-0000-0000-181283ddabd9,lawal vincent 7917,male,44,adult,UG,2026-05-07T09:42:42.018654Z
019e01d1-6a64-0000-0000-a914ea33dc72,henry eze 7918,male,49,adult,GB,2026-05-07T09:42:42.020163Z
019e01d1-6a65-0000-0000-4de74816f031,zara hassan 7919,male,21,adult,ET,2026-05-07T09:42:42.021578Z
019e01d1-6a66-0000-0000-b18cffaf7016,toyin ganiyu 7920,male,37,adult,SN,2026-05-07T09:42:42.022965Z
019e01d1-6a6b-0000-0000-9c173cd7274d,wunmi okonkwo 7923,male,72,senior,BR,2026-05-07T09:42:42.027747Z
019e01d1-6a6e-0000-0000-e93848be5b8d,dimma vincent 7925,male,42,adult,CI,2026-05-07T09:42:42.030708Z
019e01d1-6a75-0000-0000-ca5675b43824,richard fashola 7930,male,15,teenager,US,2026-05-07T09:42:42.037702Z
019e01d1-6a77-0000-0000-8c2381afb47f,ikenna williams 7931,male,32,adult,KE,2026-05-07T09:42:42.039060Z
019e01d1-6a78-0000-0000-922bf130161a,tunde xavier 7932,male,55,adult,FR,2026-05-07T09:42:42.040672Z
019e01d1-6a7b-0000-0000-966c2f5d6aa6,ximena kamara 7934,male,43,adult,GH,2026-05-07T09:42:42.043511Z
019e01d1-6a7e-0000-0000-3d368b60aff8,obiora johnson 7936,male,32,adult,EG,2026-05-07T09:42:42.046793Z
019e01d1-6a84-0000-0000-4e8e5c3a14bf,wale nwosu 7940,male,5,child,AU,2026-05-07T09:42:42.052703Z
019e01d1-6a8a-0000-0000-dfd6b3001a28,funmi diallo 7944,male,77,senior,NG,2026-05-07T09:42:42.058369Z
019e01d1-6a8f-0000-0000-ce647c5c2fd8,patience bakare 7948,male,47,adult,TZ,2026-05-07T09:42:42.064012Z
019e01d1-6a91-0000-0000-259bf81e9abc,musa usman 7949,male,38,adult,GB,2026-05-07T09:42:42.065354Z
019e01d1-6a92-0000-0000-c0b924b6069e,yemi usman 7950,male,36,adult,AU,2026-05-07T09:42:42.066810Z
019e01d1-6a94-0000-0000-a186478dfd35,lawal xavier 7951,male,37,adult,CA,2026-05-07T09:42:42.068164Z
019e01d1-6a96-0000-0000-75ef30924373,kunle quadri 7952,male,64,senior,US,2026-05-07T09:42:42.070363Z
019e01d1-6a97-0000-0000-3de75ec77e60,obiora fashola 7953,male,43,adult,GH,2026-05-07T09:42:42.071777Z
019e01d1-6a9d-0000-0000-62998cd82dd1,qudus ganiyu 7957,male,12,child,CN,2026-05-07T09:42:42.077550Z
019e01d1-6a9e-0000-0000-1fa770d56e40,xerxes raji 7958,male,43,adult,CI,2026-05-07T09:42:42.078896Z
019e01d1-6aa3-0000-0000-b309d1a90cca,lola bakare 7961,male,49,adult,KE,2026-05-07T09:42:42.083412Z
019e01d1-6aa4-0000-0000-d793d12a9d2c,wale salami 7962,male,17,teenager,UG,2026-05-07T09:42:42.084889Z
019e01d1-6aa8-0000-0000-b1fc9671e867,xola mba 7964,male,33,adult,CI,2026-05-07T09:42:42.088152Z
019e01d1-6aa9-0000-0000-97d0c7fcb23c,nora ganiyu 7965,male,64,senior,DE,2026-05-07T09:42:42.089545Z
019e01d1-6ab0-0000-0000-178c214a2ae5,hauwa adekunle 7968,male,67,senior,EG,2026-05-07T09:42:42.096764Z
019e01d1-6ab8-0000-0000-fdf9aff64e24,jide mba 7973,male,43,adult,ZA,2026-05-07T09:42:42.104561Z
019e01d1-6ac3-0000-0000-71335d901f07,folake fashola 7979,male,40,adult,EG,2026-05-07T09:42:42.115238Z
019e01d1-6ac6-0000-0000-9c5ce506979a,adaeze kalu 7981,male,64,senior,GB,2026-05-07T09:42:42.118106Z
019e01d1-6ac7-0000-0000-958b0c777b5f,qudus traore 7982,male,24,adult,FR,2026-05-07T09:42:42.119452Z
019e01d1-6ac9-0000-0000-2bb2128ebac3,irene eze 7983,male,83,senior,ET,2026-05-07T09:42:42.121037Z
019e01d1-6acb-0000-0000-bf8c556329b4,mercy fashola 7985,male,37,adult,ET,2026-05-07T09:42:42.123950Z
019e01d1-6acd-0000-0000-523044080ed6,blessing musa 7986,male,74,senior,NG,2026-05-07T09:42:42.125401Z
019e01d1-6ad3-0000-0000-41d19bc56b51,queen yakubu 7990,male,50,adult,AU,2026-05-07T09:42:42.131993Z
019e01d1-6ad5-0000-0000-ab472eaa7b1d,toyin osei 7991,male,23,adult,GH,2026-05-07T09:42:42.133945Z
019e01d1-6adb-0000-0000-b0b12911de3c,cynthia fashola 7995,male,57,adult,EG,2026-05-07T09:42:42.139574Z
019e01d1-6adf-0000-0000-35a07d70120b,dayo adesanya 7998,male,83,senior,TZ,2026-05-07T09:42:42.143483Z
019e01d1-6ae0-0000-0000-4ad60c493e11,remi dada 7999,male,34,adult,SN,2026-05-07T09:42:42.144869Z
019e01d1-6b28-0000-0000-9080611a7b3f,hauwa peters 8002,male,21,adult,AU,2026-05-07T09:42:42.216770Z
019e01d1-6b2c-0000-0000-6865fa81c652,qudus taiwo 8004,male,48,adult,NG,2026-05-07T09:42:42.220812Z
019e01d1-6b31-0000-0000-93685faee837,vivian taiwo 8007,male,41,adult,US,2026-05-07T09:42:42.225403Z
019e01d1-6b34-0000-0000-6af25d29227b,pita traore 8009,male,49,adult,DE,2026-05-07T09:42:42.228257Z
019e01d1-6b35-0000-0000-991aa7016048,adaeze johnson 8010,male,83,senior,GH,2026-05-07T09:42:42.229875Z
019e01d1-6b3a-0000-0000-e35414fcb753,dimma ogundele 8013,male,78,senior,AU,2026-05-07T09:42:42.234057Z
019e01d1-6b3e-0000-0000-080bf26673fd,cynthia fashola 8016,male,29,adult,AU,2026-05-07T09:42:42.238985Z
019e01d1-6b40-0000-0000-1b4e00b79395,qudus quadri 8017,male,23,adult,CN,2026-05-07T09:42:42.240853Z
019e01d1-6b43-0000-0000-032e1daa428b,dayo ogundele 8019,male,45,adult,TZ,2026-05-07T09:42:42.243982Z
019e01d1-6b4a-0000-0000-6af08641c45e,vivian adekunle 8023,male,37,adult,FR,2026-05-07T09:42:42.250391Z
019e01d1-6b4b-0000-0000-b5a44021c66e,voke peters 8024,male,78,senior,CN,2026-05-07T09:42:42.251795Z
019e01d1-6b52-0000-0000-ad29d03335c6,dayo yakubu 8028,male,22,adult,BR,2026-05-07T09:42:42.258624Z
019e01d1-6b56-0000-0000-f26e03d46857,kehinde raji 8030,male,33,adult,UG,2026-05-07T09:42:42.262316Z
019e01d1-6b5b-0000-0000-d09f8fe8b222,funmi taiwo 8033,male,15,teenager,CN,2026-05-07T09:42:42.267450Z
019e01d1-6b5c-0000-0000-73235e983eff,godwin adesanya 8034,male,43,adult,SN,2026-05-07T09:42:42.268993Z
019e01d1-6b61-0000-0000-70b0f7b77b19,tunde mensah 8037,male,55,adult,GB,2026-05-07T09:42:42.273431Z
019e01d1-6b62-0000-0000-fe0a5655c7f5,musa ganiyu 8038,male,24,adult,KE,2026-05-07T09:42:42.274947Z
019e01d1-6b64-0000-0000-50a09a77907f,qudus diallo 8039,male,77,senior,ET,2026-05-07T09:42:42.276346Z
019e01d1-6b65-0000-0000-db2ed0b241b0,pita chukwu 8040,male,21,adult,CN,2026-05-07T09:42:42.277806Z
019e01d1-6b67-0000-0000-5cc0c18681b1,adaeze lawal 8041,male,32,adult,FR,2026-05-07T09:42:42.279249Z
019e01d1-6b68-0000-0000-49a77670c270,esther adekunle 8042,male,45,adult,TZ,2026-05-07T09:42:42.280730Z
019e01d1-6b6a-0000-0000-8f8163c5084d,xerxes dada 8043,male,17,teenager,US,2026-05-07T09:42:42.282197Z
019e01d1-6b71-0000-0000-481b5130f304,chiamaka ogundele 8048,male,16,teenager,CN,2026-05-07T09:42:42.289469Z
019e01d1-6b75-0000-0000-954afc5bb975,sola ganiyu 8051,male,37,adult,DE,2026-05-07T09:42:42.293804Z
019e01d1-6b77-0000-0000-0360ae0bb040,wunmi osei 8052,male,70,senior,BR,2026-05-07T09:42:42.295162Z
019e01d1-6b78-0000-0000-815064d12d89,jumoke chukwu 8053,male,23,adult,GH,2026-05-07T09:42:42.296584Z
019e01d1-6b7e-0000-0000-7fbc0a7a934b,moses hassan 8057,male,27,adult,KE,2026-05-07T09:42:42.302450Z
019e01d1-6b80-0000-0000-56af663e4c96,babatunde dada 8058,male,43,adult,KE,2026-05-07T09:42:42.304075Z
019e01d1-6b85-0000-0000-fa515a93c476,victor peters 8062,male,73,senior,KE,2026-05-07T09:42:42.309853Z
019e01d1-6b88-0000-0000-2c13acfcaf63,helen vincent 8064,male,63,senior,TZ,2026-05-07T09:42:42.312777Z
019e01d1-6b8b-0000-0000-0a6caeed9ce4,precious usman 8066,male,24,adult,US,2026-05-07T09:42:42.315675Z
019e01d1-6b8e-0000-0000-b52768242b76,adaeze dada 8068,male,10,child,GH,2026-05-07T09:42:42.318448Z
019e01d1-6b8f-0000-0000-5154c0365d26,musa chukwu 8069,male,13,teenager,JP,2026-05-07T09:42:42.319854Z
019e01d1-6b91-0000-0000-ffe877b264d2,kehinde ganiyu 8070,male,32,adult,IN,2026-05-07T09:42:42.321241Z
019e01d1-6b92-0000-0000-896384de8f9c,lawal fashola 8071,male,47,adult,NG,2026-05-07T09:42:42.322484Z
019e01d1-6b93-0000-0000-548bc2d1a358,usman kamara 8072,male,75,senior,FR,2026-05-07T09:42:42.323817Z
019e01d1-6b95-0000-0000-d2e86bea3cf3,ifeoma traore 8073,male,68,senior,EG,2026-05-07T09:42:42.325259Z
019e01d1-6b9a-0000-0000-0d11bbc84082,wunmi chukwu 8077,male,51,adult,GB,2026-05-07T09:42:42.330959Z
019e01d1-6b9c-0000-0000-f990e5dac19a,helen yakubu 8078,male,39,adult,US,2026-05-07T09:42:42.332325Z
019e01d1-6b9f-0000-0000-8ca17cb30034,james yakubu 8080,male,43,adult,AU,2026-05-07T09:42:42.335561Z
019e01d1-6ba1-0000-0000-32e6c6811311,william peters 8081,male,27,adult,GB,2026-05-07T09:42:42.337309Z
019e01d1-6ba7-0000-0000-d7e7a681aadb,funmi raji 8085,male,23,adult,CN,2026-05-07T09:42:42.343844Z
019e01d1-6bac-0000-0000-37bb1b31b82c,funmi quadri 8088,male,57,adult,ET,2026-05-07T09:42:42.348190Z
019e01d1-6bb2-0000-0000-78b079474f58,efosa mba 8092,male,74,senior,TZ,2026-05-07T09:42:42.354189Z
019e01d1-6bb3-0000-0000-c77f2e7b23a4,queen hassan 8093,male,51,adult,DE,2026-05-07T09:42:42.355846Z
019e01d1-6bb5-0000-0000-d4eae361e539,chidi xavier 8094,male,22,adult,GH,2026-05-07T09:42:42.357372Z
019e01d1-6bb6-0000-0000-6f7d04cc6bd5,blessing peters 8095,male,70,senior,CI,2026-05-07T09:42:42.358930Z
019e01d1-6bba-0000-0000-0762b86fbdfe,jide adesanya 8097,male,66,senior,BR,2026-05-07T09:42:42.362527Z
019e01d1-6bc0-0000-0000-2161ad5ae18b,william quadri 8101,male,79,senior,FR,2026-05-07T09:42:42.368192Z
019e01d1-6bc1-0000-0000-fd0e809b891b,rasheed dada 8102,male,34,adult,CA,2026-05-07T09:42:42.369650Z
019e01d1-6bc3-0000-0000-faa508a7aa75,yvonne kamara 8103,male,42,adult,CA,2026-05-07T09:42:42.371227Z
019e01d1-6bc4-0000-0000-4b9e9ff5c6d1,irene williams 8104,male,17,teenager,ZA,2026-05-07T09:42:42.372890Z
019e01d1-6bc6-0000-0000-a9f33793a061,patience adesanya 8105,male,13,teenager,FR,2026-05-07T09:42:42.374285Z
019e01d1-6bca-0000-0000-21b9555aa637,kehinde adesanya 8108,male,39,adult,NG,2026-05-07T09:42:42.378610Z
019e01d1-6bcf-0000-0000-5a0784d1cd55,babatunde dada 8111,male,70,senior,AU,2026-05-07T09:42:42.383663Z
019e01d1-6bd1-0000-0000-47b42d717fa1,ximena lawal 8112,male,70,senior,DE,2026-05-07T09:42:42.385073Z
019e01d1-6bd7-0000-0000-f85eb7e60494,ikenna yakubu 8116,male,36,adult,TZ,2026-05-07T09:42:42.391159Z
019e01d1-6bd8-0000-0000-3914e38c2319,esther adekunle 8117,male,13,teenager,IN,2026-05-07T09:42:42.392489Z
019e01d1-6bdc-0000-0000-ccd486888412,qudus mensah 8120,male,12,child,GB,2026-05-07T09:42:42.396784Z
019e01d1-6be8-0000-0000-c0bb3f2a4ac6,yusuf fashola 8128,male,64,senior,CN,2026-05-07T09:42:42.408401Z
019e01d1-6beb-0000-0000-9cc6471645ae,udoka lawal 8130,male,82,senior,DE,2026-05-07T09:42:42.411080Z
019e01d1-6bec-0000-0000-2e504b8e5456,nkem bakare 8131,male,8,child,TZ,2026-05-07T09:42:42.412398Z
019e01d1-6bed-0000-0000-8794097c2901,seun taiwo 8132,male,43,adult,IN,2026-05-07T09:42:42.413768Z
019e01d1-6bf1-0000-0000-babb2979541d,pita fashola 8135,male,60,senior,JP,2026-05-07T09:42:42.417986Z
019e01d1-6bf7-0000-0000-b56e6d6af767,pita okonkwo 8139,male,70,senior,US,2026-05-07T09:42:42.423905Z
019e01d1-6bf9-0000-0000-5f355a0179d9,james quadri 8140,male,71,senior,CI,2026-05-07T09:42:42.425468Z
019e01d1-6bfc-0000-0000-c676dbb8f16d,uche raji 8142,male,25,adult,NG,2026-05-07T09:42:42.428343Z
019e01d1-6bfd-0000-0000-05f11e5d4758,nora dada 8143,male,4,child,SN,2026-05-07T09:42:42.429681Z
019e01d1-6c03-0000-0000-1f8e89e0bb21,ngozi kalu 8147,male,23,adult,DE,2026-05-07T09:42:42.435935Z
019e01d1-6c05-0000-0000-0db9a00c85e4,ahmed bakare 8148,male,54,adult,DE,2026-05-07T09:42:42.437717Z
019e01d1-6c13-0000-0000-bd4543cc49ab,david johnson 8156,male,80,senior,GH,2026-05-07T09:42:42.451556Z
019e01d1-6c16-0000-0000-936134da2fe6,ikenna lawal 8158,male,11,child,US,2026-05-07T09:42:42.454800Z
019e01d1-6c1d-0000-0000-7a4b24405aa1,remi adekunle 8162,male,65,senior,US,2026-05-07T09:42:42.461634Z
019e01d1-6c2d-0000-0000-c694b8f30423,pita diallo 8173,male,44,adult,TZ,2026-05-07T09:42:42.477946Z
019e01d1-6c2f-0000-0000-34142eb36b11,kehinde yakubu 8174,male,73,senior,GB,2026-05-07T09:42:42.479513Z
019e01d1-6c35-0000-0000-7154728ea4ae,gbenga chukwu 8178,male,23,adult,JP,2026-05-07T09:42:42.485678Z
019e01d1-6c37-0000-0000-2dabe393bd9d,folake quadri 8179,male,56,adult,BR,2026-05-07T09:42:42.487167Z
019e01d1-6c3c-0000-0000-09074c468ee7,patience traore 8182,male,64,senior,GH,2026-05-07T09:42:42.492119Z
019e01d1-6c3d-0000-0000-966b547f19ef,precious osei 8183,male,81,senior,ZA,2026-05-07T09:42:42.493546Z
019e01d1-6c3e-0000-0000-1bf0ee687e72,zainab xavier 8184,male,62,senior,CI,2026-05-07T09:42:42.494922Z
019e01d1-6c43-0000-0000-8df091a2475b,yvonne traore 8187,male,53,adult,AU,2026-05-07T09:42:42.499119Z
019e01d1-6c44-0000-0000-66f6ce606518,bolu yakubu 8188,male,12,child,DE,2026-05-07T09:42:42.500442Z
019e01d1-6c45-0000-0000-fa0cabab537b,seun hassan 8189,male,84,senior,CN,2026-05-07T09:42:42.501895Z
019e01d1-6c47-0000-0000-372b31b4a550,lola musa 8190,male,36,adult,IN,2026-05-07T09:42:42.503269Z
019e01d1-6c48-0000-0000-ee9c682f2c25,pita xavier 8191,male,25,adult,FR,2026-05-07T09:42:42.504734Z
019e01d1-6c4a-0000-0000-dc4e87ac0854,felix mba 8192,male,71,senior,SN,2026-05-07T09:42:42.506319Z
019e01d1-6c4b-0000-0000-5509b9c37a20,lawal xavier 8193,male,79,senior,FR,2026-05-07T09:42:42.507686Z
019e01d1-6c4d-0000-0000-4e1174c69ec5,gbenga taiwo 8194,male,55,adult,IN,2026-05-07T09:42:42.509060Z
019e01d1-6c53-0000-0000-90d1cce43d1b,kehinde diallo 8198,male,80,senior,ZA,2026-05-07T09:42:42.515875Z
019e01d1-6c55-0000-0000-e5b968d3daf3,david nwosu 8199,male,72,senior,GH,2026-05-07T09:42:42.517280Z
019e01d1-6c56-0000-0000-9fb8e60d4fc8,nora diallo 8200,male,51,adult,ET,2026-05-07T09:42:42.518673Z
019e01d1-6c58-0000-0000-9ecdccd3d391,nkem salami 8201,male,39,adult,FR,2026-05-07T09:42:42.520070Z
019e01d1-6c5d-0000-0000-79a180359be7,pita diallo 8205,male,66,senior,CA,2026-05-07T09:42:42.525989Z
019e01d1-6c5f-0000-0000-6d43fc579612,jide ogundele 8206,male,58,adult,ZA,2026-05-07T09:42:42.527554Z
019e01d1-6c62-0000-0000-b81c9be9b7c3,rasheed lawal 8208,male,72,senior,BR,2026-05-07T09:42:42.530499Z
019e01d1-6c63-0000-0000-5ea5d0ecc688,rasheed ibrahim 8209,male,11,child,BR,2026-05-07T09:42:42.531877Z
019e01d1-6c6b-0000-0000-e39c81d4265d,udoka nwosu 8213,male,17,teenager,EG,2026-05-07T09:42:42.539391Z
019e01d1-6c6c-0000-0000-07a455d3c3ef,xola taiwo 8214,male,43,adult,JP,2026-05-07T09:42:42.540898Z
019e01d1-6c70-0000-0000-06a8a9b5e20b,emeka mba 8216,male,58,adult,CN,2026-05-07T09:42:42.544167Z
019e01d1-6c76-0000-0000-709fef5d2c1f,felix vincent 8220,male,27,adult,GB,2026-05-07T09:42:42.550235Z
019e01d1-6c7c-0000-0000-56ebb0ec7032,richard johnson 8224,male,13,teenager,BR,2026-05-07T09:42:42.556089Z
019e01d1-6c7d-0000-0000-1e96a29a7ac3,nkem mensah 8225,male,82,senior,JP,2026-05-07T09:42:42.557407Z
019e01d1-6c7e-0000-0000-abcccc127c31,dimma dada 8226,male,55,adult,GH,2026-05-07T09:42:42.558880Z
019e01d1-6c81-0000-0000-56bcfe430823,susan dada 8228,male,3,child,TZ,2026-05-07T09:42:42.561758Z
019e01d1-6c8d-0000-0000-4aad5afc241b,susan chukwu 8236,male,59,adult,UG,2026-05-07T09:42:42.573415Z
019e01d1-6c91-0000-0000-a312b5918cbf,pita ogundele 8239,male,19,teenager,US,2026-05-07T09:42:42.577572Z
019e01d1-6c92-0000-0000-7aaa13425089,hauwa peters 8240,male,15,teenager,CN,2026-05-07T09:42:42.578916Z
019e01d1-6c94-0000-0000-316271710e2b,yvonne fashola 8241,male,42,adult,CA,2026-05-07T09:42:42.580264Z
019e01d1-6c96-0000-0000-8e35df841a4b,onome osei 8242,male,83,senior,ZA,2026-05-07T09:42:42.582850Z
019e01d1-6c9a-0000-0000-62ba478c54a4,chidi yusuf 8244,male,38,adult,KE,2026-05-07T09:42:42.586241Z
019e01d1-6c9c-0000-0000-1b114c1fe58f,qudus hassan 8245,male,68,senior,GB,2026-05-07T09:42:42.588229Z
019e01d1-6c9e-0000-0000-9fd58e380acf,nora williams 8247,male,21,adult,US,2026-05-07T09:42:42.590946Z
019e01d1-6ca3-0000-0000-569eedc0a16f,yemi ogundele 8250,male,33,adult,GH,2026-05-07T09:42:42.595031Z
019e01d1-6ca4-0000-0000-6ec494fa5c6f,efosa yakubu 8251,male,1,child,SN,2026-05-07T09:42:42.596484Z
019e01d1-6caf-0000-0000-b7a574592f46,chidi bakare 8258,male,66,senior,TZ,2026-05-07T09:42:42.607502Z
019e01d1-6cb0-0000-0000-571c109465c3,ximena okonkwo 8259,male,21,adult,BR,2026-05-07T09:42:42.608921Z
019e01d1-6cb3-0000-0000-8772158cbd76,zainab yakubu 8261,male,54,adult,UG,2026-05-07T09:42:42.611716Z
019e01d1-6cb5-0000-0000-ccca1809c71b,james raji 8262,male,31,adult,ET,2026-05-07T09:42:42.613108Z
019e01d1-6cb6-0000-0000-40cb08d041bf,hauwa kalu 8263,male,74,senior,US,2026-05-07T09:42:42.614869Z
019e01d1-6cb8-0000-0000-0e0725d14d3c,kemi johnson 8264,male,62,senior,EG,2026-05-07T09:42:42.616257Z
019e01d1-6cbc-0000-0000-3922de8c24a1,victor lawal 8267,male,48,adult,GB,2026-05-07T09:42:42.620401Z
019e01d1-6cbd-0000-0000-d3358a13aca6,esther nwosu 8268,male,66,senior,ET,2026-05-07T09:42:42.621746Z
019e01d1-6cc0-0000-0000-ea0acd062c9c,moses chukwu 8270,male,83,senior,AU,2026-05-07T09:42:42.624396Z
019e01d1-6cc4-0000-0000-ff1583612022,ngozi mensah 8273,male,78,senior,KE,2026-05-07T09:42:42.628693Z
019e01d1-6cc6-0000-0000-deb1ee69afd9,rasheed osei 8274,male,22,adult,JP,2026-05-07T09:42:42.630226Z
019e01d1-6cc9-0000-0000-3ff71c570232,sola lawal 8276,male,1,child,SN,2026-05-07T09:42:42.633449Z
019e01d1-6ccc-0000-0000-6aa14fc0e606,adaeze vincent 8278,male,64,senior,US,2026-05-07T09:42:42.636326Z
019e01d1-6cce-0000-0000-427d9c2933e0,ximena traore 8280,male,73,senior,ZA,2026-05-07T09:42:42.639011Z
019e01d1-6cd0-0000-0000-38258709d271,helen yakubu 8281,male,4,child,UG,2026-05-07T09:42:42.640606Z
019e01d1-6cd1-0000-0000-04a267177889,obiora johnson 8282,male,39,adult,CA,2026-05-07T09:42:42.642000Z
019e01d1-6cd4-0000-0000-cfd942a287c6,obiora usman 8284,male,47,adult,ET,2026-05-07T09:42:42.644783Z
019e01d1-6cd6-0000-0000-ae9bd219e251,kunle dada 8285,male,34,adult,JP,2026-05-07T09:42:42.646327Z
019e01d1-6cd9-0000-0000-dd252a371839,jumoke ganiyu 8287,male,29,adult,NG,2026-05-07T09:42:42.649158Z
019e01d1-6cda-0000-0000-112aefb16fb9,irene kamara 8288,male,3,child,US,2026-05-07T09:42:42.650560Z
019e01d1-6cdb-0000-0000-d4ead56bac55,kemi peters 8289,male,11,child,TZ,2026-05-07T09:42:42.651956Z
019e01d1-6cdd-0000-0000-ab15b0532e48,james chukwu 8290,male,80,senior,AU,2026-05-07T09:42:42.653328Z
019e01d1-6cde-0000-0000-d3a1ec327f90,musa dada 8291,male,54,adult,ET,2026-05-07T09:42:42.654641Z
019e01d1-6ce2-0000-0000-3bfdca6bfa96,cynthia idowu 8294,male,38,adult,KE,2026-05-07T09:42:42.658824Z
019e01d1-6ce4-0000-0000-0a6db2520cab,richard quadri 8295,male,29,adult,AU,2026-05-07T09:42:42.660167Z
019e01d1-6ce6-0000-0000-fabbbd87c053,henry kalu 8297,male,36,adult,US,2026-05-07T09:42:42.662857Z
019e01d1-6ce8-0000-0000-d312a105dbff,ximena kamara 8298,male,38,adult,ET,2026-05-07T09:42:42.664304Z
019e01d1-6ceb-0000-0000-c95bc41eef6d,william idowu 8300,male,37,adult,CI,2026-05-07T09:42:42.667133Z
019e01d1-6cef-0000-0000-9432ba74bc13,remi yakubu 8303,male,19,teenager,AU,2026-05-07T09:42:42.671134Z
019e01d1-6cf2-0000-0000-68b241d17d2f,usman taiwo 8305,male,29,adult,GH,2026-05-07T09:42:42.674037Z
019e01d1-6cf3-0000-0000-83aaef1e72e1,kemi adekunle 8306,male,7,child,ET,2026-05-07T09:42:42.675504Z
019e01d1-6cf4-0000-0000-72763745b6b4,godwin xavier 8307,male,29,adult,DE,2026-05-07T09:42:42.677017Z
019e01d1-6cf9-0000-0000-9bc23a834ab2,henry taiwo 8310,male,40,adult,CN,2026-05-07T09:42:42.681114Z
019e01d1-6cfa-0000-0000-d590b32ad5e0,xerxes peters 8311,male,74,senior,GB,2026-05-07T09:42:42.682593Z
019e01d1-6cff-0000-0000-80eabc8526ab,xerxes musa 8314,male,36,adult,JP,2026-05-07T09:42:42.687387Z
019e01d1-6d03-0000-0000-d39856b25f84,voke ogundele 8317,male,6,child,EG,2026-05-07T09:42:42.691888Z
019e01d1-6d05-0000-0000-6bff1014754d,amara ganiyu 8318,male,78,senior,KE,2026-05-07T09:42:42.693269Z
019e01d1-6d06-0000-0000-652a0dbd1158,lawal ogundele 8319,male,3,child,GH,2026-05-07T09:42:42.694616Z
019e01d1-6d09-0000-0000-127b1dd0d1a5,chiamaka ogundele 8321,male,74,senior,DE,2026-05-07T09:42:42.697409Z
019e01d1-6d0a-0000-0000-77b53a45e92a,chidi nwosu 8322,male,85,senior,SN,2026-05-07T09:42:42.698896Z
019e01d1-6d0c-0000-0000-23bcd9511d3f,esther ogundele 8323,male,62,senior,GB,2026-05-07T09:42:42.700257Z
019e01d1-6d0d-0000-0000-5ae89214b8ac,yusuf williams 8324,male,84,senior,NG,2026-05-07T09:42:42.701705Z
019e01d1-6d0f-0000-0000-dd78ab946a47,efosa williams 8325,male,80,senior,DE,2026-05-07T09:42:42.703158Z
019e01d1-6d10-0000-0000-2f5593878fa5,onome vincent 8326,male,62,senior,IN,2026-05-07T09:42:42.704602Z
019e01d1-6d14-0000-0000-a8fdbed84160,james okonkwo 8328,male,83,senior,ZA,2026-05-07T09:42:42.708353Z
019e01d1-6d17-0000-0000-0f4841d66157,onome johnson 8330,male,78,senior,KE,2026-05-07T09:42:42.711072Z
019e01d1-6d1a-0000-0000-f49084dd0d60,xola traore 8333,male,69,senior,CI,2026-05-07T09:42:42.714988Z
019e01d1-6d1c-0000-0000-58d390e4507b,yvonne musa 8334,male,38,adult,ET,2026-05-07T09:42:42.716353Z
019e01d1-6d1d-0000-0000-0f0294512e23,ikenna yusuf 8335,male,40,adult,SN,2026-05-07T09:42:42.717664Z
019e01d1-6d22-0000-0000-00c265562339,remi yusuf 8338,male,55,adult,BR,2026-05-07T09:42:42.722039Z
019e01d1-6d24-0000-0000-ac65dc8d9cae,patience lawal 8340,male,6,child,DE,2026-05-07T09:42:42.724988Z
019e01d1-6d2b-0000-0000-44ca00b11809,pita yakubu 8345,male,10,child,ET,2026-05-07T09:42:42.731978Z
019e01d1-6d2e-0000-0000-15e08e02bf65,godwin williams 8347,male,42,adult,ZA,2026-05-07T09:42:42.734750Z
019e01d1-6d39-0000-0000-e60b67ac2382,henry johnson 8354,male,51,adult,CN,2026-05-07T09:42:42.745162Z
019e01d1-6d3c-0000-0000-c6f6306e1d3c,nkem kamara 8356,male,85,senior,JP,2026-05-07T09:42:42.748146Z
019e01d1-6d3d-0000-0000-0cbb11732122,jumoke kamara 8357,male,54,adult,ZA,2026-05-07T09:42:42.749487Z
019e01d1-6d40-0000-0000-2360dba32584,dayo kamara 8359,male,60,senior,US,2026-05-07T09:42:42.752213Z
019e01d1-6d41-0000-0000-c2318f7598f8,chiamaka musa 8360,male,67,senior,TZ,2026-05-07T09:42:42.753506Z
019e01d1-6d42-0000-0000-e5dd60e4bd8c,babatunde raji 8361,male,23,adult,CN,2026-05-07T09:42:42.754838Z
019e01d1-6d44-0000-0000-b3f60036d1ec,qudus adesanya 8362,male,62,senior,CA,2026-05-07T09:42:42.756140Z
019e01d1-6d45-0000-0000-522db12dd9ca,zara mba 8363,male,79,senior,CA,2026-05-07T09:42:42.757551Z
019e01d1-6d46-0000-0000-d50db20d52c7,tunde williams 8364,male,37,adult,CI,2026-05-07T09:42:42.758984Z
019e01d1-6d49-0000-0000-42ad98069316,amara lawal 8366,male,85,senior,JP,2026-05-07T09:42:42.761692Z
019e01d1-6d4a-0000-0000-f542e40108c9,remi quadri 8367,male,14,teenager,ZA,2026-05-07T09:42:42.762976Z
019e01d1-6d50-0000-0000-4730fa7b70bf,xerxes peters 8371,male,51,adult,EG,2026-05-07T09:42:42.768827Z
019e01d1-6d56-0000-0000-61d8c610abb8,folake traore 8375,male,47,adult,UG,2026-05-07T09:42:42.774753Z
019e01d1-6d58-0000-0000-615808421b9c,vivian fashola 8376,male,19,teenager,GB,2026-05-07T09:42:42.776064Z
019e01d1-6d5a-0000-0000-a5c301747f38,chidi raji 8378,male,39,adult,EG,2026-05-07T09:42:42.778776Z
019e01d1-6d5c-0000-0000-c8a98fb5ce36,remi quadri 8379,male,69,senior,SN,2026-05-07T09:42:42.780139Z
019e01d1-6d61-0000-0000-2ee3e526f011,bolu quadri 8383,male,52,adult,CA,2026-05-07T09:42:42.785761Z
019e01d1-6d6a-0000-0000-c293374798be,yemi ganiyu 8389,male,57,adult,CA,2026-05-07T09:42:42.794050Z
019e01d1-6d6b-0000-0000-31d28c95280e,chiamaka idowu 8390,male,81,senior,UG,2026-05-07T09:42:42.795500Z
019e01d1-6d6c-0000-0000-2aed6801feaa,james okonkwo 8391,male,10,child,KE,2026-05-07T09:42:42.796921Z
019e01d1-6d71-0000-0000-d54c57abc6bc,blessing raji 8394,male,63,senior,ZA,2026-05-07T09:42:42.801133Z
019e01d1-6d73-0000-0000-4565439ce37f,felix fashola 8396,male,53,adult,EG,2026-05-07T09:42:42.803691Z
019e01d1-6d75-0000-0000-b9dd916bbcb9,yemi lawal 8397,male,85,senior,IN,2026-05-07T09:42:42.805131Z
019e01d1-6d76-0000-0000-a15a3d0f36a4,lydia bakare 8398,male,19,teenager,FR,2026-05-07T09:42:42.806674Z
019e01d1-6d79-0000-0000-f26cce1c3521,cynthia quadri 8400,male,61,senior,AU,2026-05-07T09:42:42.809563Z
019e01d1-6d7b-0000-0000-112ccc6c06e8,obiora traore 8401,male,38,adult,FR,2026-05-07T09:42:42.811208Z
019e01d1-6d7c-0000-0000-d1cb47a9f86f,susan traore 8402,male,22,adult,EG,2026-05-07T09:42:42.812578Z
019e01d1-6d82-0000-0000-5b7cb56dffb9,usman okonkwo 8406,male,33,adult,DE,2026-05-07T09:42:42.818204Z
019e01d1-6d83-0000-0000-ef9ca7a00331,ximena ibrahim 8407,male,14,teenager,ET,2026-05-07T09:42:42.819609Z
019e01d1-6d88-0000-0000-39c75516b6b4,musa vincent 8410,male,43,adult,UG,2026-05-07T09:42:42.824398Z
019e01d1-6d89-0000-0000-c279906801c8,lydia mensah 8411,male,21,adult,BR,2026-05-07T09:42:42.825818Z
019e01d1-6d8b-0000-0000-92fae33b4784,nora yusuf 8412,male,3,child,GB,2026-05-07T09:42:42.827628Z
019e01d1-6d8d-0000-0000-72a8b8c0d475,lawal adesanya 8413,male,58,adult,IN,2026-05-07T09:42:42.829601Z
019e01d1-6d90-0000-0000-057cdd882f89,musa dada 8415,male,52,adult,CI,2026-05-07T09:42:42.832958Z
019e01d1-6d96-0000-0000-8e8ea1b43ae5,babatunde taiwo 8418,male,83,senior,UG,2026-05-07T09:42:42.838269Z
019e01d1-6d97-0000-0000-528e3f92fa7f,wunmi taiwo 8419,male,37,adult,IN,2026-05-07T09:42:42.839760Z
019e01d1-6d9a-0000-0000-c3623c51337f,yusuf osei 8421,male,13,teenager,AU,2026-05-07T09:42:42.842907Z
019e01d1-6d9c-0000-0000-82e83edd3d8b,blessing diallo 8422,male,42,adult,CI,2026-05-07T09:42:42.844355Z
019e01d1-6da0-0000-0000-bc0b2976c4de,esther adekunle 8425,male,23,adult,IN,2026-05-07T09:42:42.848935Z
019e01d1-6da2-0000-0000-415e7908f0d1,jide adesanya 8426,male,53,adult,BR,2026-05-07T09:42:42.850319Z
019e01d1-6da7-0000-0000-22e879ed4cf6,lola okonkwo 8429,male,62,senior,SN,2026-05-07T09:42:42.855489Z
019e01d1-6da9-0000-0000-5cc66a56696e,james traore 8430,male,28,adult,CA,2026-05-07T09:42:42.857085Z
019e01d1-6dae-0000-0000-9df383481ddb,folake ganiyu 8434,male,55,adult,NG,2026-05-07T09:42:42.862861Z
019e01d1-6db0-0000-0000-862d19e6afad,david yakubu 8435,male,33,adult,FR,2026-05-07T09:42:42.864722Z
019e01d1-6db2-0000-0000-6debdf5733e9,babatunde salami 8436,male,69,senior,CA,2026-05-07T09:42:42.866170Z
019e01d1-6db3-0000-0000-518aa779b032,irene fashola 8437,male,81,senior,GB,2026-05-07T09:42:42.868024Z
019e01d1-6db5-0000-0000-439a094db47d,funmi lawal 8438,male,20,adult,DE,2026-05-07T09:42:42.869788Z
019e01d1-6db7-0000-0000-b9d733b9e0c4,timothy yusuf 8439,male,67,senior,ZA,2026-05-07T09:42:42.871212Z
019e01d1-6db8-0000-0000-9ec5fd32c48b,lola johnson 8440,male,44,adult,CA,2026-05-07T09:42:42.872677Z
019e01d1-6db9-0000-0000-6802cc4e45cc,folake okonkwo 8441,male,34,adult,US,2026-05-07T09:42:42.873984Z
019e01d1-6dbb-0000-0000-074c127bc23a,ikenna raji 8442,male,9,child,KE,2026-05-07T09:42:42.875347Z
019e01d1-6dbc-0000-0000-43a1da61a1f9,qudus lawal 8443,male,18,teenager,FR,2026-05-07T09:42:42.876612Z
019e01d1-6dc2-0000-0000-adf0f71e9eee,esther mensah 8447,male,8,child,UG,2026-05-07T09:42:42.882257Z
019e01d1-6dc7-0000-0000-f260ff4054ce,ximena kamara 8451,male,32,adult,CN,2026-05-07T09:42:42.887831Z
019e01d1-6dc9-0000-0000-26223dadd909,queen osei 8452,male,29,adult,CA,2026-05-07T09:42:42.889573Z
019e01d1-6dcb-0000-0000-51fad9941c86,ahmed raji 8453,male,35,adult,CN,2026-05-07T09:42:42.891121Z
019e01d1-6dcc-0000-0000-b0a2c259aee4,irene usman 8454,male,68,senior,TZ,2026-05-07T09:42:42.892697Z
019e01d1-6dce-0000-0000-262ae63e0bee,helen kamara 8455,male,77,senior,CA,2026-05-07T09:42:42.894271Z
019e01d1-6dcf-0000-0000-81a5db0a1958,remi hassan 8456,male,2,child,DE,2026-05-07T09:42:42.895585Z
019e01d1-6dd2-0000-0000-edd98dd096fd,kunle peters 8458,male,78,senior,JP,2026-05-07T09:42:42.898600Z
019e01d1-6dd7-0000-0000-7fc91f3521d6,yusuf mba 8461,male,36,adult,US,2026-05-07T09:42:42.903337Z
019e01d1-6dd9-0000-0000-4c44602f7f88,gbenga dada 8462,male,31,adult,IN,2026-05-07T09:42:42.905120Z
019e01d1-6ddc-0000-0000-5021095f24a3,emeka ogundele 8464,male,6,child,KE,2026-05-07T09:42:42.908531Z
019e01d1-6ddd-0000-0000-77fe523171a4,precious nwosu 8465,male,69,senior,EG,2026-05-07T09:42:42.909864Z
019e01d1-6ddf-0000-0000-c224d50be539,ikenna johnson 8466,male,58,adult,GH,2026-05-07T09:42:42.911246Z
019e01d1-6de2-0000-0000-91136098936a,lola ibrahim 8468,male,85,senior,IN,2026-05-07T09:42:42.914071Z
019e01d1-6de5-0000-0000-d46719257de1,gbenga okonkwo 8470,male,84,senior,DE,2026-05-07T09:42:42.917047Z
019e01d1-6de6-0000-0000-28340956be5d,bolu adekunle 8471,male,21,adult,JP,2026-05-07T09:42:42.918415Z
019e01d1-6dea-0000-0000-fe664ce062c0,zara usman 8474,male,68,senior,CI,2026-05-07T09:42:42.922467Z
019e01d1-6dec-0000-0000-7d602a061966,nora salami 8475,male,16,teenager,EG,2026-05-07T09:42:42.924090Z
019e01d1-6ded-0000-0000-86f5ec968de9,ahmed williams 8476,male,56,adult,BR,2026-05-07T09:42:42.925924Z
019e01d1-6df1-0000-0000-8ab0e2767a9f,adaeze nwosu 8478,male,24,adult,KE,2026-05-07T09:42:42.929040Z
019e01d1-6df5-0000-0000-3f810f2cb6b8,babatunde fashola 8481,male,60,senior,CN,2026-05-07T09:42:42.933699Z
019e01d1-6df7-0000-0000-5aec67bb59ac,yemi raji 8482,male,28,adult,AU,2026-05-07T09:42:42.935193Z
019e01d1-6dfd-0000-0000-599872fdf374,mercy vincent 8486,male,69,senior,ET,2026-05-07T09:42:42.941029Z
019e01d1-6e02-0000-0000-5ca7706ad2e2,cynthia kamara 8490,male,1,child,ZA,2026-05-07T09:42:42.946368Z
019e01d1-6e06-0000-0000-3152f2ef36d3,susan osei 8493,male,36,adult,FR,2026-05-07T09:42:42.950726Z
019e01d1-6e09-0000-0000-6de2fc09a139,william quadri 8495,male,3,child,ZA,2026-05-07T09:42:42.953429Z
019e01d1-6e0a-0000-0000-2a9809098b8d,udoka dada 8496,male,8,child,DE,2026-05-07T09:42:42.954852Z
019e01d1-6e0c-0000-0000-31f3569ec07c,ifeoma yusuf 8497,male,16,teenager,AU,2026-05-07T09:42:42.956361Z
019e01d1-6e0d-0000-0000-1dc912ed5a7a,obiora raji 8498,male,45,adult,ZA,2026-05-07T09:42:42.957967Z
019e01d1-6e0f-0000-0000-356c3447988c,folake kamara 8499,male,17,teenager,US,2026-05-07T09:42:42.959543Z
019e01d1-6e11-0000-0000-e5dbdb2bca7d,gbenga chukwu 8500,male,66,senior,EG,2026-05-07T09:42:42.961123Z
019e01d1-6e12-0000-0000-73d5062af47c,yemi yakubu 8501,male,16,teenager,KE,2026-05-07T09:42:42.962607Z
019e01d1-6e14-0000-0000-2defc816834f,precious williams 8502,male,81,senior,US,2026-05-07T09:42:42.964078Z
019e01d1-6e17-0000-0000-5279d623b60d,timothy yusuf 8504,male,7,child,CN,2026-05-07T09:42:42.967111Z
019e01d1-6e18-0000-0000-7753fc72f4b5,onome hassan 8505,male,23,adult,CA,2026-05-07T09:42:42.968687Z
019e01d1-6e1a-0000-0000-7e585109f28f,emeka mensah 8506,male,50,adult,IN,2026-05-07T09:42:42.970196Z
019e01d1-6e1b-0000-0000-637424b406f5,dayo kamara 8507,male,64,senior,CI,2026-05-07T09:42:42.971571Z
019e01d1-6e1e-0000-0000-9bc62820e6ed,kunle okonkwo 8509,male,40,adult,ET,2026-05-07T09:42:42.974421Z
019e01d1-6e1f-0000-0000-63c95056a960,cynthia adesanya 8510,male,61,senior,CI,2026-05-07T09:42:42.975769Z
019e01d1-6e21-0000-0000-3596a4c6ff56,kemi johnson 8511,male,5,child,AU,2026-05-07T09:42:42.977282Z
019e01d1-6e24-0000-0000-447f97168d4d,tunde bakare 8513,male,54,adult,JP,2026-05-07T09:42:42.980931Z
019e01d1-6e26-0000-0000-4e18ff79e657,victor raji 8514,male,64,senior,ET,2026-05-07T09:42:42.982322Z
019e01d1-6e27-0000-0000-469ba9ac5fee,precious usman 8515,male,27,adult,KE,2026-05-07T09:42:42.983821Z
019e01d1-6e2b-0000-0000-d483a33c33b0,susan mensah 8517,male,51,adult,DE,2026-05-07T09:42:42.987048Z
019e01d1-6e2c-0000-0000-2745c01f420a,nora osei 8518,male,75,senior,FR,2026-05-07T09:42:42.988757Z
019e01d1-6e2f-0000-0000-18b3bf3be675,seun adesanya 8520,male,77,senior,JP,2026-05-07T09:42:42.991872Z
019e01d1-6e31-0000-0000-e2654aec48f3,musa adesanya 8521,male,64,senior,AU,2026-05-07T09:42:42.993279Z
019e01d1-6e36-0000-0000-766b4840ff87,remi adekunle 8525,male,49,adult,CA,2026-05-07T09:42:42.998932Z
019e01d1-6e38-0000-0000-c54ae20a635c,adaeze taiwo 8526,male,4,child,CA,2026-05-07T09:42:43.000349Z
019e01d1-6e3b-0000-0000-ce768695f1b2,qudus ibrahim 8528,male,13,teenager,NG,2026-05-07T09:42:43.003081Z
019e01d1-6e3f-0000-0000-f6d9d129ae08,blessing bakare 8531,male,6,child,GH,2026-05-07T09:42:43.007585Z
019e01d1-6e43-0000-0000-849f32962428,udoka hassan 8534,male,82,senior,FR,2026-05-07T09:42:43.011876Z
019e01d1-6e50-0000-0000-5e9461557820,nora mensah 8542,male,2,child,DE,2026-05-07T09:42:43.024027Z
019e01d1-6e52-0000-0000-cf132e70ec46,ikenna ibrahim 8544,male,71,senior,BR,2026-05-07T09:42:43.026905Z
019e01d1-6e54-0000-0000-742b99f22c78,nkem ibrahim 8545,male,72,senior,BR,2026-05-07T09:42:43.028199Z
019e01d1-6e58-0000-0000-da360628e51f,jide idowu 8548,male,31,adult,ET,2026-05-07T09:42:43.032647Z
019e01d1-6e59-0000-0000-994983fba837,voke johnson 8549,male,68,senior,CN,2026-05-07T09:42:43.034017Z
019e01d1-6e61-0000-0000-2fc6fe7955b7,voke taiwo 8550,male,8,child,DE,2026-05-07T09:42:43.041264Z
019e01d1-6e65-0000-0000-62e9a060a96d,udoka okonkwo 8552,male,37,adult,BR,2026-05-07T09:42:43.045048Z
019e01d1-6e6b-0000-0000-3b818ae69542,victor raji 8555,male,16,teenager,CI,2026-05-07T09:42:43.051090Z
019e01d1-6e6e-0000-0000-28de7d5bd8ee,uche salami 8557,male,19,teenager,AU,2026-05-07T09:42:43.054371Z
019e01d1-6e6f-0000-0000-7d558199ef39,obiora chukwu 8558,male,20,adult,EG,2026-05-07T09:42:43.055846Z
019e01d1-6e72-0000-0000-4e2773f993f5,dayo taiwo 8560,male,82,senior,ZA,2026-05-07T09:42:43.058513Z
019e01d1-6e75-0000-0000-8792cd32a4fe,henry ogundele 8562,male,10,child,ZA,2026-05-07T09:42:43.061224Z
019e01d1-6e76-0000-0000-2a93aa4e6e3d,chidi diallo 8563,male,29,adult,CN,2026-05-07T09:42:43.062734Z
019e01d1-6e78-0000-0000-2f2dfc1be8ea,henry osei 8564,male,3,child,BR,2026-05-07T09:42:43.064151Z
019e01d1-6e79-0000-0000-3cb2f39cbae1,ahmed mba 8565,male,50,adult,IN,2026-05-07T09:42:43.065722Z
019e01d1-6e7b-0000-0000-38cd0fac47c9,ahmed yakubu 8566,male,73,senior,SN,2026-05-07T09:42:43.067587Z
019e01d1-6e7d-0000-0000-adeb74afbea7,william adekunle 8567,male,28,adult,BR,2026-05-07T09:42:43.069030Z
019e01d1-6e7f-0000-0000-bb9af8074e75,victor nwosu 8569,male,71,senior,GB,2026-05-07T09:42:43.071966Z
019e01d1-6e81-0000-0000-aecaffb0c38b,felix vincent 8570,male,49,adult,JP,2026-05-07T09:42:43.073249Z
019e01d1-6e83-0000-0000-06ac8bb55983,timothy nwosu 8572,male,21,adult,IN,2026-05-07T09:42:43.075834Z
019e01d1-6e88-0000-0000-354308b5e9ca,onome idowu 8575,male,53,adult,IN,2026-05-07T09:42:43.080027Z
019e01d1-6e89-0000-0000-cb018ef143c9,rasheed ganiyu 8576,male,26,adult,SN,2026-05-07T09:42:43.081421Z
019e01d1-6e8f-0000-0000-faba180cef54,henry raji 8580,male,62,senior,BR,2026-05-07T09:42:43.087165Z
019e01d1-6e90-0000-0000-fcc2b0ca836b,kehinde yakubu 8581,male,45,adult,CA,2026-05-07T09:42:43.088613Z
019e01d1-6e94-0000-0000-172910cfc697,yemi williams 8584,male,34,adult,TZ,2026-05-07T09:42:43.092972Z
019e01d1-6e96-0000-0000-b4805fe12e1d,kemi okonkwo 8585,male,37,adult,ZA,2026-05-07T09:42:43.094424Z
019e01d1-6e99-0000-0000-cc0e4caf3311,rasheed usman 8587,male,8,child,CI,2026-05-07T09:42:43.097324Z
019e01d1-6e9a-0000-0000-0f0452802d07,yvonne williams 8588,male,15,teenager,GH,2026-05-07T09:42:43.098655Z
019e01d1-6e9b-0000-0000-2d5fbd99f8ca,rasheed idowu 8589,male,46,adult,US,2026-05-07T09:42:43.099989Z
019e01d1-6e9e-0000-0000-36379f89411c,uche nwosu 8591,male,23,adult,KE,2026-05-07T09:42:43.102744Z
019e01d1-6ea2-0000-0000-668c0a121a41,gbenga nwosu 8593,male,84,senior,NG,2026-05-07T09:42:43.106758Z
019e01d1-6ea8-0000-0000-4f849e6e895e,felix ganiyu 8597,male,15,teenager,EG,2026-05-07T09:42:43.112671Z
019e01d1-6eae-0000-0000-38b6b78223ff,yemi kamara 8600,male,61,senior,AU,2026-05-07T09:42:43.118131Z
019e01d1-6eb1-0000-0000-d8d84abd365a,dimma nwosu 8602,male,44,adult,UG,2026-05-07T09:42:43.121483Z
019e01d1-6eb6-0000-0000-8160b9866170,henry adesanya 8605,male,55,adult,TZ,2026-05-07T09:42:43.126206Z
019e01d1-6eb7-0000-0000-dcb9c9b90a26,precious williams 8606,male,27,adult,SN,2026-05-07T09:42:43.127743Z
019e01d1-6eb9-0000-0000-48244c6f75b0,onome adesanya 8607,male,26,adult,CI,2026-05-07T09:42:43.129100Z
019e01d1-6eba-0000-0000-bbf6eec083a8,grace mensah 8608,male,21,adult,CN,2026-05-07T09:42:43.130721Z
019e01d1-6ebc-0000-0000-aeb010199e94,folake ogundele 8609,male,4,child,AU,2026-05-07T09:42:43.132126Z
019e01d1-6ebf-0000-0000-da0f1788b3b5,james okonkwo 8611,male,79,senior,DE,2026-05-07T09:42:43.135069Z
019e01d1-6ec5-0000-0000-eec9cc9299c7,ifeoma adesanya 8616,male,50,adult,NG,2026-05-07T09:42:43.142008Z
019e01d1-6eca-0000-0000-1277e02b3d74,jide johnson 8619,male,51,adult,EG,2026-05-07T09:42:43.147020Z
019e01d1-6ecd-0000-0000-1e2a8dbc75c0,lola salami 8621,male,2,child,ET,2026-05-07T09:42:43.149753Z
019e01d1-6ecf-0000-0000-8e98a46e9b73,timothy quadri 8622,male,7,child,ZA,2026-05-07T09:42:43.151506Z
019e01d1-6ed9-0000-0000-aa45abdc696e,bolu adekunle 8629,male,6,child,US,2026-05-07T09:42:43.161388Z
019e01d1-6edc-0000-0000-292989b1dacc,richard hassan 8631,male,62,senior,KE,2026-05-07T09:42:43.164224Z
019e01d1-6ee0-0000-0000-53c153f7694f,chidi dada 8634,male,32,adult,US,2026-05-07T09:42:43.168345Z
019e01d1-6ee1-0000-0000-8970b01d859a,dayo mensah 8635,male,71,senior,BR,2026-05-07T09:42:43.169838Z
019e01d1-6ee6-0000-0000-2f783e48ede0,lawal taiwo 8638,male,42,adult,ET,2026-05-07T09:42:43.174352Z
019e01d1-6eea-0000-0000-1e80c9ba198a,lola osei 8641,male,37,adult,CA,2026-05-07T09:42:43.178618Z
019e01d1-6eec-0000-0000-fd39cc2815ee,emeka mensah 8642,male,52,adult,BR,2026-05-07T09:42:43.180036Z
019e01d1-6eee-0000-0000-edb7fbbf2060,wunmi peters 8644,male,6,child,GH,2026-05-07T09:42:43.182952Z
019e01d1-6ef1-0000-0000-734e87ae72ad,adaeze ogundele 8646,male,82,senior,CA,2026-05-07T09:42:43.185973Z
019e01d1-6ef3-0000-0000-e451066e024b,uche mba 8647,male,64,senior,CA,2026-05-07T09:42:43.187763Z
019e01d1-6ef5-0000-0000-eb206e6aa7b5,gbenga williams 8648,male,78,senior,UG,2026-05-07T09:42:43.189254Z
019e01d1-6ef6-0000-0000-fc7a567e9f41,gbenga chukwu 8649,male,42,adult,SN,2026-05-07T09:42:43.191021Z
019e01d1-6ef8-0000-0000-5904916005ed,uche williams 8650,male,43,adult,ZA,2026-05-07T09:42:43.192384Z
019e01d1-6ef9-0000-0000-a442ab5dcfd2,xola adesanya 8651,male,50,adult,US,2026-05-07T09:42:43.193702Z
019e01d1-6efc-0000-0000-58a0096bfcf3,esther osei 8653,male,27,adult,CN,2026-05-07T09:42:43.196420Z
019e01d1-6efd-0000-0000-cd332d1149ae,obiora eze 8654,male,73,senior,BR,2026-05-07T09:42:43.197894Z
019e01d1-6eff-0000-0000-089c96ec2c65,rasheed quadri 8655,male,29,adult,FR,2026-05-07T09:42:43.199243Z
019e01d1-6f03-0000-0000-4aacb5fde293,william salami 8658,male,16,teenager,ET,2026-05-07T09:42:43.203887Z
019e01d1-6f05-0000-0000-7f2c52e94fe9,xerxes musa 8659,male,14,teenager,BR,2026-05-07T09:42:43.205591Z
019e01d1-6f07-0000-0000-3821da6d9072,chidi okonkwo 8660,male,59,adult,FR,2026-05-07T09:42:43.207606Z
019e01d1-6f09-0000-0000-c632a62e4b3d,emeka adesanya 8661,male,74,senior,DE,2026-05-07T09:42:43.209081Z
019e01d1-6f0a-0000-0000-3c03d8bc02db,adaeze johnson 8662,male,61,senior,EG,2026-05-07T09:42:43.210516Z
019e01d1-6f0e-0000-0000-3ba38e58cbbc,funmi bakare 8665,male,52,adult,CA,2026-05-07T09:42:43.214821Z
019e01d1-6f10-0000-0000-e90e4a21ad4a,yusuf yusuf 8666,male,20,adult,KE,2026-05-07T09:42:43.216430Z
019e01d1-6f11-0000-0000-6cf576d2ea11,toyin lawal 8667,male,5,child,SN,2026-05-07T09:42:43.217836Z
019e01d1-6f1b-0000-0000-f792a0551288,yusuf okonkwo 8673,male,65,senior,IN,2026-05-07T09:42:43.227514Z
019e01d1-6f1e-0000-0000-a7f630d8108a,richard lawal 8675,male,51,adult,BR,2026-05-07T09:42:43.230456Z
019e01d1-6f21-0000-0000-cfb5ff68b421,chidi vincent 8677,male,65,senior,KE,2026-05-07T09:42:43.233336Z
019e01d1-6f22-0000-0000-38361c3ca655,mercy johnson 8678,male,34,adult,GB,2026-05-07T09:42:43.234801Z
019e01d1-6f24-0000-0000-400b591e9dab,ahmed fashola 8679,male,6,child,SN,2026-05-07T09:42:43.236160Z
019e01d1-6f25-0000-0000-8d1f5386c49b,queen traore 8680,male,7,child,EG,2026-05-07T09:42:43.237546Z
019e01d1-6f28-0000-0000-7590a5186fdf,lola usman 8682,male,41,adult,GH,2026-05-07T09:42:43.240420Z
019e01d1-6f2b-0000-0000-66ecdefebb42,felix raji 8684,male,48,adult,GB,2026-05-07T09:42:43.243101Z
019e01d1-6f2c-0000-0000-696939fbbc8b,ngozi ibrahim 8685,male,56,adult,GH,2026-05-07T09:42:43.244501Z
019e01d1-6f2e-0000-0000-4c0e8c58c36a,gbenga kalu 8686,male,24,adult,AU,2026-05-07T09:42:43.246468Z
019e01d1-6f31-0000-0000-30b8310d3192,voke ganiyu 8688,male,9,child,ET,2026-05-07T09:42:43.249284Z
019e01d1-6f32-0000-0000-ad8d5e858a50,vivian traore 8689,male,38,adult,FR,2026-05-07T09:42:43.250885Z
019e01d1-6f3c-0000-0000-2f200244aa6e,rasheed yakubu 8693,male,23,adult,ET,2026-05-07T09:42:43.260285Z
019e01d1-6f41-0000-0000-959d2733ebac,ikenna okonkwo 8695,male,78,senior,KE,2026-05-07T09:42:43.265632Z
019e01d1-6f45-0000-0000-5355f8cb0136,queen lawal 8697,male,7,child,FR,2026-05-07T09:42:43.269995Z
019e01d1-6f47-0000-0000-d564900561e2,helen raji 8698,male,85,senior,UG,2026-05-07T09:42:43.271464Z
019e01d1-6f48-0000-0000-5043339887aa,grace traore 8699,male,40,adult,GB,2026-05-07T09:42:43.272879Z
019e01d1-6f4b-0000-0000-2cbbed077c48,musa hassan 8701,male,4,child,NG,2026-05-07T09:42:43.275840Z
019e01d1-6f4f-0000-0000-b52972c93dff,yvonne vincent 8703,male,53,adult,JP,2026-05-07T09:42:43.279170Z
019e01d1-6f50-0000-0000-69ae006d422f,amara ibrahim 8704,male,18,teenager,DE,2026-05-07T09:42:43.280639Z
019e01d1-6f51-0000-0000-d25eee7e1a76,james osei 8705,male,22,adult,UG,2026-05-07T09:42:43.281959Z
019e01d1-6f5c-0000-0000-03b673d19aca,xola vincent 8712,male,51,adult,US,2026-05-07T09:42:43.292303Z
019e01d1-6f64-0000-0000-f201dcfa8abc,victor kalu 8718,male,17,teenager,BR,2026-05-07T09:42:43.300951Z
019e01d1-6f78-0000-0000-0a9fb19b3855,mercy mensah 8722,male,44,adult,CN,2026-05-07T09:42:43.320522Z
019e01d1-6f7b-0000-0000-324bec6ce3c8,onome xavier 8724,male,69,senior,BR,2026-05-07T09:42:43.323750Z
019e01d1-6f7d-0000-0000-83b2262ae917,udoka hassan 8725,male,2,child,KE,2026-05-07T09:42:43.325150Z
019e01d1-6f7f-0000-0000-2e4b5aa80129,mercy quadri 8726,male,33,adult,EG,2026-05-07T09:42:43.327142Z
019e01d1-6f84-0000-0000-0ef415941d6b,yusuf mensah 8730,male,24,adult,ZA,2026-05-07T09:42:43.332781Z
019e01d1-6f86-0000-0000-e4736e92e673,lydia lawal 8731,male,54,adult,DE,2026-05-07T09:42:43.334116Z
019e01d1-6f87-0000-0000-ed80b71d215c,pita salami 8732,male,50,adult,IN,2026-05-07T09:42:43.335553Z
019e01d1-6f8e-0000-0000-2d25b6b9cf47,ahmed salami 8737,male,42,adult,ET,2026-05-07T09:42:43.342907Z
019e01d1-6f95-0000-0000-421582ab6944,zara adekunle 8741,male,11,child,CI,2026-05-07T09:42:43.349346Z
019e01d1-6f96-0000-0000-b48d44e15432,xerxes vincent 8742,male,76,senior,UG,2026-05-07T09:42:43.351012Z
019e01d1-6f99-0000-0000-1d91152f267e,nora johnson 8744,male,29,adult,UG,2026-05-07T09:42:43.353774Z
019e01d1-6f9b-0000-0000-6f0e41898364,babatunde mensah 8745,male,52,adult,CA,2026-05-07T09:42:43.355138Z
019e01d1-6f9d-0000-0000-cf85fd5e7041,rasheed eze 8747,male,15,teenager,BR,2026-05-07T09:42:43.357835Z
019e01d1-6f9f-0000-0000-54bd0d5e50fd,richard johnson 8748,male,44,adult,ET,2026-05-07T09:42:43.359195Z
019e01d1-6fa0-0000-0000-1a4b9be63f85,jide kamara 8749,male,64,senior,ET,2026-05-07T09:42:43.360551Z
019e01d1-6fa3-0000-0000-b8609a14f07a,xerxes okonkwo 8751,male,75,senior,EG,2026-05-07T09:42:43.363413Z
019e01d1-6fa4-0000-0000-fb475240b3c7,wunmi eze 8752,male,81,senior,CA,2026-05-07T09:42:43.364797Z
019e01d1-6fa6-0000-0000-f2f730c5a946,amara yakubu 8753,male,39,adult,US,2026-05-07T09:42:43.366410Z
019e01d1-6faf-0000-0000-02c6a7b63752,onome eze 8760,male,31,adult,SN,2026-05-07T09:42:43.375882Z
019e01d1-6fb1-0000-0000-f2f2a51843a8,wale raji 8761,male,53,adult,CA,2026-05-07T09:42:43.377224Z
019e01d1-6fb2-0000-0000-a6f328d93c95,henry lawal 8762,male,74,senior,ZA,2026-05-07T09:42:43.378590Z
019e01d1-6fb3-0000-0000-4c1a291a80e4,dimma usman 8763,male,83,senior,CI,2026-05-07T09:42:43.379985Z
019e01d1-6fb8-0000-0000-020e1a3452e6,timothy adekunle 8766,male,6,child,JP,2026-05-07T09:42:43.384664Z
019e01d1-6fbb-0000-0000-f037dbe90ac1,musa peters 8768,male,10,child,TZ,2026-05-07T09:42:43.387439Z
019e01d1-6fbe-0000-0000-7f0cc2afed23,usman vincent 8770,male,9,child,TZ,2026-05-07T09:42:43.390772Z
019e01d1-6fc2-0000-0000-3acaed5216da,vivian ogundele 8772,male,74,senior,CI,2026-05-07T09:42:43.394055Z
019e01d1-6fc3-0000-0000-c7a1f74614a5,onome ganiyu 8773,male,18,teenager,IN,2026-05-07T09:42:43.395682Z
019e01d1-6fcc-0000-0000-f80569da0f87,susan dada 8779,male,79,senior,ZA,2026-05-07T09:42:43.404493Z
019e01d1-6fcf-0000-0000-862a074694bc,hauwa lawal 8781,male,51,adult,NG,2026-05-07T09:42:43.407751Z
019e01d1-6fd3-0000-0000-713dbc035d93,ximena williams 8784,male,66,senior,CI,2026-05-07T09:42:43.412013Z
019e01d1-6fd9-0000-0000-35c50e8ecf0e,uche okonkwo 8788,male,73,senior,ET,2026-05-07T09:42:43.418019Z
019e01d1-6fdc-0000-0000-42616f73c66d,gbenga okonkwo 8790,male,35,adult,ZA,2026-05-07T09:42:43.420722Z
019e01d1-6fde-0000-0000-c84dc3ce659c,kehinde fashola 8791,male,32,adult,IN,2026-05-07T09:42:43.422173Z
019e01d1-6fdf-0000-0000-1626f5f95c24,dayo williams 8792,male,9,child,GH,2026-05-07T09:42:43.423463Z
019e01d1-6fe0-0000-0000-83f23ce525cf,obiora taiwo 8793,male,56,adult,DE,2026-05-07T09:42:43.424880Z
019e01d1-6fe5-0000-0000-a98e60e62a23,victor ibrahim 8796,male,18,teenager,US,2026-05-07T09:42:43.429315Z
019e01d1-6fec-0000-0000-6c76b8bb5ec9,patience lawal 8801,male,83,senior,ZA,2026-05-07T09:42:43.436678Z
019e01d1-6fee-0000-0000-54f8d6fff8ef,timothy williams 8802,male,79,senior,KE,2026-05-07T09:42:43.438360Z
019e01d1-6fef-0000-0000-9857c428bf3c,william adesanya 8803,male,47,adult,FR,2026-05-07T09:42:43.439904Z
019e01d1-6ff1-0000-0000-8618ce691691,yvonne nwosu 8804,male,43,adult,KE,2026-05-07T09:42:43.441302Z
019e01d1-6ff2-0000-0000-33970f53d004,folake yakubu 8805,male,48,adult,AU,2026-05-07T09:42:43.442772Z
019e01d1-6ff9-0000-0000-ebff0e83f343,zara okonkwo 8809,male,31,adult,DE,2026-05-07T09:42:43.449079Z
019e01d1-6ffa-0000-0000-77b6d23fe746,timothy xavier 8810,male,53,adult,US,2026-05-07T09:42:43.450783Z
019e01d1-6ffc-0000-0000-ad1c1a103a2f,yusuf johnson 8811,male,33,adult,ZA,2026-05-07T09:42:43.452111Z
019e01d1-6ffd-0000-0000-4ae729afcd49,zara mba 8812,male,32,adult,JP,2026-05-07T09:42:43.453739Z
019e01d1-6fff-0000-0000-c886eacd822c,toyin musa 8813,male,71,senior,ZA,2026-05-07T09:42:43.455235Z
019e01d1-7001-0000-0000-1cb7b61c9ce2,jumoke mensah 8814,male,32,adult,DE,2026-05-07T09:42:43.457094Z
019e01d1-7009-0000-0000-0b3811d41f3d,kunle ganiyu 8819,male,64,senior,DE,2026-05-07T09:42:43.465297Z
019e01d1-700a-0000-0000-e0ee7e17f7ba,lola quadri 8820,male,78,senior,JP,2026-05-07T09:42:43.466822Z
019e01d1-7012-0000-0000-325a6aff0db9,irene nwosu 8825,male,28,adult,US,2026-05-07T09:42:43.474280Z
019e01d1-7017-0000-0000-a7819fcf4a46,yusuf musa 8828,male,74,senior,JP,2026-05-07T09:42:43.479503Z
019e01d1-701c-0000-0000-1c55ff9e1250,musa mensah 8831,male,27,adult,ZA,2026-05-07T09:42:43.484498Z
019e01d1-7021-0000-0000-f31dd5841001,grace diallo 8834,male,76,senior,CI,2026-05-07T09:42:43.489336Z
019e01d1-7022-0000-0000-b0f3736a11c1,funmi diallo 8835,male,33,adult,KE,2026-05-07T09:42:43.490754Z
019e01d1-7026-0000-0000-6053085e07da,voke ibrahim 8838,male,73,senior,DE,2026-05-07T09:42:43.494949Z
019e01d1-702b-0000-0000-e389d864b4bf,esther williams 8841,male,1,child,DE,2026-05-07T09:42:43.499303Z
019e01d1-702c-0000-0000-43e237e5d1c7,patience adesanya 8842,male,44,adult,AU,2026-05-07T09:42:43.500726Z
019e01d1-702e-0000-0000-f175bcbe2a02,uche diallo 8843,male,36,adult,FR,2026-05-07T09:42:43.502127Z
019e01d1-702f-0000-0000-320d61f928f9,lola fashola 8844,male,19,teenager,KE,2026-05-07T09:42:43.503532Z
019e01d1-7032-0000-0000-29f2c694d55c,xola yusuf 8846,male,40,adult,CI,2026-05-07T09:42:43.506563Z
019e01d1-7038-0000-0000-ddc401bdc526,timothy xavier 8850,male,28,adult,JP,2026-05-07T09:42:43.512555Z
019e01d1-703b-0000-0000-47ab34c8291c,qudus usman 8852,male,53,adult,ET,2026-05-07T09:42:43.515688Z
019e01d1-703d-0000-0000-bb62c702a371,blessing usman 8853,male,63,senior,GH,2026-05-07T09:42:43.517081Z
019e01d1-7042-0000-0000-a008acfb96d1,cynthia hassan 8856,male,53,adult,CN,2026-05-07T09:42:43.522260Z
019e01d1-7048-0000-0000-bf17e947dd85,voke ogundele 8860,male,51,adult,FR,2026-05-07T09:42:43.528408Z
019e01d1-7049-0000-0000-55b835d90536,adaeze williams 8861,male,69,senior,TZ,2026-05-07T09:42:43.529941Z
019e01d1-7050-0000-0000-26f0ee9e0e37,lola yakubu 8865,male,21,adult,CN,2026-05-07T09:42:43.536108Z
019e01d1-7051-0000-0000-ad3c3c7b6a9c,kemi adekunle 8866,male,12,child,GB,2026-05-07T09:42:43.537635Z
019e01d1-7055-0000-0000-242dbd7bed65,remi usman 8868,male,1,child,GH,2026-05-07T09:42:43.541590Z
019e01d1-705d-0000-0000-b3033c34646e,adaeze quadri 8872,male,63,senior,SN,2026-05-07T09:42:43.549440Z
019e01d1-705f-0000-0000-9379ea0f704a,precious musa 8873,male,58,adult,US,2026-05-07T09:42:43.551486Z
019e01d1-7061-0000-0000-aff59b2db4ef,dayo lawal 8874,male,66,senior,KE,2026-05-07T09:42:43.553529Z
019e01d1-7062-0000-0000-c552ec358007,kemi eze 8875,male,46,adult,SN,2026-05-07T09:42:43.555003Z
019e01d1-7066-0000-0000-802eebd4db10,uche okonkwo 8877,male,39,adult,UG,2026-05-07T09:42:43.558069Z
019e01d1-7067-0000-0000-8a2dd5ada6c5,irene dada 8878,male,16,teenager,UG,2026-05-07T09:42:43.559895Z
019e01d1-706d-0000-0000-990bfbdefae1,obiora kalu 8882,male,24,adult,GH,2026-05-07T09:42:43.565646Z
019e01d1-706f-0000-0000-62709a8d4000,queen mba 8883,male,49,adult,AU,2026-05-07T09:42:43.567061Z
019e01d1-7070-0000-0000-31391e92400b,udoka hassan 8884,male,26,adult,AU,2026-05-07T09:42:43.568485Z
019e01d1-7073-0000-0000-1e2fb022d837,cynthia salami 8886,male,10,child,US,2026-05-07T09:42:43.571647Z
019e01d1-7075-0000-0000-1e4cf931b9d0,chidi eze 8887,male,25,adult,BR,2026-05-07T09:42:43.573111Z
019e01d1-7078-0000-0000-803755e09bb8,yvonne eze 8889,male,31,adult,CN,2026-05-07T09:42:43.576918Z
019e01d1-707a-0000-0000-6c8988ebef8c,dayo nwosu 8890,male,62,senior,GH,2026-05-07T09:42:43.578673Z
019e01d1-707c-0000-0000-63962cd288bb,kunle yusuf 8891,male,50,adult,SN,2026-05-07T09:42:43.580121Z
019e01d1-7081-0000-0000-a8f121cee070,precious diallo 8895,male,35,adult,CN,2026-05-07T09:42:43.586040Z
019e01d1-7083-0000-0000-e6aaeaac0011,ximena fashola 8896,male,57,adult,UG,2026-05-07T09:42:43.587538Z
019e01d1-7089-0000-0000-4d3c2d0640f3,richard williams 8899,male,24,adult,DE,2026-05-07T09:42:43.593489Z
019e01d1-708a-0000-0000-91425093bc5f,esther usman 8900,male,43,adult,TZ,2026-05-07T09:42:43.594959Z
019e01d1-708c-0000-0000-2848275d7c93,william taiwo 8901,male,35,adult,UG,2026-05-07T09:42:43.596560Z
019e01d1-708f-0000-0000-1ecae7c3368e,adaeze traore 8903,male,78,senior,CI,2026-05-07T09:42:43.599444Z
019e01d1-7092-0000-0000-2d83fb55dd43,william diallo 8905,male,37,adult,GH,2026-05-07T09:42:43.602366Z
019e01d1-7095-0000-0000-0947994215da,uche kamara 8907,male,81,senior,CA,2026-05-07T09:42:43.605449Z
019e01d1-7098-0000-0000-b722bb157659,lola osei 8909,male,54,adult,EG,2026-05-07T09:42:43.608477Z
019e01d1-7099-0000-0000-2d9ad684ea48,ifeoma traore 8910,male,31,adult,CA,2026-05-07T09:42:43.609893Z
019e01d1-709c-0000-0000-421f29679ee8,pita ganiyu 8912,male,1,child,ZA,2026-05-07T09:42:43.613015Z
019e01d1-70a1-0000-0000-d6e4b7519527,helen peters 8915,male,33,adult,EG,2026-05-07T09:42:43.617698Z
019e01d1-70a2-0000-0000-c7d926dc88ce,lawal traore 8916,male,39,adult,AU,2026-05-07T09:42:43.619011Z
019e01d1-70a5-0000-0000-417648932607,queen ogundele 8918,male,31,adult,CA,2026-05-07T09:42:43.621931Z
019e01d1-70ab-0000-0000-6cea98f533fc,seun nwosu 8921,male,66,senior,IN,2026-05-07T09:42:43.627045Z
019e01d1-70ac-0000-0000-fcdaeb456f87,richard musa 8922,male,85,senior,JP,2026-05-07T09:42:43.628492Z
019e01d1-70af-0000-0000-4638dc53beb1,nkem eze 8924,male,22,adult,US,2026-05-07T09:42:43.631515Z
019e01d1-70b0-0000-0000-e87e6b64c5a4,tunde osei 8925,male,72,senior,CN,2026-05-07T09:42:43.633014Z
019e01d1-70b2-0000-0000-8fae1d839fa6,onome peters 8926,male,1,child,UG,2026-05-07T09:42:43.634526Z
019e01d1-70b3-0000-0000-2dd3a67f9aa5,chidi raji 8927,male,23,adult,DE,2026-05-07T09:42:43.635979Z
019e01d1-70b6-0000-0000-08bd39b308b5,funmi ibrahim 8929,male,64,senior,EG,2026-05-07T09:42:43.638803Z
019e01d1-70b8-0000-0000-f853c152bec1,susan adekunle 8930,male,73,senior,JP,2026-05-07T09:42:43.640550Z
019e01d1-70b9-0000-0000-10dd185b955a,lawal kamara 8931,male,16,teenager,BR,2026-05-07T09:42:43.641950Z
019e01d1-70c7-0000-0000-b35101330817,gbenga ganiyu 8940,male,56,adult,IN,2026-05-07T09:42:43.655839Z
019e01d1-70c9-0000-0000-800a17788ea2,ximena okonkwo 8941,male,30,adult,EG,2026-05-07T09:42:43.657430Z
019e01d1-70cb-0000-0000-8908e6b2bbe4,bolu raji 8942,male,26,adult,CN,2026-05-07T09:42:43.659316Z
019e01d1-70cc-0000-0000-0f3d50d7c979,xola osei 8943,male,32,adult,US,2026-05-07T09:42:43.660728Z
019e01d1-70ce-0000-0000-a50b534be818,esther chukwu 8944,male,45,adult,CI,2026-05-07T09:42:43.662254Z
019e01d1-70cf-0000-0000-5d4d7728cd62,zainab idowu 8945,male,71,senior,FR,2026-05-07T09:42:43.663742Z
019e01d1-70d1-0000-0000-65a8d4e1705e,folake kamara 8946,male,77,senior,GB,2026-05-07T09:42:43.665217Z
019e01d1-70d4-0000-0000-f41645899ed7,qudus eze 8948,male,11,child,KE,2026-05-07T09:42:43.668616Z
019e01d1-70d6-0000-0000-0d347927f1fc,rasheed vincent 8949,male,71,senior,CA,2026-05-07T09:42:43.670047Z
019e01d1-70d9-0000-0000-529bbd72877c,henry bakare 8951,male,67,senior,IN,2026-05-07T09:42:43.673082Z
019e01d1-70dd-0000-0000-1d2f71462835,sola salami 8954,male,39,adult,KE,2026-05-07T09:42:43.677582Z
019e01d1-70e2-0000-0000-7305b0a71591,lydia kalu 8957,male,39,adult,EG,2026-05-07T09:42:43.682198Z
019e01d1-70e3-0000-0000-1ee706c0e8f9,toyin fashola 8958,male,59,adult,UG,2026-05-07T09:42:43.683760Z
019e01d1-70e5-0000-0000-ae424c821233,victor diallo 8959,male,72,senior,CA,2026-05-07T09:42:43.685229Z
019e01d1-70e8-0000-0000-c711a6dd33a7,amara musa 8961,male,76,senior,US,2026-05-07T09:42:43.688395Z
019e01d1-70ea-0000-0000-ce4959b5064f,adaeze dada 8962,male,70,senior,SN,2026-05-07T09:42:43.690420Z
019e01d1-70ec-0000-0000-a7c3bf9c6344,ifeoma kalu 8963,male,49,adult,NG,2026-05-07T09:42:43.692144Z
019e01d1-70f2-0000-0000-d1732d1fe2be,seun ogundele 8967,male,8,child,ET,2026-05-07T09:42:43.698362Z
019e01d1-70f3-0000-0000-39b0a8e9b903,sola musa 8968,male,43,adult,SN,2026-05-07T09:42:43.699901Z
019e01d1-70f5-0000-0000-5abc9a17bf27,xerxes adesanya 8969,male,62,senior,KE,2026-05-07T09:42:43.701308Z
019e01d1-70f6-0000-0000-d6609057fc43,usman osei 8970,male,30,adult,GH,2026-05-07T09:42:43.702862Z
019e01d1-70f9-0000-0000-ea4ff8d12a9a,hauwa hassan 8972,male,52,adult,GB,2026-05-07T09:42:43.705742Z
019e01d1-70fb-0000-0000-99cb7d271308,yusuf raji 8973,male,44,adult,CN,2026-05-07T09:42:43.707387Z
019e01d1-70fc-0000-0000-50f4fe82cd85,queen kamara 8974,male,21,adult,CA,2026-05-07T09:42:43.709006Z
019e01d1-7103-0000-0000-8fe1dc753aaf,ngozi okonkwo 8978,male,12,child,BR,2026-05-07T09:42:43.715337Z
019e01d1-7107-0000-0000-a6d8d7b20e9c,xola mba 8981,male,74,senior,NG,2026-05-07T09:42:43.719709Z
019e01d1-7109-0000-0000-b43ee0afcf04,emeka fashola 8982,male,70,senior,GB,2026-05-07T09:42:43.721192Z
019e01d1-710c-0000-0000-1b56969fb82f,xerxes vincent 8984,male,12,child,NG,2026-05-07T09:42:43.724156Z
019e01d1-710d-0000-0000-a4dbc9e3b0e1,godwin kamara 8985,male,82,senior,CA,2026-05-07T09:42:43.725595Z
019e01d1-7110-0000-0000-9ab20b54979f,precious diallo 8987,male,32,adult,DE,2026-05-07T09:42:43.728894Z
019e01d1-7115-0000-0000-0185e2f72f2c,tunde adesanya 8990,male,84,senior,CA,2026-05-07T09:42:43.733438Z
019e01d1-7118-0000-0000-703df5a316ba,mercy yusuf 8992,male,42,adult,ZA,2026-05-07T09:42:43.736201Z
019e01d1-7119-0000-0000-6ef343961950,victor okonkwo 8993,male,2,child,GH,2026-05-07T09:42:43.737618Z
019e01d1-711c-0000-0000-469f028a1f8f,mercy raji 8995,male,8,child,AU,2026-05-07T09:42:43.740676Z
019e01d1-711e-0000-0000-35ec046b3966,mercy adesanya 8996,male,24,adult,GB,2026-05-07T09:42:43.742201Z
019e01d1-711f-0000-0000-65f52fa7918c,victor okonkwo 8997,male,61,senior,TZ,2026-05-07T09:42:43.743851Z
019e01d1-7121-0000-0000-e2ed68015fbb,usman okonkwo 8998,male,65,senior,BR,2026-05-07T09:42:43.745280Z
019e01d1-7124-0000-0000-02c4088ae523,ikenna peters 9000,male,31,adult,EG,2026-05-07T09:42:43.748235Z
019e01d1-715d-0000-0000-804b4bf052d3,esther diallo 9001,male,34,adult,IN,2026-05-07T09:42:43.805260Z
019e01d1-7160-0000-0000-6bd9bb0cf115,mercy mensah 9003,male,54,adult,CI,2026-05-07T09:42:43.808320Z
019e01d1-7169-0000-0000-df927082f985,toyin eze 9009,male,56,adult,DE,2026-05-07T09:42:43.818020Z
019e01d1-716b-0000-0000-b0a5dea982dd,precious peters 9010,male,3,child,KE,2026-05-07T09:42:43.819752Z
019e01d1-716d-0000-0000-59f2fad80db5,victor musa 9011,male,84,senior,US,2026-05-07T09:42:43.821312Z
019e01d1-716e-0000-0000-5c59b4aea414,blessing diallo 9012,male,57,adult,AU,2026-05-07T09:42:43.822789Z
019e01d1-7170-0000-0000-b96a99987d32,onome raji 9013,male,19,teenager,GB,2026-05-07T09:42:43.824191Z
019e01d1-7177-0000-0000-fc9912c0510c,lawal johnson 9018,male,7,child,EG,2026-05-07T09:42:43.831691Z
019e01d1-7179-0000-0000-6392ed02b6a2,funmi xavier 9019,male,21,adult,GH,2026-05-07T09:42:43.833299Z
019e01d1-717a-0000-0000-01fb5c944d79,victor adekunle 9020,male,85,senior,GB,2026-05-07T09:42:43.834736Z
019e01d1-717c-0000-0000-f79b9c9494e3,queen hassan 9021,male,50,adult,ET,2026-05-07T09:42:43.836146Z
019e01d1-717f-0000-0000-680a5f79e25b,uche johnson 9023,male,74,senior,EG,2026-05-07T09:42:43.839272Z
019e01d1-7182-0000-0000-9df4d522b9c9,hauwa ibrahim 9025,male,78,senior,ET,2026-05-07T09:42:43.842328Z
019e01d1-7183-0000-0000-d1af3c77d632,musa diallo 9026,male,46,adult,CI,2026-05-07T09:42:43.843795Z
019e01d1-7188-0000-0000-9eea730b8272,zara mensah 9028,male,32,adult,ET,2026-05-07T09:42:43.848117Z
019e01d1-718e-0000-0000-1527bd3f5cd3,seun eze 9032,male,73,senior,JP,2026-05-07T09:42:43.854645Z
019e01d1-7190-0000-0000-c1a5d8751163,timothy traore 9033,male,26,adult,GH,2026-05-07T09:42:43.856023Z
019e01d1-7191-0000-0000-3321f1b8c1ba,zara mba 9034,male,69,senior,KE,2026-05-07T09:42:43.857394Z
019e01d1-7194-0000-0000-beedebe20f80,tunde taiwo 9036,male,83,senior,CI,2026-05-07T09:42:43.860316Z
019e01d1-7197-0000-0000-ef7a6ac26a82,gbenga hassan 9038,male,37,adult,CN,2026-05-07T09:42:43.863550Z
019e01d1-719a-0000-0000-3b53fe887ff5,emeka lawal 9040,male,64,senior,ZA,2026-05-07T09:42:43.866427Z
019e01d1-719e-0000-0000-860f0efe274a,yemi usman 9043,male,18,teenager,CN,2026-05-07T09:42:43.870737Z
019e01d1-71a1-0000-0000-a3293cb49bb0,gbenga mensah 9045,male,12,child,US,2026-05-07T09:42:43.873750Z
019e01d1-71a4-0000-0000-dbe3c95cc406,queen mensah 9047,male,76,senior,UG,2026-05-07T09:42:43.876589Z
019e01d1-71a8-0000-0000-6cff70af5700,efosa taiwo 9050,male,25,adult,GB,2026-05-07T09:42:43.880848Z
019e01d1-71af-0000-0000-2ba16bc8d173,esther adekunle 9054,male,32,adult,TZ,2026-05-07T09:42:43.887356Z
019e01d1-71b3-0000-0000-410814ebe318,lawal musa 9057,male,48,adult,EG,2026-05-07T09:42:43.892016Z
019e01d1-71b6-0000-0000-ab1f8525eda1,timothy idowu 9058,male,17,teenager,ET,2026-05-07T09:42:43.894053Z
019e01d1-71b9-0000-0000-bca29975510b,voke adesanya 9060,male,59,adult,CN,2026-05-07T09:42:43.897158Z
019e01d1-71bd-0000-0000-ec38af180610,chiamaka taiwo 9063,male,46,adult,TZ,2026-05-07T09:42:43.901350Z
019e01d1-71c0-0000-0000-555836a6ff9d,ximena bakare 9065,male,83,senior,ET,2026-05-07T09:42:43.904104Z
019e01d1-71c1-0000-0000-8ea7f24915d6,nora johnson 9066,male,66,senior,NG,2026-05-07T09:42:43.905422Z
019e01d1-71c2-0000-0000-3ee5173fb0ce,musa peters 9067,male,41,adult,ET,2026-05-07T09:42:43.906973Z
019e01d1-71ca-0000-0000-2996f424bb8f,qudus salami 9072,male,71,senior,AU,2026-05-07T09:42:43.914152Z
019e01d1-71cf-0000-0000-c0cf5f3dc5c0,sola yakubu 9076,male,81,senior,BR,2026-05-07T09:42:43.919717Z
019e01d1-71d1-0000-0000-1fcd01d8e598,kemi idowu 9077,male,58,adult,US,2026-05-07T09:42:43.921098Z
019e01d1-71d2-0000-0000-ebab385444e2,david mba 9078,male,1,child,NG,2026-05-07T09:42:43.922557Z
019e01d1-71d9-0000-0000-5ee38f2de5e1,musa dada 9081,male,40,adult,CN,2026-05-07T09:42:43.929282Z
019e01d1-71db-0000-0000-b4b1626a7e95,babatunde quadri 9082,male,9,child,IN,2026-05-07T09:42:43.931052Z
019e01d1-71e0-0000-0000-ed13f1dcb358,udoka quadri 9085,male,31,adult,SN,2026-05-07T09:42:43.936428Z
019e01d1-71e6-0000-0000-f7990d59a01d,felix chukwu 9089,male,45,adult,NG,2026-05-07T09:42:43.942534Z
019e01d1-71e9-0000-0000-730eeb728428,dayo raji 9091,male,34,adult,IN,2026-05-07T09:42:43.945405Z
019e01d1-71ec-0000-0000-7e8db0265289,rasheed idowu 9093,male,46,adult,EG,2026-05-07T09:42:43.948537Z
019e01d1-71ee-0000-0000-9d11101288c6,felix kamara 9094,male,51,adult,ZA,2026-05-07T09:42:43.950133Z
019e01d1-71f1-0000-0000-254725d52c79,xola nwosu 9096,male,72,senior,ET,2026-05-07T09:42:43.953105Z
019e01d1-71f2-0000-0000-a899599ce9ef,gbenga ganiyu 9097,male,79,senior,FR,2026-05-07T09:42:43.954717Z
019e01d1-71f4-0000-0000-293b83c43423,kemi okonkwo 9098,male,1,child,JP,2026-05-07T09:42:43.956204Z
019e01d1-71f5-0000-0000-4017e49aac4a,toyin chukwu 9099,male,27,adult,AU,2026-05-07T09:42:43.957907Z
019e01d1-71f8-0000-0000-1cbcbeb3088a,yusuf idowu 9101,male,72,senior,FR,2026-05-07T09:42:43.960788Z
019e01d1-71fa-0000-0000-adca35ebeea5,nora quadri 9102,male,50,adult,BR,2026-05-07T09:42:43.962402Z
019e01d1-71fb-0000-0000-5030ec493c95,toyin yakubu 9103,male,66,senior,BR,2026-05-07T09:42:43.963894Z
019e01d1-7204-0000-0000-ff5586308496,ahmed kalu 9108,male,16,teenager,NG,2026-05-07T09:42:43.972130Z
019e01d1-7205-0000-0000-c35293e3dec5,ikenna traore 9109,male,1,child,CN,2026-05-07T09:42:43.973623Z
019e01d1-7207-0000-0000-34c75348feec,usman ibrahim 9110,male,42,adult,GH,2026-05-07T09:42:43.975157Z
019e01d1-720a-0000-0000-848ad3c69e23,kemi yusuf 9112,male,14,teenager,KE,2026-05-07T09:42:43.978512Z
019e01d1-720c-0000-0000-8763eb63e3b5,grace bakare 9113,male,73,senior,KE,2026-05-07T09:42:43.980029Z
019e01d1-720d-0000-0000-ba748fc40456,yvonne mensah 9114,male,29,adult,GB,2026-05-07T09:42:43.981619Z
019e01d1-7210-0000-0000-4566682f6c42,qudus yusuf 9116,male,65,senior,NG,2026-05-07T09:42:43.984985Z
019e01d1-7213-0000-0000-6f8a948a7d74,kehinde fashola 9117,male,61,senior,SN,2026-05-07T09:42:43.987051Z
019e01d1-7214-0000-0000-41d9ff1370c7,susan mba 9118,male,34,adult,NG,2026-05-07T09:42:43.988773Z
019e01d1-721a-0000-0000-a6f14674cfac,musa osei 9121,male,4,child,ZA,2026-05-07T09:42:43.994200Z
019e01d1-721d-0000-0000-9d43fc0e15f3,obiora okonkwo 9123,male,12,child,FR,2026-05-07T09:42:43.997218Z
019e01d1-7220-0000-0000-5a82cd50ab0f,dayo vincent 9125,male,43,adult,ET,2026-05-07T09:42:44.000139Z
019e01d1-7223-0000-0000-504b8a6103d6,lawal salami 9127,male,6,child,NG,2026-05-07T09:42:44.003182Z
019e01d1-7225-0000-0000-d4bdba2b3627,rasheed yakubu 9129,male,12,child,SN,2026-05-07T09:42:44.005951Z
019e01d1-7227-0000-0000-6660e7abcdf0,yusuf xavier 9130,male,43,adult,EG,2026-05-07T09:42:44.007275Z
019e01d1-7228-0000-0000-3bb33c264a63,gbenga chukwu 9131,male,41,adult,GB,2026-05-07T09:42:44.008669Z
019e01d1-722c-0000-0000-449c44d1d71c,william diallo 9134,male,38,adult,GH,2026-05-07T09:42:44.012696Z
019e01d1-722e-0000-0000-f881341146a8,timothy traore 9135,male,68,senior,GH,2026-05-07T09:42:44.014070Z
019e01d1-722f-0000-0000-bf7907d1bccd,zara ibrahim 9136,male,7,child,EG,2026-05-07T09:42:44.015460Z
019e01d1-7230-0000-0000-5db4bceecabb,xola fashola 9137,male,74,senior,FR,2026-05-07T09:42:44.016897Z
019e01d1-7232-0000-0000-24930d89faf9,rasheed yusuf 9138,male,75,senior,BR,2026-05-07T09:42:44.018324Z
019e01d1-7233-0000-0000-c6f069729cd2,sola eze 9139,male,16,teenager,ZA,2026-05-07T09:42:44.019914Z
019e01d1-723a-0000-0000-85af78ba07c0,efosa yusuf 9143,male,75,senior,AU,2026-05-07T09:42:44.026035Z
019e01d1-723c-0000-0000-fa39d1698950,jide fashola 9144,male,85,senior,AU,2026-05-07T09:42:44.028316Z
019e01d1-723d-0000-0000-9d30c91f9b2f,kemi mba 9145,male,71,senior,DE,2026-05-07T09:42:44.029982Z
019e01d1-723f-0000-0000-e8e3e6f1269a,qudus mensah 9146,male,15,teenager,KE,2026-05-07T09:42:44.031467Z
019e01d1-7241-0000-0000-0b3a2b7fb6c9,wale traore 9147,male,59,adult,US,2026-05-07T09:42:44.033144Z
019e01d1-7242-0000-0000-ed391c06809c,bolu traore 9148,male,76,senior,ZA,2026-05-07T09:42:44.034628Z
019e01d1-724c-0000-0000-8250b42c266d,udoka adekunle 9154,male,37,adult,CN,2026-05-07T09:42:44.044625Z
019e01d1-724f-0000-0000-eaf5d44ddf0c,blessing adekunle 9156,male,31,adult,AU,2026-05-07T09:42:44.047714Z
019e01d1-7251-0000-0000-25be80d36a99,sola johnson 9157,male,2,child,JP,2026-05-07T09:42:44.049188Z
019e01d1-7254-0000-0000-ae95925c8cc4,susan salami 9159,male,6,child,IN,2026-05-07T09:42:44.052348Z
019e01d1-7257-0000-0000-2b990b1d4131,susan diallo 9161,male,78,senior,FR,2026-05-07T09:42:44.055648Z
019e01d1-725d-0000-0000-214f2a84fef4,blessing dada 9165,male,26,adult,AU,2026-05-07T09:42:44.061171Z
019e01d1-7261-0000-0000-bfcdf29493e8,onome johnson 9168,male,83,senior,EG,2026-05-07T09:42:44.065702Z
019e01d1-7263-0000-0000-f248dd3cb28f,victor usman 9169,male,40,adult,BR,2026-05-07T09:42:44.067061Z
019e01d1-7264-0000-0000-dae7d8a2495e,lawal yakubu 9170,male,72,senior,UG,2026-05-07T09:42:44.068633Z
019e01d1-726d-0000-0000-005581cc5638,efosa yakubu 9176,male,6,child,CA,2026-05-07T09:42:44.077290Z
019e01d1-726e-0000-0000-fa1fb716b0e1,musa kamara 9177,male,42,adult,GB,2026-05-07T09:42:44.078760Z
019e01d1-7271-0000-0000-7c6f8b24494f,ahmed kamara 9179,male,72,senior,CA,2026-05-07T09:42:44.081555Z
019e01d1-7272-0000-0000-af5f2db96dcb,ahmed adekunle 9180,male,10,child,SN,2026-05-07T09:42:44.082905Z
019e01d1-7278-0000-0000-5d3c101fbafa,esther traore 9183,male,50,adult,SN,2026-05-07T09:42:44.088094Z
019e01d1-7279-0000-0000-ae7dd9dc2598,vivian idowu 9184,male,82,senior,GB,2026-05-07T09:42:44.089625Z
019e01d1-727d-0000-0000-06840c0f4ab8,ngozi okonkwo 9187,male,70,senior,JP,2026-05-07T09:42:44.094016Z
019e01d1-7280-0000-0000-b3b6f8a16799,funmi dada 9189,male,83,senior,JP,2026-05-07T09:42:44.097017Z
019e01d1-7283-0000-0000-57d49fa55980,adaeze lawal 9191,male,54,adult,TZ,2026-05-07T09:42:44.099872Z
019e01d1-7285-0000-0000-18bbaa24295c,cynthia taiwo 9192,male,33,adult,CN,2026-05-07T09:42:44.101552Z
019e01d1-7286-0000-0000-b440f90b76a9,lola osei 9193,male,32,adult,GH,2026-05-07T09:42:44.102993Z
019e01d1-728b-0000-0000-2c467bce1bbf,ximena mba 9196,male,29,adult,DE,2026-05-07T09:42:44.107413Z
019e01d1-728f-0000-0000-ace9a95bf9c0,amara mba 9199,male,38,adult,FR,2026-05-07T09:42:44.111841Z
019e01d1-7292-0000-0000-51b9716bbc5c,precious peters 9201,male,75,senior,IN,2026-05-07T09:42:44.114716Z
019e01d1-7296-0000-0000-11d697502d2d,zara ganiyu 9204,male,6,child,CA,2026-05-07T09:42:44.118833Z
019e01d1-7298-0000-0000-aff0cc39650a,mercy yakubu 9205,male,12,child,KE,2026-05-07T09:42:44.120220Z
019e01d1-7299-0000-0000-dc5ebf841d6f,xola adesanya 9206,male,22,adult,EG,2026-05-07T09:42:44.121668Z
019e01d1-729d-0000-0000-b943eeb431f6,yemi eze 9208,male,65,senior,EG,2026-05-07T09:42:44.125642Z
019e01d1-729f-0000-0000-356b8d90ecba,jumoke chukwu 9209,male,76,senior,CN,2026-05-07T09:42:44.127671Z
019e01d1-72a1-0000-0000-434d8b67d177,chiamaka idowu 9210,male,5,child,ET,2026-05-07T09:42:44.129265Z
019e01d1-72a2-0000-0000-2691a6195b84,patience johnson 9211,male,53,adult,JP,2026-05-07T09:42:44.130815Z
019e01d1-72a4-0000-0000-246a98e6841d,helen johnson 9212,male,12,child,NG,2026-05-07T09:42:44.132245Z
019e01d1-72a5-0000-0000-a7285f946f7e,seun hassan 9213,male,1,child,CA,2026-05-07T09:42:44.133800Z
019e01d1-72a8-0000-0000-ecc762d3ccb8,queen hassan 9215,male,34,adult,JP,2026-05-07T09:42:44.136576Z
019e01d1-72aa-0000-0000-7af713146af6,timothy quadri 9216,male,22,adult,TZ,2026-05-07T09:42:44.138068Z
019e01d1-72ab-0000-0000-34978eb95041,victor vincent 9217,male,64,senior,SN,2026-05-07T09:42:44.139429Z
019e01d1-72ae-0000-0000-c23ddb698eea,henry adekunle 9219,male,62,senior,NG,2026-05-07T09:42:44.142174Z
019e01d1-72af-0000-0000-542bd870e1be,wale diallo 9220,male,37,adult,UG,2026-05-07T09:42:44.143554Z
019e01d1-72b2-0000-0000-090a3a5cc961,jide kalu 9222,male,1,child,IN,2026-05-07T09:42:44.146386Z
019e01d1-72b5-0000-0000-ec1af55b477d,usman williams 9224,male,14,teenager,CI,2026-05-07T09:42:44.149739Z
019e01d1-72b8-0000-0000-9b93ddb62b8f,kemi bakare 9226,male,58,adult,ET,2026-05-07T09:42:44.152662Z
019e01d1-72ba-0000-0000-fc7e7605ccfb,onome johnson 9227,male,5,child,BR,2026-05-07T09:42:44.154683Z
019e01d1-72cb-0000-0000-fdbd84eddf82,zara traore 9237,male,21,adult,BR,2026-05-07T09:42:44.171174Z
019e01d1-72d0-0000-0000-db63dd74ef17,chidi johnson 9240,male,79,senior,IN,2026-05-07T09:42:44.176528Z
019e01d1-72da-0000-0000-ad6780894691,kehinde raji 9246,male,28,adult,NG,2026-05-07T09:42:44.186504Z
019e01d1-72db-0000-0000-1d0b5f2b5129,sola yakubu 9247,male,34,adult,SN,2026-05-07T09:42:44.187893Z
019e01d1-72e1-0000-0000-f6cd0c9362b4,tunde traore 9251,male,35,adult,ZA,2026-05-07T09:42:44.193771Z
019e01d1-72e5-0000-0000-ad5560cec9a3,uche lawal 9253,male,10,child,CN,2026-05-07T09:42:44.197136Z
019e01d1-72e6-0000-0000-779e6590b418,esther adekunle 9254,male,59,adult,CN,2026-05-07T09:42:44.198768Z
019e01d1-72e8-0000-0000-7b9fbc2891de,zainab okonkwo 9255,male,84,senior,US,2026-05-07T09:42:44.200853Z
019e01d1-72f3-0000-0000-e44342790dca,david bakare 9262,male,26,adult,AU,2026-05-07T09:42:44.211126Z
019e01d1-72f4-0000-0000-bb544cf60eb2,yvonne eze 9263,male,18,teenager,NG,2026-05-07T09:42:44.212438Z
019e01d1-72f5-0000-0000-c9e862c1653f,musa bakare 9264,male,40,adult,ZA,2026-05-07T09:42:44.213888Z
019e01d1-72f8-0000-0000-bdc137703316,david taiwo 9266,male,62,senior,TZ,2026-05-07T09:42:44.216520Z
019e01d1-72f9-0000-0000-b2efb558bbb8,ola usman 9267,male,45,adult,EG,2026-05-07T09:42:44.217889Z
019e01d1-72fb-0000-0000-c09d68a09546,cynthia salami 9268,male,39,adult,NG,2026-05-07T09:42:44.219392Z
019e01d1-72fc-0000-0000-44b2ed5384b7,jide ibrahim 9269,male,29,adult,TZ,2026-05-07T09:42:44.220720Z
019e01d1-72ff-0000-0000-1058d9f3bb3f,wunmi kalu 9271,male,43,adult,CI,2026-05-07T09:42:44.223630Z
019e01d1-7305-0000-0000-6846f403c1e4,lola chukwu 9275,male,68,senior,SN,2026-05-07T09:42:44.229793Z
019e01d1-7314-0000-0000-0587481049de,ngozi johnson 9285,male,50,adult,DE,2026-05-07T09:42:44.244393Z
019e01d1-7315-0000-0000-422c410d5d10,hauwa ibrahim 9286,male,79,senior,GH,2026-05-07T09:42:44.245864Z
019e01d1-731a-0000-0000-5efa0a00b5eb,sola usman 9289,male,26,adult,CI,2026-05-07T09:42:44.250295Z
019e01d1-731b-0000-0000-f85922eb922a,patience yakubu 9290,male,23,adult,ZA,2026-05-07T09:42:44.251750Z
019e01d1-7321-0000-0000-9c0d2586e801,queen yusuf 9294,male,5,child,EG,2026-05-07T09:42:44.257584Z
019e01d1-7323-0000-0000-55a4b74ed0b3,jide kamara 9295,male,10,child,ZA,2026-05-07T09:42:44.259092Z
019e01d1-7324-0000-0000-c69b11576180,helen salami 9296,male,32,adult,DE,2026-05-07T09:42:44.260663Z
019e01d1-7328-0000-0000-c674b3f60fd8,ola kalu 9299,male,13,teenager,CA,2026-05-07T09:42:44.264900Z
019e01d1-732b-0000-0000-d057442f007b,irene quadri 9301,male,35,adult,DE,2026-05-07T09:42:44.267813Z
019e01d1-732f-0000-0000-e95e4cfc9d2c,godwin peters 9303,male,68,senior,NG,2026-05-07T09:42:44.271203Z
019e01d1-7330-0000-0000-eba57412ff85,qudus williams 9304,male,65,senior,GH,2026-05-07T09:42:44.272808Z
019e01d1-7332-0000-0000-b82cca416b0c,irene idowu 9305,male,40,adult,ET,2026-05-07T09:42:44.274717Z
019e01d1-7335-0000-0000-1bccbb630d85,uche kamara 9307,male,81,senior,UG,2026-05-07T09:42:44.277824Z
019e01d1-7338-0000-0000-333c71f8474a,rasheed eze 9309,male,40,adult,ET,2026-05-07T09:42:44.280639Z
019e01d1-733c-0000-0000-0cc60fbbf99d,godwin ganiyu 9311,male,58,adult,EG,2026-05-07T09:42:44.284085Z
019e01d1-733f-0000-0000-1904f3accae8,vivian taiwo 9313,male,18,teenager,IN,2026-05-07T09:42:44.287120Z
019e01d1-7343-0000-0000-b8dcd1e63bf6,kehinde ganiyu 9316,male,41,adult,NG,2026-05-07T09:42:44.291691Z
019e01d1-7345-0000-0000-cee96f8d12ab,babatunde diallo 9317,male,6,child,CN,2026-05-07T09:42:44.293082Z
019e01d1-7346-0000-0000-a26d3dd96180,xola kamara 9318,male,28,adult,BR,2026-05-07T09:42:44.294665Z
019e01d1-734d-0000-0000-d39b5b473f02,james ogundele 9322,male,7,child,NG,2026-05-07T09:42:44.301290Z
019e01d1-7357-0000-0000-890e9b370823,nora peters 9329,male,6,child,ZA,2026-05-07T09:42:44.311190Z
019e01d1-735a-0000-0000-a43ac118da5b,dimma johnson 9331,male,32,adult,CI,2026-05-07T09:42:44.314183Z
019e01d1-735d-0000-0000-016e31654aa2,musa adesanya 9333,male,21,adult,SN,2026-05-07T09:42:44.317515Z
019e01d1-735e-0000-0000-7c8d31d7eacc,jide musa 9334,male,83,senior,CN,2026-05-07T09:42:44.318998Z
019e01d1-7362-0000-0000-3eb3d3a0c341,ngozi diallo 9336,male,46,adult,US,2026-05-07T09:42:44.322403Z
019e01d1-7366-0000-0000-8dab58496396,dayo bakare 9339,male,47,adult,ET,2026-05-07T09:42:44.327021Z
019e01d1-7368-0000-0000-5100ca0a2570,ikenna dada 9340,male,76,senior,NG,2026-05-07T09:42:44.328787Z
019e01d1-736b-0000-0000-d662d601ff89,yusuf okonkwo 9342,male,30,adult,ZA,2026-05-07T09:42:44.331889Z
019e01d1-736f-0000-0000-862d16e1a253,timothy okonkwo 9345,male,14,teenager,NG,2026-05-07T09:42:44.335940Z
019e01d1-7372-0000-0000-99cc3c0bf325,dayo fashola 9347,male,14,teenager,BR,2026-05-07T09:42:44.338725Z
019e01d1-7374-0000-0000-b44acedd8c08,ximena eze 9348,male,35,adult,SN,2026-05-07T09:42:44.340062Z
019e01d1-737a-0000-0000-9754792dad96,amara chukwu 9352,male,61,senior,EG,2026-05-07T09:42:44.346291Z
019e01d1-737d-0000-0000-a70aa3b582f0,obiora johnson 9354,male,18,teenager,SN,2026-05-07T09:42:44.349245Z
019e01d1-737e-0000-0000-8680e6144881,lola salami 9355,male,57,adult,AU,2026-05-07T09:42:44.351013Z
019e01d1-7380-0000-0000-72f019a981f0,lawal lawal 9356,male,53,adult,FR,2026-05-07T09:42:44.352578Z
019e01d1-7386-0000-0000-844b7b4bb686,zainab quadri 9360,male,35,adult,CA,2026-05-07T09:42:44.358475Z
019e01d1-7389-0000-0000-a6a944ed7e34,ikenna yusuf 9362,male,36,adult,DE,2026-05-07T09:42:44.361334Z
019e01d1-738c-0000-0000-7e1305339e1f,musa usman 9364,male,12,child,NG,2026-05-07T09:42:44.364357Z
019e01d1-738d-0000-0000-e5ce5151f2c5,dayo fashola 9365,male,38,adult,DE,2026-05-07T09:42:44.365839Z
019e01d1-738f-0000-0000-bbae007cdc81,lawal usman 9366,male,32,adult,TZ,2026-05-07T09:42:44.367233Z
019e01d1-7393-0000-0000-21ffed49d653,adaeze kalu 9369,male,85,senior,CA,2026-05-07T09:42:44.371798Z
019e01d1-7396-0000-0000-9fbcc35dade0,wale adesanya 9371,male,82,senior,IN,2026-05-07T09:42:44.374645Z
019e01d1-7397-0000-0000-95649daaf206,yvonne ogundele 9372,male,57,adult,FR,2026-05-07T09:42:44.375970Z
019e01d1-7399-0000-0000-685349fbd9fd,dimma salami 9373,male,47,adult,CA,2026-05-07T09:42:44.377327Z
019e01d1-739c-0000-0000-403fd017ab90,udoka traore 9375,male,68,senior,CI,2026-05-07T09:42:44.380122Z
019e01d1-739d-0000-0000-00f9b41e59e1,yemi kamara 9376,male,76,senior,UG,2026-05-07T09:42:44.381438Z
019e01d1-739e-0000-0000-ea1eb7cb56b3,helen kalu 9377,male,9,child,UG,2026-05-07T09:42:44.382789Z
019e01d1-73a0-0000-0000-2e27e6da46e0,yemi osei 9378,male,62,senior,CN,2026-05-07T09:42:44.384203Z
019e01d1-73a8-0000-0000-36e1acd0e2ba,jumoke nwosu 9384,male,32,adult,ET,2026-05-07T09:42:44.392545Z
019e01d1-73aa-0000-0000-665f10f4a4ff,ximena dada 9385,male,34,adult,CA,2026-05-07T09:42:44.394124Z
019e01d1-73ad-0000-0000-ebbc23e7a832,james xavier 9387,male,40,adult,NG,2026-05-07T09:42:44.397083Z
019e01d1-73b4-0000-0000-0c6d88c6b58a,kunle diallo 9392,male,65,senior,ZA,2026-05-07T09:42:44.404282Z
019e01d1-73b5-0000-0000-6852baac59fa,queen diallo 9393,male,77,senior,AU,2026-05-07T09:42:44.405600Z
019e01d1-73b7-0000-0000-afb6044f739b,queen fashola 9394,male,78,senior,BR,2026-05-07T09:42:44.407153Z
019e01d1-73b8-0000-0000-115e9f47575c,ximena chukwu 9395,male,57,adult,KE,2026-05-07T09:42:44.408534Z
019e01d1-73bb-0000-0000-92c9c195d308,jide raji 9397,male,26,adult,AU,2026-05-07T09:42:44.411654Z
019e01d1-73bd-0000-0000-c82a694a9ea3,pita musa 9398,male,42,adult,US,2026-05-07T09:42:44.413474Z
019e01d1-73c5-0000-0000-ae468524bafa,pita mba 9403,male,8,child,BR,2026-05-07T09:42:44.421132Z
019e01d1-73c6-0000-0000-4fc426fdaa82,vivian traore 9404,male,71,senior,JP,2026-05-07T09:42:44.422567Z
019e01d1-73c7-0000-0000-2630f676850a,dayo raji 9405,male,71,senior,IN,2026-05-07T09:42:44.423935Z
019e01d1-73c9-0000-0000-b2d6e2c5d12b,hauwa hassan 9406,male,26,adult,TZ,2026-05-07T09:42:44.425350Z
019e01d1-73cc-0000-0000-2a89ade50629,patience chukwu 9408,male,84,senior,CA,2026-05-07T09:42:44.428331Z
019e01d1-73cf-0000-0000-9f3adb8a9d52,patience quadri 9410,male,80,senior,ET,2026-05-07T09:42:44.431437Z
019e01d1-73d6-0000-0000-b97aaa6d39fc,efosa johnson 9415,male,30,adult,GB,2026-05-07T09:42:44.438531Z
019e01d1-73d8-0000-0000-c0dd91a256c5,precious quadri 9416,male,65,senior,CI,2026-05-07T09:42:44.440090Z
019e01d1-73de-0000-0000-61707b7c7822,jumoke usman 9418,male,71,senior,IN,2026-05-07T09:42:44.446364Z
019e01d1-73e0-0000-0000-ae88ed767dd0,ahmed usman 9419,male,76,senior,GH,2026-05-07T09:42:44.448420Z
019e01d1-73e2-0000-0000-76a191e11c67,ifeoma raji 9420,male,80,senior,EG,2026-05-07T09:42:44.450274Z
019e01d1-73e5-0000-0000-3846fcea9154,babatunde fashola 9422,male,64,senior,GB,2026-05-07T09:42:44.453502Z
019e01d1-73e8-0000-0000-69aa42a69d4a,precious okonkwo 9424,male,5,child,DE,2026-05-07T09:42:44.456503Z
019e01d1-73ea-0000-0000-3a19ab9b6fb6,toyin adesanya 9425,male,48,adult,ZA,2026-05-07T09:42:44.458311Z
019e01d1-73ee-0000-0000-0bcfeb93b958,david ibrahim 9427,male,23,adult,FR,2026-05-07T09:42:44.462279Z
019e01d1-73f4-0000-0000-256d7243e47c,wale taiwo 9430,male,11,child,TZ,2026-05-07T09:42:44.468117Z
019e01d1-73f5-0000-0000-a2c3d55ca92a,wunmi johnson 9431,male,16,teenager,ZA,2026-05-07T09:42:44.469730Z
019e01d1-73fa-0000-0000-64f94018c51b,nkem vincent 9434,male,43,adult,FR,2026-05-07T09:42:44.474995Z
019e01d1-7400-0000-0000-0e5819d65155,henry lawal 9437,male,50,adult,EG,2026-05-07T09:42:44.480395Z
019e01d1-7402-0000-0000-47fdba33265d,victor quadri 9438,male,51,adult,ET,2026-05-07T09:42:44.482024Z
019e01d1-7408-0000-0000-a14af06cc18f,godwin dada 9442,male,38,adult,US,2026-05-07T09:42:44.489019Z
019e01d1-7410-0000-0000-7a2d5ffa6412,felix quadri 9447,male,58,adult,ET,2026-05-07T09:42:44.496172Z
019e01d1-7411-0000-0000-b9df1505d167,obiora williams 9448,male,50,adult,US,2026-05-07T09:42:44.497576Z
019e01d1-7415-0000-0000-84c2d9e94d01,kunle peters 9451,male,19,teenager,AU,2026-05-07T09:42:44.501576Z
019e01d1-7418-0000-0000-a2f154571e94,yemi ogundele 9453,male,82,senior,TZ,2026-05-07T09:42:44.504271Z
019e01d1-741b-0000-0000-e847a41c7784,lola usman 9455,male,53,adult,DE,2026-05-07T09:42:44.507467Z
019e01d1-741e-0000-0000-3c5838a802cf,yvonne mensah 9457,male,21,adult,UG,2026-05-07T09:42:44.510424Z
019e01d1-741f-0000-0000-2dadef78e890,musa taiwo 9458,male,29,adult,DE,2026-05-07T09:42:44.511906Z
019e01d1-7421-0000-0000-136e6a5ba48e,mercy ganiyu 9459,male,74,senior,GH,2026-05-07T09:42:44.513396Z
019e01d1-7426-0000-0000-3e198611d530,david williams 9463,male,77,senior,DE,2026-05-07T09:42:44.519020Z
019e01d1-742b-0000-0000-937fe19646d4,tunde williams 9466,male,8,child,ET,2026-05-07T09:42:44.523086Z
019e01d1-7430-0000-0000-35798852b22a,sola chukwu 9470,male,47,adult,CN,2026-05-07T09:42:44.528670Z
019e01d1-7435-0000-0000-bc91555f8575,kunle xavier 9473,male,55,adult,GH,2026-05-07T09:42:44.533634Z
019e01d1-743a-0000-0000-89c6c5ea7ce8,bolu traore 9477,male,74,senior,ET,2026-05-07T09:42:44.538977Z
019e01d1-743f-0000-0000-cdd5e4acb62b,ahmed traore 9480,male,22,adult,ZA,2026-05-07T09:42:44.543350Z
019e01d1-7442-0000-0000-7088a079bba6,cynthia idowu 9482,male,22,adult,AU,2026-05-07T09:42:44.546174Z
019e01d1-7444-0000-0000-11ea6dee8a40,seun ganiyu 9483,male,84,senior,DE,2026-05-07T09:42:44.548059Z
019e01d1-7447-0000-0000-8683da78f8b9,patience fashola 9485,male,85,senior,BR,2026-05-07T09:42:44.551106Z
019e01d1-7448-0000-0000-2fbaa8a30f1b,nora idowu 9486,male,42,adult,JP,2026-05-07T09:42:44.552674Z
019e01d1-744a-0000-0000-99cf9bbec7ab,amara kalu 9487,male,27,adult,GH,2026-05-07T09:42:44.554992Z
019e01d1-7450-0000-0000-8bcc315d9e1a,musa bakare 9490,male,20,adult,CI,2026-05-07T09:42:44.560988Z
019e01d1-745d-0000-0000-82b44081a205,seun musa 9496,male,37,adult,SN,2026-05-07T09:42:44.573090Z
019e01d1-7465-0000-0000-313461c584f2,qudus ganiyu 9497,male,29,adult,ZA,2026-05-07T09:42:44.581252Z
019e01d1-7467-0000-0000-65c01cddfb78,sola mensah 9498,male,13,teenager,GB,2026-05-07T09:42:44.583032Z
019e01d1-7468-0000-0000-8b4a9b30cc8a,efosa lawal 9499,male,44,adult,CN,2026-05-07T09:42:44.584686Z
019e01d1-746a-0000-0000-0e43de51097f,wunmi usman 9500,male,35,adult,NG,2026-05-07T09:42:44.586071Z
019e01d1-746c-0000-0000-3387909341c0,precious bakare 9502,male,78,senior,NG,2026-05-07T09:42:44.588964Z
019e01d1-746e-0000-0000-ab784fec092d,zainab mensah 9503,male,44,adult,DE,2026-05-07T09:42:44.590376Z
019e01d1-746f-0000-0000-c591d5ed08cb,yusuf nwosu 9504,male,17,teenager,KE,2026-05-07T09:42:44.591826Z
019e01d1-7471-0000-0000-f77ec7e90df2,david xavier 9505,male,11,child,CN,2026-05-07T09:42:44.593329Z
019e01d1-7472-0000-0000-c342a3844c02,irene raji 9506,male,25,adult,AU,2026-05-07T09:42:44.594712Z
019e01d1-7475-0000-0000-5a1442e27f30,kehinde ganiyu 9508,male,76,senior,CA,2026-05-07T09:42:44.597611Z
019e01d1-747f-0000-0000-4af5b095dbce,nkem usman 9513,male,14,teenager,NG,2026-05-07T09:42:44.607936Z
019e01d1-7483-0000-0000-be9061ec0f05,dimma yusuf 9515,male,4,child,ET,2026-05-07T09:42:44.611737Z
019e01d1-7485-0000-0000-9e04fb63f2f1,bolu ogundele 9516,male,81,senior,CA,2026-05-07T09:42:44.613642Z
019e01d1-7487-0000-0000-bf68a32e9ade,queen vincent 9517,male,61,senior,GH,2026-05-07T09:42:44.615166Z
019e01d1-7489-0000-0000-681d75d17f88,kehinde ogundele 9519,male,13,teenager,US,2026-05-07T09:42:44.617990Z
019e01d1-748d-0000-0000-fdf1143bc85d,usman peters 9521,male,70,senior,ZA,2026-05-07T09:42:44.621080Z
019e01d1-7495-0000-0000-0cae1fbce494,wale diallo 9526,male,75,senior,AU,2026-05-07T09:42:44.629239Z
019e01d1-7498-0000-0000-e8fb72c50e0d,tunde vincent 9528,male,70,senior,UG,2026-05-07T09:42:44.632399Z
019e01d1-749a-0000-0000-09d08c31236c,chidi osei 9529,male,15,teenager,ZA,2026-05-07T09:42:44.634128Z
019e01d1-749b-0000-0000-f29c566e8d2e,irene peters 9530,male,22,adult,NG,2026-05-07T09:42:44.635866Z
019e01d1-749d-0000-0000-b951383bb2af,zara hassan 9531,male,28,adult,JP,2026-05-07T09:42:44.637475Z
019e01d1-749f-0000-0000-26908cecd34c,zara eze 9532,male,48,adult,GH,2026-05-07T09:42:44.639136Z
019e01d1-74a1-0000-0000-d54137a3db70,zainab adesanya 9533,male,7,child,CI,2026-05-07T09:42:44.641386Z
019e01d1-74a3-0000-0000-01431d06f1b7,folake mensah 9534,male,39,adult,ET,2026-05-07T09:42:44.643259Z
019e01d1-74a6-0000-0000-6d1feead1fcc,gbenga kamara 9536,male,84,senior,KE,2026-05-07T09:42:44.646474Z
019e01d1-74a9-0000-0000-7163f3ed971a,james ogundele 9538,male,45,adult,NG,2026-05-07T09:42:44.649642Z
019e01d1-74ab-0000-0000-cacacd928253,grace nwosu 9539,male,75,senior,CN,2026-05-07T09:42:44.651142Z
019e01d1-74ac-0000-0000-9d13dc8b55f3,nora peters 9540,male,54,adult,US,2026-05-07T09:42:44.652661Z
019e01d1-74ae-0000-0000-78413bfc7b89,kunle williams 9541,male,73,senior,SN,2026-05-07T09:42:44.654098Z
019e01d1-74af-0000-0000-ea1ceed0f1d7,queen mensah 9542,male,21,adult,ET,2026-05-07T09:42:44.655814Z
019e01d1-74b1-0000-0000-f33b5fa2cbd9,patience bakare 9543,male,34,adult,NG,2026-05-07T09:42:44.657241Z
019e01d1-74b2-0000-0000-48e5c218c67c,kehinde ibrahim 9544,male,18,teenager,FR,2026-05-07T09:42:44.658695Z
019e01d1-74b4-0000-0000-07d186a8d434,irene mba 9545,male,80,senior,UG,2026-05-07T09:42:44.660370Z
019e01d1-74b8-0000-0000-fe1cba0caa93,helen ibrahim 9548,male,5,child,BR,2026-05-07T09:42:44.664621Z
019e01d1-74bb-0000-0000-9ee2b5baf3d9,nkem adekunle 9550,male,50,adult,CN,2026-05-07T09:42:44.667669Z
019e01d1-74bd-0000-0000-c9c1f9f991fc,seun fashola 9551,male,14,teenager,CA,2026-05-07T09:42:44.669119Z
019e01d1-74be-0000-0000-a02d7add11a1,babatunde adekunle 9552,male,81,senior,BR,2026-05-07T09:42:44.670676Z
019e01d1-74c0-0000-0000-e4c1b1662d3a,jide raji 9553,male,79,senior,EG,2026-05-07T09:42:44.672045Z
019e01d1-74c1-0000-0000-dcd6d8d786aa,queen idowu 9554,male,63,senior,SN,2026-05-07T09:42:44.673534Z
019e01d1-74c2-0000-0000-cb01ca8bac70,patience musa 9555,male,45,adult,CA,2026-05-07T09:42:44.674879Z
019e01d1-74c8-0000-0000-45bfce5e4b1c,helen osei 9559,male,23,adult,CI,2026-05-07T09:42:44.680656Z
019e01d1-74cc-0000-0000-b240ac820268,nkem diallo 9562,male,19,teenager,ET,2026-05-07T09:42:44.685009Z
019e01d1-74ce-0000-0000-e5ff5a76b119,william dada 9563,male,85,senior,BR,2026-05-07T09:42:44.686550Z
019e01d1-74d0-0000-0000-e7692c1cef1c,tunde adekunle 9564,male,33,adult,CI,2026-05-07T09:42:44.688207Z
019e01d1-74d1-0000-0000-a009af0074f4,nkem ibrahim 9565,male,6,child,BR,2026-05-07T09:42:44.689961Z
019e01d1-74d5-0000-0000-a0267b4834f2,james ibrahim 9567,male,54,adult,US,2026-05-07T09:42:44.693964Z
019e01d1-74e1-0000-0000-fb034496dacd,tunde ganiyu 9570,male,41,adult,DE,2026-05-07T09:42:44.705298Z
019e01d1-74e3-0000-0000-dfe142888537,nora mensah 9571,male,73,senior,JP,2026-05-07T09:42:44.707473Z
019e01d1-74e6-0000-0000-cc90f2970848,xerxes fashola 9573,male,85,senior,NG,2026-05-07T09:42:44.710867Z
019e01d1-74e8-0000-0000-7e4cca3c2e7f,richard salami 9574,male,33,adult,GH,2026-05-07T09:42:44.712749Z
019e01d1-74ee-0000-0000-c46c3351e4c6,rasheed mba 9578,male,66,senior,US,2026-05-07T09:42:44.718500Z
019e01d1-74f1-0000-0000-66260fe7fdec,grace hassan 9580,male,13,teenager,ET,2026-05-07T09:42:44.721400Z
019e01d1-74f7-0000-0000-aaf8b79f114a,pita adesanya 9584,male,73,senior,AU,2026-05-07T09:42:44.727612Z
019e01d1-74fa-0000-0000-31fa8f9a1070,henry williams 9586,male,12,child,TZ,2026-05-07T09:42:44.731001Z
019e01d1-74ff-0000-0000-d685a3c04e61,obiora yusuf 9589,male,47,adult,US,2026-05-07T09:42:44.735443Z
019e01d1-7500-0000-0000-b2f17cb7fe99,xola johnson 9590,male,15,teenager,US,2026-05-07T09:42:44.736940Z
019e01d1-7502-0000-0000-6570d846a01a,bolu ganiyu 9591,male,68,senior,ET,2026-05-07T09:42:44.738379Z
019e01d1-7505-0000-0000-25d5aa259322,efosa mba 9593,male,72,senior,UG,2026-05-07T09:42:44.741392Z
019e01d1-7507-0000-0000-41f1a999be30,qudus mba 9594,male,14,teenager,AU,2026-05-07T09:42:44.743053Z
019e01d1-750b-0000-0000-2cb72486b12b,grace dada 9597,male,51,adult,AU,2026-05-07T09:42:44.747305Z
019e01d1-7510-0000-0000-aa97a1e63a02,wale nwosu 9600,male,82,senior,US,2026-05-07T09:42:44.752111Z
019e01d1-7511-0000-0000-9ba33ad5e7f5,xola traore 9601,male,71,senior,TZ,2026-05-07T09:42:44.753563Z
019e01d1-7516-0000-0000-9a25daf382f5,usman mensah 9604,male,18,teenager,NG,2026-05-07T09:42:44.758025Z
019e01d1-7518-0000-0000-62972ae4fbf9,esther adesanya 9606,male,73,senior,TZ,2026-05-07T09:42:44.760907Z
019e01d1-7523-0000-0000-6100c5d90102,emeka idowu 9613,male,6,child,NG,2026-05-07T09:42:44.771711Z
019e01d1-7525-0000-0000-d264963d67a3,blessing fashola 9614,male,74,senior,UG,2026-05-07T09:42:44.773146Z
019e01d1-7529-0000-0000-b331ea5f333c,cynthia musa 9617,male,5,child,DE,2026-05-07T09:42:44.777614Z
019e01d1-752f-0000-0000-fe593c977f40,chiamaka osei 9621,male,21,adult,GB,2026-05-07T09:42:44.783125Z
019e01d1-7534-0000-0000-fa3797752cbc,wunmi peters 9624,male,77,senior,EG,2026-05-07T09:42:44.788066Z
019e01d1-7535-0000-0000-f6435206c096,obiora dada 9625,male,5,child,CN,2026-05-07T09:42:44.789538Z
019e01d1-7537-0000-0000-893319909ad2,ola mensah 9626,male,35,adult,EG,2026-05-07T09:42:44.791035Z
019e01d1-7538-0000-0000-2c2e31ffb84e,chidi eze 9627,male,1,child,DE,2026-05-07T09:42:44.792454Z
019e01d1-753c-0000-0000-e8705f834a84,babatunde kalu 9630,male,48,adult,UG,2026-05-07T09:42:44.796578Z
019e01d1-753f-0000-0000-120618afa8b0,usman idowu 9632,male,77,senior,AU,2026-05-07T09:42:44.799363Z
019e01d1-7543-0000-0000-9b9e6a90021e,timothy okonkwo 9635,male,24,adult,CA,2026-05-07T09:42:44.803764Z
019e01d1-7546-0000-0000-18dd113ddde9,susan nwosu 9637,male,38,adult,FR,2026-05-07T09:42:44.806675Z
019e01d1-7548-0000-0000-bcb20d4875ec,obiora johnson 9638,male,80,senior,CA,2026-05-07T09:42:44.808090Z
019e01d1-7549-0000-0000-f53b6f8ac231,dimma fashola 9639,male,8,child,BR,2026-05-07T09:42:44.809518Z
019e01d1-754a-0000-0000-cee3b1d92614,lydia hassan 9640,male,18,teenager,KE,2026-05-07T09:42:44.811005Z
019e01d1-754d-0000-0000-91859f5a3242,kehinde nwosu 9642,male,76,senior,TZ,2026-05-07T09:42:44.813783Z
019e01d1-7550-0000-0000-7341db1baaa3,sola ogundele 9644,male,9,child,GB,2026-05-07T09:42:44.816589Z
019e01d1-7557-0000-0000-e25064bd4cc2,felix yakubu 9649,male,11,child,CN,2026-05-07T09:42:44.823895Z
019e01d1-7559-0000-0000-544c0388084d,udoka osei 9650,male,47,adult,CI,2026-05-07T09:42:44.825244Z
019e01d1-755a-0000-0000-79ecb9845b63,bolu chukwu 9651,male,47,adult,ZA,2026-05-07T09:42:44.826903Z
019e01d1-755c-0000-0000-d0141bfdf86a,kemi ogundele 9652,male,20,adult,GH,2026-05-07T09:42:44.828330Z
019e01d1-755d-0000-0000-74d5ab6ad63d,henry traore 9653,male,22,adult,CN,2026-05-07T09:42:44.829814Z
019e01d1-755f-0000-0000-1701bebb398a,adaeze dada 9654,male,74,senior,ZA,2026-05-07T09:42:44.831553Z
019e01d1-7561-0000-0000-6def5bc0efa3,adaeze ganiyu 9655,male,30,adult,FR,2026-05-07T09:42:44.833052Z
019e01d1-7563-0000-0000-e6f7c6d8fa9a,toyin eze 9657,male,4,child,BR,2026-05-07T09:42:44.835819Z
019e01d1-7566-0000-0000-294b68120512,sola adesanya 9659,male,3,child,GH,2026-05-07T09:42:44.838799Z
019e01d1-756a-0000-0000-6d758e46b692,mercy ganiyu 9661,male,36,adult,JP,2026-05-07T09:42:44.842175Z
019e01d1-756b-0000-0000-783615f1b9b4,mercy nwosu 9662,male,39,adult,EG,2026-05-07T09:42:44.843576Z
019e01d1-756d-0000-0000-74cb2dbc6ec3,xerxes chukwu 9663,male,57,adult,JP,2026-05-07T09:42:44.845412Z
019e01d1-7571-0000-0000-a93bd4550ab6,yvonne traore 9666,male,50,adult,CN,2026-05-07T09:42:44.849856Z
019e01d1-7578-0000-0000-edab2cdb083e,onome hassan 9670,male,4,child,ET,2026-05-07T09:42:44.856346Z
019e01d1-757b-0000-0000-61542dde7945,patience mba 9672,male,25,adult,DE,2026-05-07T09:42:44.859323Z
019e01d1-757f-0000-0000-35fa7719d43d,emeka osei 9675,male,12,child,FR,2026-05-07T09:42:44.863594Z
019e01d1-7581-0000-0000-cc166b3ce4a1,jumoke raji 9676,male,53,adult,GB,2026-05-07T09:42:44.865248Z
019e01d1-7585-0000-0000-91af4d74dc3b,susan dada 9679,male,78,senior,CA,2026-05-07T09:42:44.870004Z
019e01d1-7587-0000-0000-d1acca66246d,yvonne bakare 9680,male,20,adult,DE,2026-05-07T09:42:44.871577Z
019e01d1-7588-0000-0000-d087bedb96d9,lawal johnson 9681,male,38,adult,CI,2026-05-07T09:42:44.873000Z
019e01d1-758b-0000-0000-d10774dd5f33,queen ibrahim 9683,male,15,teenager,KE,2026-05-07T09:42:44.876028Z
019e01d1-7590-0000-0000-48583c433908,obiora yakubu 9686,male,8,child,GB,2026-05-07T09:42:44.880804Z
019e01d1-7592-0000-0000-26ff0d17308d,henry eze 9687,male,18,teenager,JP,2026-05-07T09:42:44.882222Z
019e01d1-7595-0000-0000-f93470414fc0,susan bakare 9689,male,30,adult,NG,2026-05-07T09:42:44.885574Z
019e01d1-7597-0000-0000-e4a123956bdf,nkem fashola 9690,male,33,adult,ET,2026-05-07T09:42:44.887276Z
019e01d1-7598-0000-0000-865c0ed4c9e0,remi vincent 9691,male,12,child,SN,2026-05-07T09:42:44.888919Z
019e01d1-759b-0000-0000-1a48f74a4cef,henry raji 9693,male,43,adult,AU,2026-05-07T09:42:44.891761Z
019e01d1-75a5-0000-0000-f0b9f73641bb,yusuf dada 9699,male,18,teenager,IN,2026-05-07T09:42:44.901639Z
019e01d1-75a7-0000-0000-05141ac0b913,lydia raji 9700,male,22,adult,JP,2026-05-07T09:42:44.903067Z
019e01d1-75a8-0000-0000-8516c3c60cd6,richard salami 9701,male,2,child,FR,2026-05-07T09:42:44.904771Z
019e01d1-75b1-0000-0000-7347ab33c837,bolu fashola 9706,male,77,senior,CN,2026-05-07T09:42:44.913843Z
019e01d1-75b4-0000-0000-539d9a607e70,toyin mensah 9708,male,45,adult,GH,2026-05-07T09:42:44.916671Z
019e01d1-75b8-0000-0000-943ac949f9a1,funmi ibrahim 9710,male,39,adult,ZA,2026-05-07T09:42:44.920121Z
019e01d1-75b9-0000-0000-d2b654d62d4e,dayo usman 9711,male,48,adult,ET,2026-05-07T09:42:44.921554Z
019e01d1-75bc-0000-0000-c9e56cbe51a3,hauwa osei 9713,male,42,adult,EG,2026-05-07T09:42:44.924582Z
019e01d1-75c1-0000-0000-0ccd6b06d189,voke diallo 9716,male,81,senior,IN,2026-05-07T09:42:44.929301Z
019e01d1-75c2-0000-0000-fdd9fbc61b56,onome yusuf 9717,male,11,child,ZA,2026-05-07T09:42:44.930874Z
019e01d1-75c8-0000-0000-dc29172b684d,bolu okonkwo 9721,male,39,adult,EG,2026-05-07T09:42:44.936987Z
019e01d1-75cf-0000-0000-89d735c78431,tunde kamara 9725,male,49,adult,CA,2026-05-07T09:42:44.943568Z
019e01d1-75d3-0000-0000-93458c839bf1,voke ganiyu 9727,male,44,adult,KE,2026-05-07T09:42:44.947285Z
019e01d1-75d6-0000-0000-d8db63ddfdcb,gbenga diallo 9729,male,70,senior,IN,2026-05-07T09:42:44.950703Z
019e01d1-75d8-0000-0000-3ab61bbfb703,udoka taiwo 9730,male,3,child,IN,2026-05-07T09:42:44.952658Z
019e01d1-75dc-0000-0000-3dd64fd71f51,onome williams 9732,male,35,adult,GB,2026-05-07T09:42:44.956316Z
019e01d1-75de-0000-0000-1084ea4c89b5,yvonne chukwu 9733,male,9,child,ET,2026-05-07T09:42:44.958527Z
019e01d1-75e0-0000-0000-cb1c3e4e001b,irene kamara 9734,male,56,adult,UG,2026-05-07T09:42:44.960094Z
019e01d1-75e4-0000-0000-12f9ebc46789,adaeze vincent 9737,male,27,adult,AU,2026-05-07T09:42:44.964869Z
019e01d1-75e6-0000-0000-310d7593d77f,usman eze 9738,male,43,adult,ET,2026-05-07T09:42:44.966736Z
019e01d1-75e9-0000-0000-30abedd3307e,efosa peters 9740,male,21,adult,UG,2026-05-07T09:42:44.969922Z
019e01d1-75eb-0000-0000-15d29ea3dfe1,toyin kalu 9741,male,71,senior,BR,2026-05-07T09:42:44.971697Z
019e01d1-75ef-0000-0000-a0fe722d7bfa,dimma okonkwo 9743,male,1,child,GH,2026-05-07T09:42:44.975175Z
019e01d1-75f1-0000-0000-19206b650cd3,moses adekunle 9744,male,45,adult,AU,2026-05-07T09:42:44.977190Z
019e01d1-75f6-0000-0000-008832848a0a,lydia taiwo 9746,male,67,senior,JP,2026-05-07T09:42:44.982280Z
019e01d1-75fc-0000-0000-4f46aead55cd,seun okonkwo 9750,male,38,adult,AU,2026-05-07T09:42:44.989012Z
019e01d1-75fe-0000-0000-c854709c45f3,kehinde adekunle 9751,male,6,child,SN,2026-05-07T09:42:44.990550Z
019e01d1-7604-0000-0000-e9bb73bcee09,seun adekunle 9754,male,59,adult,DE,2026-05-07T09:42:44.996024Z
019e01d1-7605-0000-0000-4c686bbd3b46,irene bakare 9755,male,58,adult,IN,2026-05-07T09:42:44.997787Z
019e01d1-760c-0000-0000-f332065c4582,irene williams 9759,male,64,senior,IN,2026-05-07T09:42:45.004928Z
019e01d1-760f-0000-0000-be7efa440e1e,susan raji 9760,male,3,child,CA,2026-05-07T09:42:45.007122Z
019e01d1-7613-0000-0000-ec5db0c62531,funmi hassan 9763,male,83,senior,ET,2026-05-07T09:42:45.011717Z
019e01d1-7616-0000-0000-d1831dd0faf4,lydia vincent 9765,male,82,senior,FR,2026-05-07T09:42:45.014737Z
019e01d1-7619-0000-0000-4b6865acd8a0,vivian adesanya 9767,male,64,senior,ET,2026-05-07T09:42:45.017956Z
019e01d1-761b-0000-0000-75d636d8d894,felix bakare 9768,male,66,senior,FR,2026-05-07T09:42:45.019446Z
019e01d1-761e-0000-0000-4d65fcc5662c,yvonne taiwo 9770,male,33,adult,EG,2026-05-07T09:42:45.022350Z
019e01d1-761f-0000-0000-e66f32f3e477,nkem idowu 9771,male,72,senior,EG,2026-05-07T09:42:45.023957Z
019e01d1-7622-0000-0000-8d1a75f1fc39,precious yusuf 9773,male,26,adult,FR,2026-05-07T09:42:45.026786Z
019e01d1-7625-0000-0000-223f397d2192,wale nwosu 9775,male,53,adult,JP,2026-05-07T09:42:45.029689Z
019e01d1-762c-0000-0000-617d32bf041d,obiora ogundele 9779,male,6,child,AU,2026-05-07T09:42:45.036226Z
019e01d1-762f-0000-0000-c53c81c91299,tunde kamara 9781,male,46,adult,AU,2026-05-07T09:42:45.039248Z
019e01d1-7630-0000-0000-c8bb82304327,lawal musa 9782,male,21,adult,EG,2026-05-07T09:42:45.040801Z
019e01d1-7633-0000-0000-19b4e14801db,qudus williams 9784,male,32,adult,GH,2026-05-07T09:42:45.043942Z
019e01d1-7635-0000-0000-96eafcaaf0b0,ahmed kalu 9785,male,63,senior,GB,2026-05-07T09:42:45.045725Z
019e01d1-7639-0000-0000-4a4841dc8497,emeka xavier 9787,male,85,senior,US,2026-05-07T09:42:45.049143Z
019e01d1-763a-0000-0000-c3490dd4b2bb,nkem peters 9788,male,31,adult,DE,2026-05-07T09:42:45.050715Z
019e01d1-763c-0000-0000-f1855a928c9d,ngozi kalu 9789,male,13,teenager,EG,2026-05-07T09:42:45.052294Z
019e01d1-7640-0000-0000-9092282da831,helen yakubu 9792,male,65,senior,AU,2026-05-07T09:42:45.056903Z
019e01d1-7645-0000-0000-d9f87a85570d,emeka ganiyu 9795,male,69,senior,FR,2026-05-07T09:42:45.061407Z
019e01d1-7646-0000-0000-ee0d1ce1f4db,chiamaka peters 9796,male,81,senior,TZ,2026-05-07T09:42:45.062819Z
019e01d1-7648-0000-0000-f9989e93dc4d,ximena yakubu 9797,male,49,adult,FR,2026-05-07T09:42:45.064278Z
019e01d1-764c-0000-0000-e6824d3462d8,lola yakubu 9800,male,62,senior,US,2026-05-07T09:42:45.068942Z
019e01d1-7650-0000-0000-6cee705f7320,kunle traore 9802,male,49,adult,CN,2026-05-07T09:42:45.072157Z
019e01d1-7653-0000-0000-ed62b3177970,ngozi fashola 9804,male,51,adult,JP,2026-05-07T09:42:45.075260Z
019e01d1-7654-0000-0000-5e41eba6a1bb,chidi xavier 9805,male,67,senior,CN,2026-05-07T09:42:45.076618Z
019e01d1-7655-0000-0000-6591fc1e4680,gbenga taiwo 9806,male,24,adult,CN,2026-05-07T09:42:45.077972Z
019e01d1-765d-0000-0000-fbf0d65496f1,ola diallo 9811,male,74,senior,KE,2026-05-07T09:42:45.085081Z
019e01d1-765e-0000-0000-e633a5136e9d,onome dada 9812,male,46,adult,AU,2026-05-07T09:42:45.086609Z
019e01d1-7661-0000-0000-7a082110ed31,sola ogundele 9814,male,50,adult,JP,2026-05-07T09:42:45.089486Z
019e01d1-7664-0000-0000-c9d6a6654579,ola chukwu 9816,male,4,child,NG,2026-05-07T09:42:45.092531Z
019e01d1-7667-0000-0000-0edf8b996c96,udoka johnson 9818,male,85,senior,SN,2026-05-07T09:42:45.095543Z
019e01d1-7668-0000-0000-425b37d256fa,nkem idowu 9819,male,41,adult,GH,2026-05-07T09:42:45.097008Z
019e01d1-766a-0000-0000-7e745e9db410,remi johnson 9820,male,53,adult,IN,2026-05-07T09:42:45.098455Z
019e01d1-7672-0000-0000-4ce31b61797e,ximena nwosu 9825,male,41,adult,GB,2026-05-07T09:42:45.106474Z
019e01d1-7679-0000-0000-e3b0cea47d63,ngozi peters 9829,male,61,senior,CN,2026-05-07T09:42:45.113068Z
019e01d1-767d-0000-0000-9ef3541a1fbf,henry musa 9832,male,15,teenager,CI,2026-05-07T09:42:45.117612Z
019e01d1-7683-0000-0000-ced7d09acfd8,wunmi dada 9836,male,66,senior,US,2026-05-07T09:42:45.123834Z
019e01d1-7685-0000-0000-44b74d216495,qudus ibrahim 9837,male,51,adult,CI,2026-05-07T09:42:45.125333Z
019e01d1-7687-0000-0000-8059253aac3d,pita salami 9838,male,3,child,GB,2026-05-07T09:42:45.127144Z
019e01d1-768e-0000-0000-009d8863b97c,richard vincent 9839,male,33,adult,FR,2026-05-07T09:42:45.134208Z
019e01d1-7696-0000-0000-379db04221fc,funmi eze 9843,male,47,adult,UG,2026-05-07T09:42:45.142809Z
019e01d1-769c-0000-0000-9b49282ffec8,yemi williams 9846,male,73,senior,IN,2026-05-07T09:42:45.148361Z
019e01d1-769d-0000-0000-215a7e052d66,cynthia kamara 9847,male,46,adult,SN,2026-05-07T09:42:45.149984Z
019e01d1-769f-0000-0000-c9a950366131,babatunde salami 9848,male,6,child,EG,2026-05-07T09:42:45.151571Z
019e01d1-76a4-0000-0000-e7c7c8949dcb,felix musa 9851,male,68,senior,GB,2026-05-07T09:42:45.156095Z
019e01d1-76ae-0000-0000-c1f5db836eba,queen osei 9857,male,50,adult,AU,2026-05-07T09:42:45.166272Z
019e01d1-76af-0000-0000-b501ca76fb42,ifeoma peters 9858,male,6,child,EG,2026-05-07T09:42:45.167846Z
019e01d1-76b1-0000-0000-e3636a162824,dimma ogundele 9859,male,79,senior,GB,2026-05-07T09:42:45.169334Z
019e01d1-76b2-0000-0000-e15adafab29e,godwin taiwo 9860,male,51,adult,CN,2026-05-07T09:42:45.170842Z
019e01d1-76b7-0000-0000-35fa0b639803,kunle quadri 9863,male,64,senior,GB,2026-05-07T09:42:45.175701Z
019e01d1-76b9-0000-0000-a8a75dde6360,zainab mensah 9864,male,72,senior,CN,2026-05-07T09:42:45.177337Z
019e01d1-76bc-0000-0000-a0075d325f36,obiora okonkwo 9866,male,63,senior,TZ,2026-05-07T09:42:45.180113Z
019e01d1-76bd-0000-0000-d8066025757b,gbenga williams 9867,male,74,senior,JP,2026-05-07T09:42:45.181442Z
019e01d1-76be-0000-0000-71c844a0c647,cynthia musa 9868,male,60,senior,AU,2026-05-07T09:42:45.182776Z
019e01d1-76c1-0000-0000-45c2bc5e703a,jumoke diallo 9870,male,55,adult,CI,2026-05-07T09:42:45.185569Z
019e01d1-76c3-0000-0000-686492ef4ab7,grace ogundele 9871,male,62,senior,CI,2026-05-07T09:42:45.187223Z
019e01d1-76c7-0000-0000-e20a4f147b2d,david dada 9874,male,38,adult,ZA,2026-05-07T09:42:45.191813Z
019e01d1-76c9-0000-0000-261dc5d210de,james vincent 9875,male,75,senior,SN,2026-05-07T09:42:45.193185Z
019e01d1-76ca-0000-0000-6fcb336bd3ee,bolu dada 9876,male,82,senior,JP,2026-05-07T09:42:45.194583Z
019e01d1-76cb-0000-0000-9edac674263a,hauwa quadri 9877,male,23,adult,US,2026-05-07T09:42:45.196023Z
019e01d1-76d3-0000-0000-0f18962186a8,susan quadri 9882,male,68,senior,SN,2026-05-07T09:42:45.203611Z
019e01d1-76d6-0000-0000-0a8a02ec52a6,gbenga kalu 9884,male,77,senior,UG,2026-05-07T09:42:45.206609Z
019e01d1-76d8-0000-0000-6fb27788ea6e,cynthia eze 9885,male,46,adult,EG,2026-05-07T09:42:45.208080Z
019e01d1-76df-0000-0000-0c9c6ed0c6c6,jide salami 9889,male,28,adult,IN,2026-05-07T09:42:45.215594Z
019e01d1-76e5-0000-0000-d8dcdfb63b70,blessing musa 9893,male,69,senior,TZ,2026-05-07T09:42:45.221655Z
019e01d1-76f0-0000-0000-8578df2f48cb,voke quadri 9900,male,8,child,GB,2026-05-07T09:42:45.232989Z
019e01d1-76ff-0000-0000-ae49114e587a,ngozi adesanya 9908,male,68,senior,TZ,2026-05-07T09:42:45.248018Z
019e01d1-7701-0000-0000-ba500473941b,folake adesanya 9909,male,2,child,CI,2026-05-07T09:42:45.249863Z
019e01d1-7706-0000-0000-64989fd79695,emeka hassan 9912,male,20,adult,US,2026-05-07T09:42:45.254625Z
019e01d1-7708-0000-0000-d243cb78f208,uche chukwu 9913,male,8,child,AU,2026-05-07T09:42:45.256301Z
019e01d1-7711-0000-0000-f47f6500814f,qudus eze 9915,male,53,adult,JP,2026-05-07T09:42:45.265148Z
019e01d1-7715-0000-0000-c665a5e59632,david nwosu 9917,male,24,adult,SN,2026-05-07T09:42:45.269557Z
019e01d1-7717-0000-0000-abc733de4f9e,uche ogundele 9918,male,39,adult,KE,2026-05-07T09:42:45.271680Z
019e01d1-7719-0000-0000-22e6135563dd,wunmi diallo 9919,male,58,adult,ZA,2026-05-07T09:42:45.273836Z
019e01d1-771d-0000-0000-60e1f5ae1e44,nora raji 9921,male,47,adult,KE,2026-05-07T09:42:45.277087Z
019e01d1-7720-0000-0000-8dd4052a5a13,felix nwosu 9923,male,66,senior,GH,2026-05-07T09:42:45.280108Z
019e01d1-7721-0000-0000-80a1c15dcce3,jide johnson 9924,male,28,adult,JP,2026-05-07T09:42:45.281534Z
019e01d1-7722-0000-0000-68b65f652d3f,mercy adekunle 9925,male,33,adult,IN,2026-05-07T09:42:45.282932Z
019e01d1-7726-0000-0000-805ced216a26,nora musa 9927,male,29,adult,FR,2026-05-07T09:42:45.286331Z
019e01d1-7728-0000-0000-ed3859933b8a,voke hassan 9928,male,60,senior,IN,2026-05-07T09:42:45.288259Z
019e01d1-7729-0000-0000-53dc425caba6,jumoke dada 9929,male,39,adult,ET,2026-05-07T09:42:45.289725Z
019e01d1-772b-0000-0000-aa365af9b6d2,blessing dada 9930,male,20,adult,CI,2026-05-07T09:42:45.291631Z
019e01d1-772e-0000-0000-5392ed4fb712,blessing diallo 9932,male,27,adult,UG,2026-05-07T09:42:45.294597Z
019e01d1-7730-0000-0000-2b232832b8f3,irene peters 9933,male,37,adult,CA,2026-05-07T09:42:45.296050Z
019e01d1-7732-0000-0000-f11e177d22bc,ikenna raji 9935,male,84,senior,KE,2026-05-07T09:42:45.298817Z
019e01d1-7734-0000-0000-b7e02878b704,cynthia kalu 9936,male,8,child,ET,2026-05-07T09:42:45.300307Z
019e01d1-7735-0000-0000-222d1559e07d,mercy vincent 9937,male,75,senior,CA,2026-05-07T09:42:45.301758Z
019e01d1-7743-0000-0000-4bbd8276d9ef,felix adesanya 9941,male,60,senior,US,2026-05-07T09:42:45.315070Z
019e01d1-7744-0000-0000-fdf5619df49a,precious yusuf 9942,male,28,adult,KE,2026-05-07T09:42:45.316890Z
019e01d1-7749-0000-0000-af0040772aa4,voke kamara 9945,male,36,adult,IN,2026-05-07T09:42:45.321592Z
019e01d1-774c-0000-0000-d5542faf6c37,william bakare 9947,male,8,child,ZA,2026-05-07T09:42:45.324460Z
019e01d1-7751-0000-0000-13c3bedb6466,grace traore 9950,male,4,child,KE,2026-05-07T09:42:45.329692Z
019e01d1-7754-0000-0000-8cf90aa6f258,timothy xavier 9952,male,31,adult,UG,2026-05-07T09:42:45.332869Z
019e01d1-7757-0000-0000-82650488ab59,queen kalu 9954,male,21,adult,DE,2026-05-07T09:42:45.335922Z
019e01d1-775a-0000-0000-d4d760c32f28,lydia nwosu 9956,male,67,senior,KE,2026-05-07T09:42:45.339018Z
019e01d1-775e-0000-0000-06ac6df84474,vivian mba 9958,male,74,senior,TZ,2026-05-07T09:42:45.342488Z
019e01d1-7761-0000-0000-3a0a4845f62d,william traore 9960,male,7,child,IN,2026-05-07T09:42:45.345735Z
019e01d1-776c-0000-0000-341fbb0a41d4,qudus taiwo 9967,male,10,child,CN,2026-05-07T09:42:45.356049Z
019e01d1-776f-0000-0000-5f86bce5b602,chiamaka salami 9969,male,19,teenager,UG,2026-05-07T09:42:45.359182Z
019e01d1-7773-0000-0000-8534b9b95ab5,yvonne kamara 9972,male,15,teenager,AU,2026-05-07T09:42:45.363683Z
019e01d1-7774-0000-0000-e39695b417fc,adaeze traore 9973,male,31,adult,UG,2026-05-07T09:42:45.364996Z
019e01d1-777c-0000-0000-e3edbdcc6077,victor diallo 9978,male,34,adult,CN,2026-05-07T09:42:45.372195Z
019e01d1-7781-0000-0000-4ea3240f9095,timothy musa 9982,male,64,senior,GB,2026-05-07T09:42:45.377800Z
019e01d1-7783-0000-0000-0464186002b2,ahmed xavier 9983,male,47,adult,CN,2026-05-07T09:42:45.379198Z
019e01d1-7784-0000-0000-63328c0663d8,obiora williams 9984,male,25,adult,FR,2026-05-07T09:42:45.380753Z
019e01d1-7786-0000-0000-3fee1a3d8ae8,seun salami 9985,male,66,senior,ET,2026-05-07T09:42:45.382187Z
019e01d1-7788-0000-0000-f7e9545c3224,zainab adekunle 9987,male,44,adult,BR,2026-05-07T09:42:45.384816Z
019e01d1-778e-0000-0000-cfc616fa57f6,kehinde musa 9991,male,18,teenager,GB,2026-05-07T09:42:45.390754Z
019e01d1-7795-0000-0000-92adbd726b6f,precious adekunle 9996,male,20,adult,BR,2026-05-07T09:42:45.397267Z
